BUSINESS_DATE,SECURITY_NAME,SYMBOL,AVERAGE_TRADED_PRICE
2023-07-16,10 % NMB DEBENTURE 2085,NMBD2085,1001.0
2023-07-13,10 % NMB DEBENTURE 2085,NMBD2085,952.18
2023-07-16,10% Laxmi Bank Debenture 2086,LBLD86,972.7
2023-07-13,10% Laxmi Bank Debenture 2086,LBLD86,953.7
2023-07-16,10% Nabil Debenture 2082,NBLD82,1010.0
2023-07-13,10% Nabil Debenture 2082,NBLD82,990.4
2023-07-13,10% Nepal SBI Bank Debenture 2086,SBIBD86,965.8
2023-07-16,10% Prabhu Bank Debenture 2084 ,PBLD84,1090.8
2023-07-13,10% Prabhu Bank Debenture 2084 ,PBLD84,1051.02
2023-07-17,10% Prime Debenture 2088,PBD88,901.2
2023-07-16,10% Prime Debenture 2088,PBD88,961.55
2023-07-13,10% Prime Debenture 2088,PBD88,949.07
2023-07-16,10% Sanima Bank Limited Debenture,SAND2085,1130.8
2023-07-13,10% Sunrise Debenture 2080,SRD80,1020.0
2023-07-13,10.25% GLOBAL IME BANK LTD. DEBENTURE 2080/81,GBD80/81,1051.33
2023-07-17,10.25% KBL Debenture 2086,KBLD86,1073.6
2023-07-16,10.25% Machhapuchhre Bank Debenture 2085,MBLD2085,1050.14
2023-07-16,10.25% NBBL Debenture 2085,NBBD2085,1199.46
2023-07-13,10.25% NBBL Debenture 2085,NBBD2085,1158.7
2023-07-16,10.25% NIC Asia Debenture 2083/84,NICD83/84,1097.5
2023-07-13,10.25% NIC Asia Debenture 2083/84,NICD83/84,1090.0
2023-07-16,10.25% Nepal SBI Bank Debenture 2083,SBID83,1000.0
2023-07-16,10.25% Prabhu Bank  Debenture 2086,PBLD86,960.0
2023-07-13,10.25% SBL Debenture 2083,SBLD83,1058.47
2023-07-13,10.25% Sunrise Bank Debenture 2083,SRBLD83,1070.0
2023-07-16,10.35% Agricultural Bank Debenture 2083,ADBLD83,1084.85
2023-07-13,10.35% Agricultural Bank Debenture 2083,ADBLD83,1074.0
2023-07-16,10.5 % NEPAL INVESTMENT DEBENTURE 2082,NIBD2082,1028.47
2023-07-13,10.5 % NEPAL INVESTMENT DEBENTURE 2082,NIBD2082,1027.8
2023-07-16,10.50% SBL Debenture 2082,SBLD2082,1024.13
2023-07-13,10.50% SBL Debenture 2082,SBLD2082,1019.2
2023-07-16,11% NIC Asia Debenture 082/83,NICAD8283,1121.29
2023-07-13,11% NIC Asia Debenture 082/83,NICAD8283,1095.42
2023-07-16,12 % Goodwill Finance Limited Debenture 2083,GWFD83,1122.37
2023-07-13,12 % Goodwill Finance Limited Debenture 2083,GWFD83,1104.53
2023-07-16,12% ICFC Finance Limited Debenture 2083,ICFCD83,1134.8
2023-07-13,12% ICFC Finance Limited Debenture 2083,ICFCD83,1140.91
2023-07-17,8.5% BOK Debenture 2086,BOKD86,819.18
2023-07-16,8.5% BOK Debenture 2086,BOKD86,851.05
2023-07-16,8.5% Laxmi Bank Debenture 2088,LBLD88,818.0
2023-07-13,8.5% Nepal Bank Debenture 2087,NBLD87,842.66
2023-07-17,8.5% Nepal Investment Bank Debenture 2084,NIBD84,841.25
2023-07-16,8.5% Nepal Investment Bank Debenture 2084,NIBD84,865.0
2023-07-13,8.5% Nepal Investment Bank Debenture 2084,NIBD84,845.53
2023-07-16,8.5% Prabhu Bank Debenture 2087,PBLD87,809.7
2023-07-13,8.5% Prabhu Bank Debenture 2087,PBLD87,793.9
2023-07-17,8.5% SBL Debenture 2084,SBLD84,862.4
2023-07-16,8.5% Sanima Debenture 2087,SBD87,857.9
2023-07-13,8.5% Sanima Debenture 2087,SBD87,845.0
2023-07-16,9.5% Manjushree Finance Limited Debenture 2085,MFLD85,979.37
2023-07-13,9.5% Manjushree Finance Limited Debenture 2085,MFLD85,985.45
2023-07-17,Aarambha Chautari Laghubitta Bittiya Sanstha Limited,ACLBSL,664.19
2023-07-16,Aarambha Chautari Laghubitta Bittiya Sanstha Limited,ACLBSL,642.48
2023-07-13,Aarambha Chautari Laghubitta Bittiya Sanstha Limited,ACLBSL,664.13
2023-07-17,Aatmanirbhar Laghubitta Bittiya Sanstha Limited,ANLB,2392.07
2023-07-16,Aatmanirbhar Laghubitta Bittiya Sanstha Limited,ANLB,2359.08
2023-07-13,Aatmanirbhar Laghubitta Bittiya Sanstha Limited,ANLB,2373.99
2023-07-17,Agricultural Development Bank Limited,ADBL,238.13
2023-07-16,Agricultural Development Bank Limited,ADBL,230.4
2023-07-13,Agricultural Development Bank Limited,ADBL,230.09
2023-07-17,Ankhu Khola Jalvidhyut Company Ltd,AKJCL,196.1
2023-07-16,Ankhu Khola Jalvidhyut Company Ltd,AKJCL,194.97
2023-07-13,Ankhu Khola Jalvidhyut Company Ltd,AKJCL,201.15
2023-07-17,Api Power Company Ltd.,API,200.49
2023-07-16,Api Power Company Ltd.,API,198.98
2023-07-13,Api Power Company Ltd.,API,203.45
2023-07-17,Arun Kabeli Power Ltd.,AKPL,231.39
2023-07-16,Arun Kabeli Power Ltd.,AKPL,232.78
2023-07-13,Arun Kabeli Power Ltd.,AKPL,242.17
2023-07-17,Arun Valley Hydropower Development Co. Ltd.,AHPC,258.44
2023-07-16,Arun Valley Hydropower Development Co. Ltd.,AHPC,254.62
2023-07-13,Arun Valley Hydropower Development Co. Ltd.,AHPC,265.08
2023-07-17,Asha Laghubitta Bittiya Sanstha Ltd,ALBSL,796.62
2023-07-16,Asha Laghubitta Bittiya Sanstha Ltd,ALBSL,779.02
2023-07-13,Asha Laghubitta Bittiya Sanstha Ltd,ALBSL,780.9
2023-07-17,Asian Hydropower Limited,AHL,337.96
2023-07-16,Asian Hydropower Limited,AHL,332.43
2023-07-13,Asian Hydropower Limited,AHL,344.04
2023-07-17,Asian Life Insurance Co. Limited,ALICL,760.82
2023-07-16,Asian Life Insurance Co. Limited,ALICL,754.54
2023-07-13,Asian Life Insurance Co. Limited,ALICL,755.57
2023-07-17,Aviyan Laghubitta Bittiya Sanstha Limited,AVYAN,717.46
2023-07-16,Aviyan Laghubitta Bittiya Sanstha Limited,AVYAN,695.54
2023-07-13,Aviyan Laghubitta Bittiya Sanstha Limited,AVYAN,718.57
2023-07-17,BPW Laghubitta Bittiya Sanstha Limited,BPW,1205.19
2023-07-16,BPW Laghubitta Bittiya Sanstha Limited,BPW,1122.5
2023-07-13,BPW Laghubitta Bittiya Sanstha Limited,BPW,1151.35
2023-07-17,Balephi Hydropower Limited,BHL,259.09
2023-07-16,Balephi Hydropower Limited,BHL,254.58
2023-07-13,Balephi Hydropower Limited,BHL,261.68
2023-07-17,Barahi Hydropower Public Limited,BHPL,455.52
2023-07-16,Barahi Hydropower Public Limited,BHPL,450.85
2023-07-13,Barahi Hydropower Public Limited,BHPL,455.61
2023-07-17,Barun Hydropower Co. Ltd.,BARUN,251.32
2023-07-16,Barun Hydropower Co. Ltd.,BARUN,248.15
2023-07-13,Barun Hydropower Co. Ltd.,BARUN,253.83
2023-07-17,Best Finance Company Ltd.,BFC,361.99
2023-07-16,Best Finance Company Ltd.,BFC,353.58
2023-07-13,Best Finance Company Ltd.,BFC,357.35
2023-07-17,Bhugol Energy Development Company Limited,BEDC,231.27
2023-07-16,Bhugol Energy Development Company Limited,BEDC,228.74
2023-07-13,Bhugol Energy Development Company Limited,BEDC,238.84
2023-07-17,Bindhyabasini Hydropower Development Company Limited,BHDC,382.76
2023-07-16,Bindhyabasini Hydropower Development Company Limited,BHDC,382.65
2023-07-13,Bindhyabasini Hydropower Development Company Limited,BHDC,378.85
2023-07-17,Bishal Bazar Company Limited,BBC,3451.7
2023-07-16,Bishal Bazar Company Limited,BBC,3415.77
2023-07-13,Bishal Bazar Company Limited,BBC,3426.39
2023-07-17,Bottlers Nepal (Terai) Limited,BNT,13915.0
2023-07-13,Bottlers Nepal (Terai) Limited,BNT,13824.8
2023-07-17,Buddha Bhumi Nepal Hydropower Company Limited,BNHC,333.53
2023-07-16,Buddha Bhumi Nepal Hydropower Company Limited,BNHC,329.15
2023-07-13,Buddha Bhumi Nepal Hydropower Company Limited,BNHC,330.75
2023-07-17,Butwal Power Company Limited,BPCL,331.03
2023-07-16,Butwal Power Company Limited,BPCL,326.84
2023-07-13,Butwal Power Company Limited,BPCL,330.87
2023-07-17,CEDB Hydropower Development Company Limited,CHDC,911.33
2023-07-16,CEDB Hydropower Development Company Limited,CHDC,901.02
2023-07-13,CEDB Hydropower Development Company Limited,CHDC,913.27
2023-07-16,CITIZENS MUTUAL FUND 2,CMF2,9.66
2023-07-13,CITIZENS MUTUAL FUND 2,CMF2,8.87
2023-07-17,CYC Nepal Laghubitta Bittiya Sanstha Limited,CYCL,1431.7
2023-07-16,CYC Nepal Laghubitta Bittiya Sanstha Limited,CYCL,1350.49
2023-07-13,CYC Nepal Laghubitta Bittiya Sanstha Limited,CYCL,1314.07
2023-07-17,Central Finance Co. Ltd.,CFCL,404.78
2023-07-16,Central Finance Co. Ltd.,CFCL,392.96
2023-07-13,Central Finance Co. Ltd.,CFCL,396.93
2023-07-16,Century Debenture 2088,CCBD88,1022.9
2023-07-13,Century Debenture 2088,CCBD88,1011.4
2023-07-17,Chandragiri Hills Limited,CGH,1311.18
2023-07-16,Chandragiri Hills Limited,CGH,1279.3
2023-07-13,Chandragiri Hills Limited,CGH,1280.56
2023-07-17,Chhimek Laghubitta Bittiya Sanstha Limited,CBBL,1003.49
2023-07-16,Chhimek Laghubitta Bittiya Sanstha Limited,CBBL,988.7
2023-07-13,Chhimek Laghubitta Bittiya Sanstha Limited,CBBL,986.5
2023-07-17,Chhyangdi Hydropower Ltd.,CHL,265.83
2023-07-16,Chhyangdi Hydropower Ltd.,CHL,263.89
2023-07-13,Chhyangdi Hydropower Ltd.,CHL,273.09
2023-07-17,Chilime Hydropower Company Limited,CHCL,540.47
2023-07-16,Chilime Hydropower Company Limited,CHCL,534.93
2023-07-13,Chilime Hydropower Company Limited,CHCL,546.36
2023-07-17,Citizen Investment Trust,CIT,2110.75
2023-07-16,Citizen Investment Trust,CIT,2099.13
2023-07-13,Citizen Investment Trust,CIT,2108.18
2023-07-17,Citizens Bank International Limited,CZBIL,175.66
2023-07-16,Citizens Bank International Limited,CZBIL,170.29
2023-07-13,Citizens Bank International Limited,CZBIL,170.71
2023-07-17,Citizens Mutual Fund -1,CMF1,8.92
2023-07-16,Citizens Mutual Fund -1,CMF1,9.17
2023-07-13,Citizens Mutual Fund -1,CMF1,8.91
2023-07-17,City Hotel Limited,CITY,693.12
2023-07-16,City Hotel Limited,CITY,689.87
2023-07-13,City Hotel Limited,CITY,706.29
2023-07-16,Civil Bank Debenture 2088,CBLD88,982.76
2023-07-13,Civil Bank Debenture 2088,CBLD88,977.33
2023-07-17,Civil Laghubitta Bittiya Sanstha Ltd.,CLBSL,761.14
2023-07-16,Civil Laghubitta Bittiya Sanstha Ltd.,CLBSL,748.27
2023-07-13,Civil Laghubitta Bittiya Sanstha Ltd.,CLBSL,756.71
2023-07-17,Corporate Development Bank Limited,CORBL,357.03
2023-07-16,Corporate Development Bank Limited,CORBL,352.08
2023-07-13,Corporate Development Bank Limited,CORBL,364.93
2023-07-13,Deprosc LaghuBitta Promoter Share,DDBLPO,440.0
2023-07-17,Deprosc Laghubitta Bittiya Sanstha Limited,DDBL,831.51
2023-07-16,Deprosc Laghubitta Bittiya Sanstha Limited,DDBL,814.42
2023-07-13,Deprosc Laghubitta Bittiya Sanstha Limited,DDBL,829.26
2023-07-17,Dibyashwori Hydropower Ltd.,DHPL,186.78
2023-07-16,Dibyashwori Hydropower Ltd.,DHPL,186.09
2023-07-13,Dibyashwori Hydropower Ltd.,DHPL,195.0
2023-07-17,Dolti Power Company Limited,DOLTI,228.18
2023-07-16,Dolti Power Company Limited,DOLTI,227.31
2023-07-13,Dolti Power Company Limited,DOLTI,236.42
2023-07-17,Dordi Khola Jal Bidyut Company Limited,DORDI,245.73
2023-07-16,Dordi Khola Jal Bidyut Company Limited,DORDI,241.31
2023-07-13,Dordi Khola Jal Bidyut Company Limited,DORDI,246.91
2023-07-17,Eastern Hydropower Limited,EHPL,322.13
2023-07-16,Eastern Hydropower Limited,EHPL,309.43
2023-07-13,Eastern Hydropower Limited,EHPL,317.32
2023-07-17,Emerging Nepal Limited,ENL,707.14
2023-07-16,Emerging Nepal Limited,ENL,691.04
2023-07-13,Emerging Nepal Limited,ENL,703.04
2023-07-17,Everest Bank Limited,EBL,574.67
2023-07-16,Everest Bank Limited,EBL,562.33
2023-07-16,Everest Bank Limited,EBLD86,839.3
2023-07-13,Everest Bank Limited,EBL,563.23
2023-07-13,Everest Bank Limited,EBLD86,838.57
2023-07-17,Excel Development Bank Ltd.,EDBL,331.78
2023-07-16,Excel Development Bank Ltd.,EDBL,323.31
2023-07-13,Excel Development Bank Ltd.,EDBL,326.95
2023-07-17,First Micro Finance Laghubitta Bittiya Sanstha Limited,FMDBL,744.9
2023-07-16,First Micro Finance Laghubitta Bittiya Sanstha Limited,FMDBL,741.21
2023-07-13,First Micro Finance Laghubitta Bittiya Sanstha Limited,FMDBL,750.94
2023-07-17,Forward Microfinance Laghubitta Bittiya Sanstha Limited,FOWAD,1356.07
2023-07-16,Forward Microfinance Laghubitta Bittiya Sanstha Limited,FOWAD,1331.44
2023-07-13,Forward Microfinance Laghubitta Bittiya Sanstha Limited,FOWAD,1345.32
2023-07-17,Ganapati Laghubitta Bittiya Sanstha Limited,GMFBS,816.64
2023-07-16,Ganapati Laghubitta Bittiya Sanstha Limited,GMFBS,800.83
2023-07-13,Ganapati Laghubitta Bittiya Sanstha Limited,GMFBS,827.32
2023-07-17,Garima Bikas Bank Limited,GBBL,400.49
2023-07-16,Garima Bikas Bank Limited,GBBL,383.4
2023-07-13,Garima Bikas Bank Limited,GBBL,388.54
2023-07-17,Ghalemdi Hydro Limited,GHL,221.37
2023-07-16,Ghalemdi Hydro Limited,GHL,218.15
2023-07-13,Ghalemdi Hydro Limited,GHL,225.41
2023-07-17,Global IME Balanced Fund-1,GIBF1,9.0
2023-07-16,Global IME Balanced Fund-1,GIBF1,8.9
2023-07-13,Global IME Balanced Fund-1,GIBF1,8.84
2023-07-17,Global IME Bank Limited,GBIME,189.1
2023-07-16,Global IME Bank Limited,GBIME,183.94
2023-07-13,Global IME Bank Limited,GBIME,183.5
2023-07-16,Global IME Bank Limited Debenture 2086/87,GBILD86/87,828.02
2023-07-13,Global IME Bank Limited Debenture 2086/87,GBILD86/87,824.62
2023-07-13,Global IME Bank Ltd. Promoter Share,GBIMEP,103.0
2023-07-17,Global IME Laghubitta Bittiya Sanstha Ltd.,GILB,1015.13
2023-07-16,Global IME Laghubitta Bittiya Sanstha Ltd.,GILB,995.83
2023-07-13,Global IME Laghubitta Bittiya Sanstha Ltd.,GILB,992.44
2023-07-17,Goodwill Finance Limited,GFCL,500.73
2023-07-16,Goodwill Finance Limited,GFCL,480.47
2023-07-13,Goodwill Finance Limited,GFCL,489.2
2023-07-17,Grameen Bikas Laghubitta Bittiya Sanstha Ltd.,GBLBS,621.2
2023-07-16,Grameen Bikas Laghubitta Bittiya Sanstha Ltd.,GBLBS,610.75
2023-07-13,Grameen Bikas Laghubitta Bittiya Sanstha Ltd.,GBLBS,604.02
2023-07-17,Green Development Bank Ltd.,GRDBL,314.0
2023-07-16,Green Development Bank Ltd.,GRDBL,303.85
2023-07-13,Green Development Bank Ltd.,GRDBL,314.85
2023-07-17,Green Ventures Limited,GVL,401.82
2023-07-16,Green Ventures Limited,GVL,388.84
2023-07-13,Green Ventures Limited,GVL,403.02
2023-07-17,GreenLife Hydropower Limited,GLH,259.61
2023-07-16,GreenLife Hydropower Limited,GLH,260.14
2023-07-13,GreenLife Hydropower Limited,GLH,264.25
2023-07-17,Guheshowori Merchant Bank & Finance Co. Ltd.,GMFIL,413.35
2023-07-16,Guheshowori Merchant Bank & Finance Co. Ltd.,GMFIL,392.56
2023-07-13,Guheshowori Merchant Bank & Finance Co. Ltd.,GMFIL,398.98
2023-07-17,Gurans Laghubitta Bittiya Sanstha Limited,GLBSL,745.6
2023-07-16,Gurans Laghubitta Bittiya Sanstha Limited,GLBSL,746.06
2023-07-13,Gurans Laghubitta Bittiya Sanstha Limited,GLBSL,721.49
2023-07-17,Gurkhas Finance Ltd.,GUFL,573.45
2023-07-16,Gurkhas Finance Ltd.,GUFL,559.39
2023-07-13,Gurkhas Finance Ltd.,GUFL,570.85
2023-07-17,Himal Dolakha Hydropower Company Limited,HDHPC,153.99
2023-07-16,Himal Dolakha Hydropower Company Limited,HDHPC,152.25
2023-07-13,Himal Dolakha Hydropower Company Limited,HDHPC,158.78
2023-07-17,Himalaya Urja Bikas Company Limited,HURJA,268.05
2023-07-16,Himalaya Urja Bikas Company Limited,HURJA,263.35
2023-07-13,Himalaya Urja Bikas Company Limited,HURJA,279.19
2023-07-17,Himalayan Bank Limited,HBL,215.66
2023-07-16,Himalayan Bank Limited,HBL,210.88
2023-07-13,Himalayan Bank Limited,HBL,210.35
2023-07-17,Himalayan Distillery Limited,HDL,2276.5
2023-07-16,Himalayan Distillery Limited,HDL,2253.57
2023-07-13,Himalayan Distillery Limited,HDL,2256.63
2023-07-17,Himalayan Everest Insurance Limited,HEI,615.64
2023-07-16,Himalayan Everest Insurance Limited,HEI,599.57
2023-07-13,Himalayan Everest Insurance Limited,HEI,614.47
2023-07-17,Himalayan Everest Insurance Limited Promoter,HEIP,467.21
2023-07-16,Himalayan Everest Insurance Limited Promoter,HEIP,458.4
2023-07-13,Himalayan Everest Insurance Limited Promoter,HEIP,443.7
2023-07-17,Himalayan Hydropower Limited,HHL,254.49
2023-07-16,Himalayan Hydropower Limited,HHL,252.49
2023-07-13,Himalayan Hydropower Limited,HHL,260.34
2023-07-17,Himalayan Life Insurance Limited,HLI,510.99
2023-07-16,Himalayan Life Insurance Limited,HLI,508.2
2023-07-13,Himalayan Life Insurance Limited,HLI,507.06
2023-07-17,Himalayan Power Partner Ltd.,HPPL,290.92
2023-07-16,Himalayan Power Partner Ltd.,HPPL,285.91
2023-07-13,Himalayan Power Partner Ltd.,HPPL,294.33
2023-07-17,Hydorelectricity Investment and Development Company Limited Promoter,HIDCLP,103.74
2023-07-16,Hydorelectricity Investment and Development Company Limited Promoter,HIDCLP,102.49
2023-07-13,Hydorelectricity Investment and Development Company Limited Promoter,HIDCLP,103.26
2023-07-17,Hydorelectricity Investment and Development Company Ltd,HIDCL,188.44
2023-07-16,Hydorelectricity Investment and Development Company Ltd,HIDCL,183.34
2023-07-13,Hydorelectricity Investment and Development Company Ltd,HIDCL,185.0
2023-07-17,ICFC Finance Limited,ICFC,534.82
2023-07-16,ICFC Finance Limited,ICFC,524.41
2023-07-13,ICFC Finance Limited,ICFC,534.19
2023-07-17,IGI Prudential insurance Limited,IGI,576.54
2023-07-16,IGI Prudential insurance Limited,IGI,562.76
2023-07-13,IGI Prudential insurance Limited,IGI,565.47
2023-07-17,Infinity Laghubitta Bittiya Sanstha Limited,ILBS,714.1
2023-07-16,Infinity Laghubitta Bittiya Sanstha Limited,ILBS,702.49
2023-07-13,Infinity Laghubitta Bittiya Sanstha Limited,ILBS,705.42
2023-07-17,Ingwa Hydropower Limited,IHL,256.81
2023-07-16,Ingwa Hydropower Limited,IHL,253.4
2023-07-13,Ingwa Hydropower Limited,IHL,264.77
2023-07-17,Jalpa Samudayik Laghubitta Bittiya Sanstha Limited,JALPA,1613.43
2023-07-16,Jalpa Samudayik Laghubitta Bittiya Sanstha Limited,JALPA,1608.83
2023-07-13,Jalpa Samudayik Laghubitta Bittiya Sanstha Limited,JALPA,1588.64
2023-07-17,Janaki Finance Company Limited,JFL,416.62
2023-07-16,Janaki Finance Company Limited,JFL,403.6
2023-07-13,Janaki Finance Company Limited,JFL,407.55
2023-07-17,Janautthan Samudayic Laghubitta Bittya Sanstha Limited,JSLBB,1019.5
2023-07-16,Janautthan Samudayic Laghubitta Bittya Sanstha Limited,JSLBB,1007.39
2023-07-13,Janautthan Samudayic Laghubitta Bittya Sanstha Limited,JSLBB,1017.79
2023-07-17,Jeevan Bikas Laghubitta  Bittya Sanstha Ltd,JBLB,1620.75
2023-07-16,Jeevan Bikas Laghubitta  Bittya Sanstha Ltd,JBLB,1600.51
2023-07-13,Jeevan Bikas Laghubitta  Bittya Sanstha Ltd,JBLB,1620.66
2023-07-17,Joshi Hydropower Development Company Ltd,JOSHI,266.75
2023-07-16,Joshi Hydropower Development Company Ltd,JOSHI,264.7
2023-07-13,Joshi Hydropower Development Company Ltd,JOSHI,269.07
2023-07-17,Jyoti Bikas Bank Limited,JBBL,305.91
2023-07-16,Jyoti Bikas Bank Limited,JBBL,296.06
2023-07-13,Jyoti Bikas Bank Limited,JBBL,301.36
2023-07-16,Jyoti Bikash  Bank Ltd. Promoter Share,JBBLPO,157.0
2023-07-17,Kalika Laghubitta Bittiya Sanstha Ltd,KMCDB,730.72
2023-07-16,Kalika Laghubitta Bittiya Sanstha Ltd,KMCDB,733.12
2023-07-13,Kalika Laghubitta Bittiya Sanstha Ltd,KMCDB,736.53
2023-07-17,Kalika power Company Ltd,KPCL,365.74
2023-07-16,Kalika power Company Ltd,KPCL,361.27
2023-07-13,Kalika power Company Ltd,KPCL,359.32
2023-07-17,Kalinchowk Darshan Limited,KDL,960.48
2023-07-16,Kalinchowk Darshan Limited,KDL,933.02
2023-07-13,Kalinchowk Darshan Limited,KDL,949.56
2023-07-17,Kamana Sewa Bikas Bank Limited,KSBBL,337.46
2023-07-16,Kamana Sewa Bikas Bank Limited,KSBBL,329.08
2023-07-13,Kamana Sewa Bikas Bank Limited,KSBBL,333.29
2023-07-17,Karnali Development Bank Limited,KRBL,292.17
2023-07-16,Karnali Development Bank Limited,KRBL,284.46
2023-07-13,Karnali Development Bank Limited,KRBL,290.11
2023-07-17,Khanikhola Hydropower Co. Ltd.,KKHC,204.33
2023-07-16,Khanikhola Hydropower Co. Ltd.,KKHC,199.5
2023-07-13,Khanikhola Hydropower Co. Ltd.,KKHC,209.3
2023-07-17,Kisan Lagubitta Bittiya Sanstha Limited,KLBSL,705.99
2023-07-16,Kisan Lagubitta Bittiya Sanstha Limited,KLBSL,704.22
2023-07-13,Kisan Lagubitta Bittiya Sanstha Limited,KLBSL,731.72
2023-07-17,Kumari Bank Limited,KBL,169.39
2023-07-16,Kumari Bank Limited,KBL,163.54
2023-07-13,Kumari Bank Limited,KBL,161.19
2023-07-16,Kumari Bank Limited Promotor Share,KBLPO,113.7
2023-07-17,Kumari Dhanabriddhi Yojana,KDBY,9.16
2023-07-16,Kumari Dhanabriddhi Yojana,KDBY,9.85
2023-07-13,Kumari Dhanabriddhi Yojana,KDBY,9.69
2023-07-17,Kumari Equity Fund,KEF,10.35
2023-07-16,Kumari Equity Fund,KEF,9.92
2023-07-13,Kumari Equity Fund,KEF,9.16
2023-07-13,Laxmi Bank Limited,LBL,172.65
2023-07-17,Laxmi Equity Fund,LEMF,9.52
2023-07-16,Laxmi Equity Fund,LEMF,9.49
2023-07-13,Laxmi Equity Fund,LEMF,9.3
2023-07-17,Laxmi Laghubitta Bittiya Sanstha Ltd.,LLBS,894.63
2023-07-16,Laxmi Laghubitta Bittiya Sanstha Ltd.,LLBS,870.82
2023-07-13,Laxmi Laghubitta Bittiya Sanstha Ltd.,LLBS,866.9
2023-07-17,Laxmi Unnati Kosh,LUK,9.31
2023-07-16,Laxmi Unnati Kosh,LUK,9.43
2023-07-13,Laxmi Unnati Kosh,LUK,9.22
2023-07-17,Liberty Energy Company Limited,LEC,246.11
2023-07-16,Liberty Energy Company Limited,LEC,247.08
2023-07-13,Liberty Energy Company Limited,LEC,256.09
2023-07-17,Life Insurance Corporation (Nepal) Limited,LICN,1582.25
2023-07-16,Life Insurance Corporation (Nepal) Limited,LICN,1552.8
2023-07-13,Life Insurance Corporation (Nepal) Limited,LICN,1583.41
2023-07-17,Lumbini Bikas Bank Ltd.,LBBL,426.4
2023-07-16,Lumbini Bikas Bank Ltd.,LBBL,409.85
2023-07-13,Lumbini Bikas Bank Ltd.,LBBL,412.8
2023-07-17,Machhapuchhre Bank Limited,MBL,239.54
2023-07-16,Machhapuchhre Bank Limited,MBL,230.62
2023-07-13,Machhapuchhre Bank Limited,MBL,230.03
2023-07-17,Madhya Bhotekoshi Jalavidyut Company Limited,MBJC,304.29
2023-07-16,Madhya Bhotekoshi Jalavidyut Company Limited,MBJC,297.74
2023-07-13,Madhya Bhotekoshi Jalavidyut Company Limited,MBJC,306.28
2023-07-17,Mahalaxmi Bikas Bank Ltd.,MLBL,338.76
2023-07-16,Mahalaxmi Bikas Bank Ltd.,MLBL,326.8
2023-07-13,Mahalaxmi Bikas Bank Ltd.,MLBL,331.66
2023-07-16,Mahalxmi Bikas Bank Ltd. Promotor Share,MLBLPO,174.7
2023-07-17,Mahila Lagubitta Bittiya Sanstha Limited ,MLBSL,2085.04
2023-07-16,Mahila Lagubitta Bittiya Sanstha Limited ,MLBSL,2071.32
2023-07-13,Mahila Lagubitta Bittiya Sanstha Limited ,MLBSL,2083.45
2023-07-17,Mahuli Laghubitta Bittiya Sanstha Limited,MSLB,882.02
2023-07-16,Mahuli Laghubitta Bittiya Sanstha Limited,MSLB,853.88
2023-07-13,Mahuli Laghubitta Bittiya Sanstha Limited,MSLB,867.72
2023-07-17,Mai Khola Hydropower Limited,MKHL,281.93
2023-07-16,Mai Khola Hydropower Limited,MKHL,279.75
2023-07-13,Mai Khola Hydropower Limited,MKHL,287.84
2023-07-17,Mailung Khola Jal Vidhyut Company Limited,MKJC,384.95
2023-07-16,Mailung Khola Jal Vidhyut Company Limited,MKJC,379.54
2023-07-13,Mailung Khola Jal Vidhyut Company Limited,MKJC,382.65
2023-07-17,Makar Jitumaya Suri Hydropower Limited,MAKAR,273.49
2023-07-16,Makar Jitumaya Suri Hydropower Limited,MAKAR,273.89
2023-07-13,Makar Jitumaya Suri Hydropower Limited,MAKAR,282.08
2023-07-17,Manakamana Smart Laghubitta Bittiya Sanstha Limited,MKLB,749.94
2023-07-16,Manakamana Smart Laghubitta Bittiya Sanstha Limited,MKLB,731.25
2023-07-13,Manakamana Smart Laghubitta Bittiya Sanstha Limited,MKLB,742.38
2023-07-17,Mandakini Hydropower Limited,MHL,306.8
2023-07-16,Mandakini Hydropower Limited,MHL,301.07
2023-07-13,Mandakini Hydropower Limited,MHL,305.03
2023-07-17,Manjushree Finance Ltd.,MFIL,563.03
2023-07-16,Manjushree Finance Ltd.,MFIL,552.76
2023-07-13,Manjushree Finance Ltd.,MFIL,562.33
2023-07-17,Manushi Laghubitta Bittiya Sanstha Limited,MLBS,796.47
2023-07-16,Manushi Laghubitta Bittiya Sanstha Limited,MLBS,789.68
2023-07-13,Manushi Laghubitta Bittiya Sanstha Limited,MLBS,797.04
2023-07-17,Maya Khola Hydropower Company Limited,MKHC,233.36
2023-07-16,Maya Khola Hydropower Company Limited,MKHC,228.78
2023-07-13,Maya Khola Hydropower Company Limited,MKHC,237.84
2023-07-17,Mega Mutual Fund -1,MMF1,7.4
2023-07-16,Mega Mutual Fund -1,MMF1,7.8
2023-07-13,Mega Mutual Fund -1,MMF1,7.64
2023-07-17,Menchhiyam Hydropower Limited,MCHL,228.17
2023-07-16,Menchhiyam Hydropower Limited,MCHL,222.87
2023-07-13,Menchhiyam Hydropower Limited,MCHL,229.78
2023-07-17,Mero Microfinance Bittiya Sanstha Ltd.,MERO,683.58
2023-07-16,Mero Microfinance Bittiya Sanstha Ltd.,MERO,661.79
2023-07-13,Mero Microfinance Bittiya Sanstha Ltd.,MERO,685.59
2023-07-17,Mirmire Laghubitta Bittya Sanstha Limited,MMFDB,720.74
2023-07-16,Mirmire Laghubitta Bittya Sanstha Limited,MMFDB,709.14
2023-07-13,Mirmire Laghubitta Bittya Sanstha Limited,MMFDB,711.76
2023-07-17,Miteri Development Bank Limited,MDB,413.62
2023-07-16,Miteri Development Bank Limited,MDB,399.93
2023-07-13,Miteri Development Bank Limited,MDB,410.87
2023-07-17,Mithila LaghuBitta Bittiya Sanstha Limited,MLBBL,1001.6
2023-07-16,Mithila LaghuBitta Bittiya Sanstha Limited,MLBBL,975.51
2023-07-13,Mithila LaghuBitta Bittiya Sanstha Limited,MLBBL,946.2
2023-07-17,Modi Energy Limited,MEL,210.58
2023-07-16,Modi Energy Limited,MEL,207.94
2023-07-13,Modi Energy Limited,MEL,212.51
2023-07-17,Molung Hydropower Company Limited,MHCL,211.28
2023-07-16,Molung Hydropower Company Limited,MHCL,209.94
2023-07-13,Molung Hydropower Company Limited,MHCL,217.81
2023-07-17,Mountain Energy Nepal Limited,MEN,1000.64
2023-07-16,Mountain Energy Nepal Limited,MEN,1018.01
2023-07-13,Mountain Energy Nepal Limited,MEN,995.56
2023-07-17,Mountain Hydro Nepal Limited,MHNL,237.29
2023-07-16,Mountain Hydro Nepal Limited,MHNL,236.66
2023-07-13,Mountain Hydro Nepal Limited,MHNL,239.65
2023-07-17,Muktinath Bikas Bank Ltd.,MNBBL,415.31
2023-07-16,Muktinath Bikas Bank Ltd.,MNBBL,407.09
2023-07-13,Muktinath Bikas Bank Ltd.,MNBBL,411.9
2023-07-17,Multipurpose Finance Company  Limited,MPFL,399.03
2023-07-16,Multipurpose Finance Company  Limited,MPFL,379.31
2023-07-13,Multipurpose Finance Company  Limited,MPFL,389.93
2023-07-17,NABIL BALANCED FUND-2,NBF2,8.96
2023-07-16,NABIL BALANCED FUND-2,NBF2,8.86
2023-07-13,NABIL BALANCED FUND-2,NBF2,8.83
2023-07-17,NESDO Sambridha Laghubitta Bittiya Sanstha Limited,NESDO,2068.14
2023-07-16,NESDO Sambridha Laghubitta Bittiya Sanstha Limited,NESDO,2044.2
2023-07-13,NESDO Sambridha Laghubitta Bittiya Sanstha Limited,NESDO,2049.96
2023-07-16,NIBL Growth Fund,NIBLGF,10.49
2023-07-13,NIBL Growth Fund,NIBLGF,9.49
2023-07-17,NIBL Pragati Fund,NIBLPF,9.29
2023-07-16,NIBL Pragati Fund,NIBLPF,9.61
2023-07-13,NIBL Pragati Fund,NIBLPF,9.5
2023-07-17,NIBL Samriddhi Fund -2,NIBSF2,8.91
2023-07-16,NIBL Samriddhi Fund -2,NIBSF2,8.99
2023-07-13,NIBL Samriddhi Fund -2,NIBSF2,8.42
2023-07-17,NIC ASIA Laghubitta Bittiya Sanstha Limited,NICLBSL,740.34
2023-07-16,NIC ASIA Laghubitta Bittiya Sanstha Limited,NICLBSL,724.22
2023-07-13,NIC ASIA Laghubitta Bittiya Sanstha Limited,NICLBSL,738.55
2023-07-17,NIC Asia Balanced Fund,NICBF,9.29
2023-07-16,NIC Asia Balanced Fund,NICBF,9.2
2023-07-13,NIC Asia Balanced Fund,NICBF,9.2
2023-07-17,NIC Asia Bank Ltd.,NICA,800.15
2023-07-16,NIC Asia Bank Ltd.,NICA,790.74
2023-07-13,NIC Asia Bank Ltd.,NICA,782.46
2023-07-16,NIC Asia Flexi CAP Fund,NICFC,9.69
2023-07-13,NIC Asia Flexi CAP Fund,NICFC,9.55
2023-07-17,NIC Asia Growth Fund,NICGF,10.21
2023-07-16,NIC Asia Growth Fund,NICGF,10.04
2023-07-13,NIC Asia Growth Fund,NICGF,9.97
2023-07-17,NIC Asia Select Fund 30,NICSF,8.86
2023-07-16,NIC Asia Select Fund 30,NICSF,8.86
2023-07-13,NIC Asia Select Fund 30,NICSF,8.77
2023-07-17,NLG Insurance Company Ltd.,NLG,859.81
2023-07-16,NLG Insurance Company Ltd.,NLG,846.84
2023-07-13,NLG Insurance Company Ltd.,NLG,862.77
2023-07-17,NMB  Microfinance Bittiya Sanstha Ltd.,NMBMF,645.12
2023-07-16,NMB  Microfinance Bittiya Sanstha Ltd.,NMBMF,634.82
2023-07-13,NMB  Microfinance Bittiya Sanstha Ltd.,NMBMF,648.23
2023-07-17,NMB 50,NMB50,10.53
2023-07-16,NMB 50,NMB50,10.58
2023-07-13,NMB 50,NMB50,10.47
2023-07-17,NMB Bank Limited,NMB,231.9
2023-07-16,NMB Bank Limited,NMB,225.39
2023-07-13,NMB Bank Limited,NMB,223.61
2023-07-17,NMB Debenture 8.50% - 2087/88,NMBD87/88,789.8
2023-07-13,NMB Debenture 8.50% - 2087/88,NMBD87/88,805.9
2023-07-17,NMB Hybrid Fund L-1,NMBHF1,10.61
2023-07-16,NMB Hybrid Fund L-1,NMBHF1,10.66
2023-07-13,NMB Hybrid Fund L-1,NMBHF1,10.64
2023-07-17,NMB Sulav Investment Fund - 2,NSIF2,9.98
2023-07-16,NMB Sulav Investment Fund - 2,NSIF2,9.61
2023-07-13,NMB Sulav Investment Fund - 2,NSIF2,9.6
2023-07-17,NRN Infrastructure and Development Limited,NRN,515.39
2023-07-16,NRN Infrastructure and Development Limited,NRN,505.62
2023-07-13,NRN Infrastructure and Development Limited,NRN,523.38
2023-07-17,Nabil Balanced Fund-3,NBF3,7.59
2023-07-16,Nabil Balanced Fund-3,NBF3,7.48
2023-07-13,Nabil Balanced Fund-3,NBF3,7.31
2023-07-17,Nabil Bank Limited,NABIL,607.41
2023-07-16,Nabil Bank Limited,NABIL,597.14
2023-07-13,Nabil Bank Limited,NABIL,592.56
2023-07-17,Nabil Debenture 2085,NBLD85,838.8
2023-07-16,Nabil Debenture 2085,NBLD85,846.87
2023-07-13,Nabil Debenture 2085,NBLD85,830.82
2023-07-17,Nabil Equity Fund,NEF,9.6
2023-07-16,Nabil Equity Fund,NEF,9.61
2023-07-13,Nabil Equity Fund,NEF,9.43
2023-07-17,Nadep Laghubittiya bittya Sanstha Ltd.,NADEP,622.86
2023-07-16,Nadep Laghubittiya bittya Sanstha Ltd.,NADEP,611.97
2023-07-13,Nadep Laghubittiya bittya Sanstha Ltd.,NADEP,625.97
2023-07-17,Narayani Development Bank Limited,NABBC,428.42
2023-07-16,Narayani Development Bank Limited,NABBC,416.02
2023-07-13,Narayani Development Bank Limited,NABBC,428.54
2023-07-17,National Hydro Power Company Limited,NHPC,178.66
2023-07-16,National Hydro Power Company Limited,NHPC,177.67
2023-07-13,National Hydro Power Company Limited,NHPC,185.59
2023-07-17,National Life Insurance Co. Ltd.,NLICL,658.12
2023-07-16,National Life Insurance Co. Ltd.,NLICL,649.12
2023-07-13,National Life Insurance Co. Ltd.,NLICL,655.49
2023-07-13,National Microfinance Laghubitta Bittiya Sanstha Limited,NMFBS,1384.81
2023-07-13,Naya Sarathi Laghubitta Bittiya Sanstha Limited,NSLB,690.65
2023-07-17,Neco Insurance Limited,NIL,902.71
2023-07-16,Neco Insurance Limited,NIL,891.57
2023-07-13,Neco Insurance Limited,NIL,902.49
2023-07-17,Nepal Bank Limited,NBL,253.72
2023-07-16,Nepal Bank Limited,NBL,246.78
2023-07-13,Nepal Bank Limited,NBL,246.25
2023-07-17,Nepal Doorsanchar Company Limited,NTC,912.93
2023-07-16,Nepal Doorsanchar Company Limited,NTC,907.81
2023-07-13,Nepal Doorsanchar Company Limited,NTC,903.39
2023-07-17,Nepal Finance Ltd.,NFS,364.52
2023-07-16,Nepal Finance Ltd.,NFS,353.14
2023-07-13,Nepal Finance Ltd.,NFS,357.13
2023-07-17,Nepal Hydro Developers Ltd.,NHDL,379.81
2023-07-16,Nepal Hydro Developers Ltd.,NHDL,378.61
2023-07-13,Nepal Hydro Developers Ltd.,NHDL,385.69
2023-07-17,Nepal Infrastructure Bank Limited,NIFRA,226.82
2023-07-16,Nepal Infrastructure Bank Limited,NIFRA,222.16
2023-07-13,Nepal Infrastructure Bank Limited,NIFRA,219.52
2023-07-17,Nepal Insurance Co. Ltd.,NICL,833.44
2023-07-16,Nepal Insurance Co. Ltd.,NICL,823.8
2023-07-13,Nepal Insurance Co. Ltd.,NICL,842.08
2023-07-17,Nepal Investment Mega Bank Limited,NIMB,180.46
2023-07-16,Nepal Investment Mega Bank Limited,NIMB,173.51
2023-07-13,Nepal Investment Mega Bank Limited,NIMB,174.39
2023-07-17,Nepal Investment Mega Bank Ltd. Promoter Share,NIMBPO,151.96
2023-07-16,Nepal Investment Mega Bank Ltd. Promoter Share,NIMBPO,149.55
2023-07-13,Nepal Investment Mega Bank Ltd. Promoter Share,NIMBPO,147.65
2023-07-17,Nepal Life Insurance Co. Ltd.,NLIC,756.33
2023-07-16,Nepal Life Insurance Co. Ltd.,NLIC,745.09
2023-07-13,Nepal Life Insurance Co. Ltd.,NLIC,747.07
2023-07-16,Nepal Lube Oil Limited,NLO,261.0
2023-07-17,Nepal Reinsurance Company Limited,NRIC,751.18
2023-07-16,Nepal Reinsurance Company Limited,NRIC,740.15
2023-07-13,Nepal Reinsurance Company Limited,NRIC,744.82
2023-07-17,Nepal SBI Bank Limited,SBI,348.41
2023-07-16,Nepal SBI Bank Limited,SBI,342.56
2023-07-13,Nepal SBI Bank Limited,SBI,339.48
2023-07-17,Nerude Laghubitta Bittiya Sanstha Limited,NLBBL,691.79
2023-07-16,Nerude Laghubitta Bittiya Sanstha Limited,NLBBL,671.12
2023-07-13,Nerude Laghubitta Bittiya Sanstha Limited,NLBBL,689.88
2023-07-17,Ngadi Group Power Ltd.,NGPL,236.57
2023-07-16,Ngadi Group Power Ltd.,NGPL,235.27
2023-07-13,Ngadi Group Power Ltd.,NGPL,243.52
2023-07-17,Nirdhan Utthan Laghubitta Bittiya Sanstha Limited,NUBL,762.21
2023-07-16,Nirdhan Utthan Laghubitta Bittiya Sanstha Limited,NUBL,741.26
2023-07-13,Nirdhan Utthan Laghubitta Bittiya Sanstha Limited,NUBL,735.46
2023-07-17,Nyadi Hydropower Limited,NYADI,264.1
2023-07-16,Nyadi Hydropower Limited,NYADI,261.78
2023-07-13,Nyadi Hydropower Limited,NYADI,268.22
2023-07-17,Oriental Hotels Limited,OHL,809.14
2023-07-16,Oriental Hotels Limited,OHL,793.06
2023-07-13,Oriental Hotels Limited,OHL,796.32
2023-07-17,Panchakanya Mai Hydropower Ltd,PMHPL,202.46
2023-07-16,Panchakanya Mai Hydropower Ltd,PMHPL,200.65
2023-07-13,Panchakanya Mai Hydropower Ltd,PMHPL,206.23
2023-07-17,Panchthar Power Compant Limited,PPCL,275.77
2023-07-16,Panchthar Power Compant Limited,PPCL,272.19
2023-07-13,Panchthar Power Compant Limited,PPCL,275.86
2023-07-17,People's Power Limited,PPL,248.47
2023-07-16,People's Power Limited,PPL,246.41
2023-07-13,People's Power Limited,PPL,254.82
2023-07-17,Peoples Hydropower Company Limited,PHCL,326.2
2023-07-16,Peoples Hydropower Company Limited,PHCL,322.88
2023-07-13,Peoples Hydropower Company Limited,PHCL,325.71
2023-07-17,Pokhara Finance Ltd.,PFL,409.38
2023-07-16,Pokhara Finance Ltd.,PFL,397.94
2023-07-13,Pokhara Finance Ltd.,PFL,404.32
2023-07-17,Prabhu  Bank Limited,PRVU,167.37
2023-07-16,Prabhu  Bank Limited,PRVU,161.3
2023-07-13,Prabhu  Bank Limited,PRVU,160.82
2023-07-16,Prabhu  Bank Limited Promoter Share,PRVUPO,113.12
2023-07-13,Prabhu  Bank Limited Promoter Share,PRVUPO,114.99
2023-07-17,Prabhu Insurance Ltd.,PRIN,765.7
2023-07-16,Prabhu Insurance Ltd.,PRIN,754.4
2023-07-13,Prabhu Insurance Ltd.,PRIN,756.29
2023-07-13,Prabhu Life Insurance Limited,PLI,595.76
2023-07-17,Prabhu Select Fund,PSF,8.98
2023-07-16,Prabhu Select Fund,PSF,9.04
2023-07-13,Prabhu Select Fund,PSF,9.12
2023-07-17,Prabhu Smart Fund,PRSF,9.89
2023-07-16,Prabhu Smart Fund,PRSF,9.76
2023-07-13,Prabhu Smart Fund,PRSF,8.95
2023-07-17,Prime Commercial Bank Ltd.,PCBL,197.38
2023-07-16,Prime Commercial Bank Ltd.,PCBL,192.1
2023-07-13,Prime Commercial Bank Ltd.,PCBL,192.19
2023-07-13,Prime Commercial Bank Promoter Share,PCBLP,147.0
2023-07-17,Progressive Finance Limited,PROFL,419.15
2023-07-16,Progressive Finance Limited,PROFL,411.17
2023-07-13,Progressive Finance Limited,PROFL,422.75
2023-07-17,RASUWAGADHI HYDROPOWER COMPANY LIMITED,RHPL,305.13
2023-07-16,RASUWAGADHI HYDROPOWER COMPANY LIMITED,RHPL,300.83
2023-07-13,RASUWAGADHI HYDROPOWER COMPANY LIMITED,RHPL,308.32
2023-07-17,RBB Mutual Fund 1,RMF1,8.07
2023-07-16,RBB Mutual Fund 1,RMF1,7.92
2023-07-13,RBB Mutual Fund 1,RMF1,7.74
2023-07-17,RSDC Laghubitta Bittiya Sanstha Ltd.,RSDC,626.34
2023-07-16,RSDC Laghubitta Bittiya Sanstha Ltd.,RSDC,619.37
2023-07-13,RSDC Laghubitta Bittiya Sanstha Ltd.,RSDC,634.08
2023-07-17,Radhi Bidyut Company Ltd,RADHI,236.14
2023-07-16,Radhi Bidyut Company Ltd,RADHI,232.6
2023-07-13,Radhi Bidyut Company Ltd,RADHI,239.24
2023-07-17,Rapti Hydro And General Construction Limited,RHGCL,242.49
2023-07-16,Rapti Hydro And General Construction Limited,RHGCL,241.06
2023-07-13,Rapti Hydro And General Construction Limited,RHGCL,243.89
2023-07-13,Rastra Utthan Laghubitta Sanstha Limited,RULB,762.95
2023-07-17,Rastriya Beema Company Limited,RBCL,15952.65
2023-07-16,Rastriya Beema Company Limited,RBCL,15381.28
2023-07-13,Rastriya Beema Company Limited,RBCL,15145.92
2023-07-16,Rastriya Beema Company Limited Promoter Share,RBCLPO,14311.69
2023-07-13,Rastriya Beema Company Limited Promoter Share,RBCLPO,14102.34
2023-07-17,Rawa Energy Development Limited,RAWA,353.9
2023-07-16,Rawa Energy Development Limited,RAWA,352.78
2023-07-13,Rawa Energy Development Limited,RAWA,354.45
2023-07-17,Reliance Finance Ltd.,RLFL,391.02
2023-07-16,Reliance Finance Ltd.,RLFL,371.63
2023-07-13,Reliance Finance Ltd.,RLFL,378.5
2023-07-13,Reliance Finance Ltd. Promoter Share,RLFLPO,215.0
2023-07-17,Ridi Power Company Limited,RIDI,249.77
2023-07-16,Ridi Power Company Limited,RIDI,242.72
2023-07-13,Ridi Power Company Limited,RIDI,249.53
2023-07-17,River Falls Power Limited,RFPL,255.1
2023-07-16,River Falls Power Limited,RFPL,246.68
2023-07-13,River Falls Power Limited,RFPL,257.68
2023-07-17,Ru Ru Jalbidhyut Pariyojana Limited,RURU,788.51
2023-07-16,Ru Ru Jalbidhyut Pariyojana Limited,RURU,779.84
2023-07-13,Ru Ru Jalbidhyut Pariyojana Limited,RURU,800.22
2023-07-17,SANJEN JALAVIDHYUT COMPANY LIMITED,SJCL,302.41
2023-07-16,SANJEN JALAVIDHYUT COMPANY LIMITED,SJCL,296.68
2023-07-13,SANJEN JALAVIDHYUT COMPANY LIMITED,SJCL,301.19
2023-07-17,SHIVAM CEMENTS LTD,SHIVM,655.24
2023-07-16,SHIVAM CEMENTS LTD,SHIVM,653.86
2023-07-13,SHIVAM CEMENTS LTD,SHIVM,664.95
2023-07-17,Sabaiko Laghubitta Bittiya Sanstha Limited,SABSL,743.06
2023-07-16,Sabaiko Laghubitta Bittiya Sanstha Limited,SABSL,726.3
2023-07-13,Sabaiko Laghubitta Bittiya Sanstha Limited,SABSL,746.16
2023-07-17,Sadhana Laghubitta Bittiya Sanstha Limited,SDLBSL,735.58
2023-07-16,Sadhana Laghubitta Bittiya Sanstha Limited,SDLBSL,737.74
2023-07-13,Sadhana Laghubitta Bittiya Sanstha Limited,SDLBSL,744.06
2023-07-17,Sagarmatha Jalabidhyut Company Limited,SMJC,252.99
2023-07-16,Sagarmatha Jalabidhyut Company Limited,SMJC,251.48
2023-07-13,Sagarmatha Jalabidhyut Company Limited,SMJC,257.91
2023-07-17,Sagarmatha Lumbini Insurance Co. Limited,SALICO,762.92
2023-07-16,Sagarmatha Lumbini Insurance Co. Limited,SALICO,746.54
2023-07-13,Sagarmatha Lumbini Insurance Co. Limited,SALICO,757.67
2023-07-17,Sahas Urja Limited,SAHAS,487.89
2023-07-16,Sahas Urja Limited,SAHAS,482.66
2023-07-13,Sahas Urja Limited,SAHAS,488.65
2023-07-17,Salt Trading Corporation,STC,4990.87
2023-07-16,Salt Trading Corporation,STC,4898.49
2023-07-13,Salt Trading Corporation,STC,4967.65
2023-07-17,Samaj Laghubittya Bittiya Sanstha Limited,SAMAJ,72.62
2023-07-17,Samata Gharelu Laghubitta Bittiya Sanstha Limited,SMATA,697.86
2023-07-16,Samata Gharelu Laghubitta Bittiya Sanstha Limited,SMATA,692.42
2023-07-13,Samata Gharelu Laghubitta Bittiya Sanstha Limited,SMATA,681.11
2023-07-17,Samling Power Company Limited,SPC,410.08
2023-07-16,Samling Power Company Limited,SPC,406.15
2023-07-13,Samling Power Company Limited,SPC,411.59
2023-07-17,Samriddhi Finance Company Limited,SFCL,333.58
2023-07-16,Samriddhi Finance Company Limited,SFCL,322.9
2023-07-13,Samriddhi Finance Company Limited,SFCL,332.1
2023-07-17,Samudayik Laghubitta Bittiya Sanstha Limited,SLBSL,935.98
2023-07-16,Samudayik Laghubitta Bittiya Sanstha Limited,SLBSL,934.69
2023-07-13,Samudayik Laghubitta Bittiya Sanstha Limited,SLBSL,909.5
2023-07-17,Sanima Bank Limited,SANIMA,270.01
2023-07-16,Sanima Bank Limited,SANIMA,259.23
2023-07-13,Sanima Bank Limited,SANIMA,255.79
2023-07-17,Sanima Equity Fund,SAEF,11.48
2023-07-16,Sanima Equity Fund,SAEF,11.53
2023-07-13,Sanima Equity Fund,SAEF,11.03
2023-07-17,Sanima GIC Insurance Limited,SGIC,657.61
2023-07-16,Sanima GIC Insurance Limited,SGIC,641.93
2023-07-13,Sanima GIC Insurance Limited,SGIC,651.72
2023-07-17,Sanima Growth Fund,SAGF,9.3
2023-07-16,Sanima Growth Fund,SAGF,9.18
2023-07-13,Sanima Growth Fund,SAGF,8.78
2023-07-17,Sanima Large Cap Fund,SLCF,8.51
2023-07-16,Sanima Large Cap Fund,SLCF,8.49
2023-07-13,Sanima Large Cap Fund,SLCF,8.06
2023-07-17,Sanima Mai Hydropower Ltd.,SHPC,363.86
2023-07-16,Sanima Mai Hydropower Ltd.,SHPC,356.71
2023-07-13,Sanima Mai Hydropower Ltd.,SHPC,367.14
2023-07-17,Sanima Middle Tamor Hydropower Limited,TAMOR,287.61
2023-07-16,Sanima Middle Tamor Hydropower Limited,TAMOR,286.99
2023-07-13,Sanima Middle Tamor Hydropower Limited,TAMOR,292.2
2023-07-17,Sanima Reliance Life Insurance Limited,SRLI,567.17
2023-07-16,Sanima Reliance Life Insurance Limited,SRLI,553.16
2023-07-13,Sanima Reliance Life Insurance Limited,SRLI,562.42
2023-07-17,Saptakoshi Development Bank Ltd,SAPDBL,262.31
2023-07-16,Saptakoshi Development Bank Ltd,SAPDBL,255.89
2023-07-13,Saptakoshi Development Bank Ltd,SAPDBL,265.73
2023-07-17,Sayapatri Hydropower Limited,SPHL,365.48
2023-07-16,Sayapatri Hydropower Limited,SPHL,360.81
2023-07-13,Sayapatri Hydropower Limited,SPHL,365.62
2023-07-16,Shangri-la Development Bank Debenture 2087,SDBD87,864.5
2023-07-13,Shangri-la Development Bank Debenture 2087,SDBD87,847.6
2023-07-17,Shangrila Development Bank Ltd.,SADBL,335.66
2023-07-16,Shangrila Development Bank Ltd.,SADBL,326.09
2023-07-13,Shangrila Development Bank Ltd.,SADBL,328.98
2023-07-17,Shikhar Insurance Co. Ltd.,SICL,857.94
2023-07-16,Shikhar Insurance Co. Ltd.,SICL,849.01
2023-07-13,Shikhar Insurance Co. Ltd.,SICL,854.96
2023-07-17,Shine Resunga Development Bank Ltd.,SHINE,400.73
2023-07-16,Shine Resunga Development Bank Ltd.,SHINE,382.47
2023-07-13,Shine Resunga Development Bank Ltd.,SHINE,389.66
2023-07-17,Shiva Shree Hydropower Ltd,SSHL,183.91
2023-07-16,Shiva Shree Hydropower Ltd,SSHL,182.51
2023-07-13,Shiva Shree Hydropower Ltd,SSHL,190.45
2023-07-17,Shree Investment Finance Co. Ltd.,SIFC,386.59
2023-07-16,Shree Investment Finance Co. Ltd.,SIFC,374.74
2023-07-13,Shree Investment Finance Co. Ltd.,SIFC,382.26
2023-07-17,Shrijanshil Laghubitta Bittiya Sanstha Limited,SHLB,1194.72
2023-07-16,Shrijanshil Laghubitta Bittiya Sanstha Limited,SHLB,1144.76
2023-07-13,Shrijanshil Laghubitta Bittiya Sanstha Limited,SHLB,1147.64
2023-07-17,Shuvam Power Limited,SPL,799.2
2023-07-16,Shuvam Power Limited,SPL,767.64
2023-07-13,Shuvam Power Limited,SPL,794.1
2023-07-17,Siddhartha Bank Limited,SBL,261.6
2023-07-16,Siddhartha Bank Limited,SBL,250.97
2023-07-13,Siddhartha Bank Limited,SBL,245.82
2023-07-17,Siddhartha Equity Fund,SEF,9.25
2023-07-16,Siddhartha Equity Fund,SEF,8.95
2023-07-13,Siddhartha Equity Fund,SEF,8.71
2023-07-17,Siddhartha Investment Growth Scheme - 2,SIGS2,8.95
2023-07-16,Siddhartha Investment Growth Scheme - 2,SIGS2,8.85
2023-07-13,Siddhartha Investment Growth Scheme - 2,SIGS2,8.63
2023-07-17,Siddhartha Premier Insurance Limited,SPIL,787.16
2023-07-16,Siddhartha Premier Insurance Limited,SPIL,774.79
2023-07-13,Siddhartha Premier Insurance Limited,SPIL,780.61
2023-07-17,Sikles Hydropower Limited,SIKLES,391.47
2023-07-16,Sikles Hydropower Limited,SIKLES,387.56
2023-07-13,Sikles Hydropower Limited,SIKLES,398.13
2023-07-17,Sindhu Bikash Bank Ltd,SINDU,281.56
2023-07-16,Sindhu Bikash Bank Ltd,SINDU,278.26
2023-07-13,Sindhu Bikash Bank Ltd,SINDU,282.52
2023-07-17,Singati Hydro Energy Limited,SHEL,279.47
2023-07-16,Singati Hydro Energy Limited,SHEL,278.36
2023-07-13,Singati Hydro Energy Limited,SHEL,280.95
2023-07-17,Soaltee Hotel Limited,SHL,490.28
2023-07-16,Soaltee Hotel Limited,SHL,486.86
2023-07-13,Soaltee Hotel Limited,SHL,491.31
2023-07-17,Standard Chartered Bank Limited,SCB,541.27
2023-07-16,Standard Chartered Bank Limited,SCB,534.28
2023-07-13,Standard Chartered Bank Limited,SCB,532.18
2023-07-13,Summit Laghubitta Bittiya Sanstha Limited,SMFDB,962.52
2023-07-13,Sunrise Bank Limited,SRBL,172.9
2023-07-17,Sunrise Bluechip Fund,SBCF,7.99
2023-07-16,Sunrise Bluechip Fund,SBCF,7.88
2023-07-13,Sunrise Bluechip Fund,SBCF,7.92
2023-07-17,Sunrise First Mutual Fund,SFMF,11.02
2023-07-16,Sunrise First Mutual Fund,SFMF,10.96
2023-07-13,Sunrise First Mutual Fund,SFMF,10.94
2023-07-17,Sunrise Focused Equity Fund,SFEF,9.67
2023-07-16,Sunrise Focused Equity Fund,SFEF,8.67
2023-07-13,Sunrise Focused Equity Fund,SFEF,8.78
2023-07-17,Super Madi Hydropower Limited,SMHL,400.13
2023-07-16,Super Madi Hydropower Limited,SMHL,388.19
2023-07-13,Super Madi Hydropower Limited,SMHL,404.59
2023-07-17,Super Mai Hydropower Limited,SMH,561.64
2023-07-16,Super Mai Hydropower Limited,SMH,552.07
2023-07-13,Super Mai Hydropower Limited,SMH,550.33
2023-07-17,Support Microfinance Bittiya Sanstha Ltd.,SMB,967.84
2023-07-16,Support Microfinance Bittiya Sanstha Ltd.,SMB,950.81
2023-07-13,Support Microfinance Bittiya Sanstha Ltd.,SMB,962.1
2023-07-17,SuryaJyoti Life Insurance Company Limited,SJLIC,618.16
2023-07-16,SuryaJyoti Life Insurance Company Limited,SJLIC,614.14
2023-07-13,SuryaJyoti Life Insurance Company Limited,SJLIC,623.53
2023-07-17,Suryodaya Womi Laghubitta Bittiya Sanstha Limited,SWMF,753.34
2023-07-16,Suryodaya Womi Laghubitta Bittiya Sanstha Limited,SWMF,727.64
2023-07-13,Suryodaya Womi Laghubitta Bittiya Sanstha Limited,SWMF,740.09
2023-07-17,Swabalamban Laghubitta Bittiya Sanstha Limited,SWBBL,874.73
2023-07-16,Swabalamban Laghubitta Bittiya Sanstha Limited,SWBBL,860.76
2023-07-13,Swabalamban Laghubitta Bittiya Sanstha Limited,SWBBL,868.86
2023-07-17,Swabhimaan Laghubitta Bittiya Sanstha Limited,SMFBS,1155.38
2023-07-16,Swabhimaan Laghubitta Bittiya Sanstha Limited,SMFBS,1148.73
2023-07-13,Swabhimaan Laghubitta Bittiya Sanstha Limited,SMFBS,1143.74
2023-07-17,Swarojgar Laghu Bitta Bikas Bank Ltd.,SLBBL,711.51
2023-07-16,Swarojgar Laghu Bitta Bikas Bank Ltd.,SLBBL,696.65
2023-07-13,Swarojgar Laghu Bitta Bikas Bank Ltd.,SLBBL,708.14
2023-07-17,Swet-Ganga Hydropower & Construction Limited ,SGHC,269.18
2023-07-16,Swet-Ganga Hydropower & Construction Limited ,SGHC,263.97
2023-07-13,Swet-Ganga Hydropower & Construction Limited ,SGHC,271.71
2023-07-17,Synergy Power Development Ltd.,SPDL,253.97
2023-07-16,Synergy Power Development Ltd.,SPDL,251.2
2023-07-13,Synergy Power Development Ltd.,SPDL,259.72
2023-07-17,Taragaon Regency Hotel Limited,TRH,805.21
2023-07-16,Taragaon Regency Hotel Limited,TRH,789.02
2023-07-13,Taragaon Regency Hotel Limited,TRH,791.91
2023-07-17,Terhathum Power Company Limited,TPC,365.1
2023-07-16,Terhathum Power Company Limited,TPC,362.98
2023-07-13,Terhathum Power Company Limited,TPC,373.97
2023-07-17,UNIVERSAL POWER COMPANY LTD,UPCL,223.09
2023-07-16,UNIVERSAL POWER COMPANY LTD,UPCL,218.07
2023-07-13,UNIVERSAL POWER COMPANY LTD,UPCL,223.96
2023-07-17,Unilever Nepal Limited,UNL,33117.02
2023-07-16,Unilever Nepal Limited,UNL,32921.75
2023-07-13,Unilever Nepal Limited,UNL,32235.09
2023-07-17,Union Hydropower Limited,UNHPL,199.93
2023-07-16,Union Hydropower Limited,UNHPL,198.67
2023-07-13,Union Hydropower Limited,UNHPL,203.46
2023-07-17,Unique Nepal Laghubitta Bittiya Sanstha Limited,UNLB,1324.16
2023-07-16,Unique Nepal Laghubitta Bittiya Sanstha Limited,UNLB,1326.18
2023-07-13,Unique Nepal Laghubitta Bittiya Sanstha Limited,UNLB,1347.88
2023-07-17,United Ajod Insurance Limited,UAIL,533.81
2023-07-17,United IDI Mardi RB Hydropower Limited.,UMRH,447.64
2023-07-16,United IDI Mardi RB Hydropower Limited.,UMRH,435.8
2023-07-13,United IDI Mardi RB Hydropower Limited.,UMRH,443.37
2023-07-17,United Modi Hydropower Ltd.,UMHL,215.62
2023-07-16,United Modi Hydropower Ltd.,UMHL,211.52
2023-07-13,United Modi Hydropower Ltd.,UMHL,218.13
2023-07-17,Unnati Sahakarya Laghubitta Bittiya Sanstha Limited,USLB,849.2
2023-07-16,Unnati Sahakarya Laghubitta Bittiya Sanstha Limited,USLB,835.8
2023-07-13,Unnati Sahakarya Laghubitta Bittiya Sanstha Limited,USLB,824.77
2023-07-17,Upakar Laghubitta Bittiya Sanstha Limited,ULBSL,1401.6
2023-07-16,Upakar Laghubitta Bittiya Sanstha Limited,ULBSL,1386.72
2023-07-13,Upakar Laghubitta Bittiya Sanstha Limited,ULBSL,1393.45
2023-07-17,Upper Hewakhola Hydropower Company Limited,UHEWA,304.23
2023-07-16,Upper Hewakhola Hydropower Company Limited,UHEWA,299.19
2023-07-13,Upper Hewakhola Hydropower Company Limited,UHEWA,309.5
2023-07-17,Upper Solu Hydro Electric Company Limited,USHEC,258.68
2023-07-16,Upper Solu Hydro Electric Company Limited,USHEC,258.5
2023-07-13,Upper Solu Hydro Electric Company Limited,USHEC,263.67
2023-07-17,Upper Tamakoshi Hydropower Ltd,UPPER,426.41
2023-07-16,Upper Tamakoshi Hydropower Ltd,UPPER,425.86
2023-07-13,Upper Tamakoshi Hydropower Ltd,UPPER,430.39
2023-07-13,Vijaya laghubitta Bittiya Sanstha Ltd.,VLBS,715.08
2023-07-17,Wean Nepal Laghubitta Bittiya Sanstha Limited,WNLB,821.79
2023-07-16,Wean Nepal Laghubitta Bittiya Sanstha Limited,WNLB,804.5
2023-07-13,Wean Nepal Laghubitta Bittiya Sanstha Limited,WNLB,807.16
