BUSINESS_DATE,SECURITY_NAME,SYMBOL,CLOSE_PRICE
2023-07-16,10 % NMB DEBENTURE 2085,NMBD2085,1001.0
2023-07-13,10 % NMB DEBENTURE 2085,NMBD2085,987.4
2023-07-16,10% Laxmi Bank Debenture 2086,LBLD86,972.7
2023-07-13,10% Laxmi Bank Debenture 2086,LBLD86,953.7
2023-07-16,10% Nabil Debenture 2082,NBLD82,1010.0
2023-07-13,10% Nabil Debenture 2082,NBLD82,990.4
2023-07-13,10% Nepal SBI Bank Debenture 2086,SBIBD86,965.8
2023-07-16,10% Prabhu Bank Debenture 2084 ,PBLD84,1090.8
2023-07-13,10% Prabhu Bank Debenture 2084 ,PBLD84,1069.5
2023-07-17,10% Prime Debenture 2088,PBD88,912.0
2023-07-16,10% Prime Debenture 2088,PBD88,950.0
2023-07-13,10% Prime Debenture 2088,PBD88,968.9
2023-07-16,10% Sanima Bank Limited Debenture,SAND2085,1130.8
2023-07-13,10% Sunrise Debenture 2080,SRD80,1020.0
2023-07-13,10.25% GLOBAL IME BANK LTD. DEBENTURE 2080/81,GBD80/81,1075.0
2023-07-17,10.25% KBL Debenture 2086,KBLD86,1062.8
2023-07-16,10.25% Machhapuchhre Bank Debenture 2085,MBLD2085,1116.0
2023-07-16,10.25% NBBL Debenture 2085,NBBD2085,1252.1
2023-07-13,10.25% NBBL Debenture 2085,NBBD2085,1158.7
2023-07-16,10.25% NIC Asia Debenture 2083/84,NICD83/84,1097.5
2023-07-13,10.25% NIC Asia Debenture 2083/84,NICD83/84,1090.0
2023-07-16,10.25% Nepal SBI Bank Debenture 2083,SBID83,1000.0
2023-07-16,10.25% Prabhu Bank  Debenture 2086,PBLD86,979.0
2023-07-13,10.25% SBL Debenture 2083,SBLD83,1098.5
2023-07-13,10.25% Sunrise Bank Debenture 2083,SRBLD83,1070.0
2023-07-16,10.35% Agricultural Bank Debenture 2083,ADBLD83,1123.0
2023-07-13,10.35% Agricultural Bank Debenture 2083,ADBLD83,1074.0
2023-07-16,10.5 % NEPAL INVESTMENT DEBENTURE 2082,NIBD2082,1032.9
2023-07-13,10.5 % NEPAL INVESTMENT DEBENTURE 2082,NIBD2082,1009.4
2023-07-16,10.50% SBL Debenture 2082,SBLD2082,1060.2
2023-07-13,10.50% SBL Debenture 2082,SBLD2082,1019.2
2023-07-16,11% NIC Asia Debenture 082/83,NICAD8283,1170.0
2023-07-13,11% NIC Asia Debenture 082/83,NICAD8283,1099.0
2023-07-16,12 % Goodwill Finance Limited Debenture 2083,GWFD83,1125.0
2023-07-13,12 % Goodwill Finance Limited Debenture 2083,GWFD83,1110.0
2023-07-16,12% ICFC Finance Limited Debenture 2083,ICFCD83,1186.0
2023-07-13,12% ICFC Finance Limited Debenture 2083,ICFCD83,1140.0
2023-07-17,8.5% BOK Debenture 2086,BOKD86,809.0
2023-07-16,8.5% BOK Debenture 2086,BOKD86,859.4
2023-07-16,8.5% Laxmi Bank Debenture 2088,LBLD88,818.0
2023-07-13,8.5% Nepal Bank Debenture 2087,NBLD87,869.0
2023-07-17,8.5% Nepal Investment Bank Debenture 2084,NIBD84,847.4
2023-07-16,8.5% Nepal Investment Bank Debenture 2084,NIBD84,865.0
2023-07-13,8.5% Nepal Investment Bank Debenture 2084,NIBD84,865.0
2023-07-16,8.5% Prabhu Bank Debenture 2087,PBLD87,809.7
2023-07-13,8.5% Prabhu Bank Debenture 2087,PBLD87,793.9
2023-07-17,8.5% SBL Debenture 2084,SBLD84,862.4
2023-07-16,8.5% Sanima Debenture 2087,SBD87,857.9
2023-07-13,8.5% Sanima Debenture 2087,SBD87,845.0
2023-07-16,9.5% Manjushree Finance Limited Debenture 2085,MFLD85,975.0
2023-07-13,9.5% Manjushree Finance Limited Debenture 2085,MFLD85,1015.0
2023-07-17,Aarambha Chautari Laghubitta Bittiya Sanstha Limited,ACLBSL,673.9
2023-07-16,Aarambha Chautari Laghubitta Bittiya Sanstha Limited,ACLBSL,647.0
2023-07-13,Aarambha Chautari Laghubitta Bittiya Sanstha Limited,ACLBSL,650.0
2023-07-17,Aatmanirbhar Laghubitta Bittiya Sanstha Limited,ANLB,2390.1
2023-07-16,Aatmanirbhar Laghubitta Bittiya Sanstha Limited,ANLB,2363.9
2023-07-13,Aatmanirbhar Laghubitta Bittiya Sanstha Limited,ANLB,2388.7
2023-07-17,Agricultural Development Bank Limited,ADBL,240.0
2023-07-16,Agricultural Development Bank Limited,ADBL,233.9
2023-07-13,Agricultural Development Bank Limited,ADBL,228.2
2023-07-17,Ankhu Khola Jalvidhyut Company Ltd,AKJCL,195.9
2023-07-16,Ankhu Khola Jalvidhyut Company Ltd,AKJCL,192.5
2023-07-13,Ankhu Khola Jalvidhyut Company Ltd,AKJCL,195.0
2023-07-17,Api Power Company Ltd.,API,200.4
2023-07-16,Api Power Company Ltd.,API,197.0
2023-07-13,Api Power Company Ltd.,API,199.0
2023-07-17,Arun Kabeli Power Ltd.,AKPL,231.9
2023-07-16,Arun Kabeli Power Ltd.,AKPL,234.5
2023-07-13,Arun Kabeli Power Ltd.,AKPL,237.3
2023-07-17,Arun Valley Hydropower Development Co. Ltd.,AHPC,259.0
2023-07-16,Arun Valley Hydropower Development Co. Ltd.,AHPC,255.0
2023-07-13,Arun Valley Hydropower Development Co. Ltd.,AHPC,258.4
2023-07-17,Asha Laghubitta Bittiya Sanstha Ltd,ALBSL,799.0
2023-07-16,Asha Laghubitta Bittiya Sanstha Ltd,ALBSL,785.0
2023-07-13,Asha Laghubitta Bittiya Sanstha Ltd,ALBSL,773.0
2023-07-17,Asian Hydropower Limited,AHL,340.0
2023-07-16,Asian Hydropower Limited,AHL,330.0
2023-07-13,Asian Hydropower Limited,AHL,338.1
2023-07-17,Asian Life Insurance Co. Limited,ALICL,765.9
2023-07-16,Asian Life Insurance Co. Limited,ALICL,745.1
2023-07-13,Asian Life Insurance Co. Limited,ALICL,750.0
2023-07-17,Aviyan Laghubitta Bittiya Sanstha Limited,AVYAN,768.0
2023-07-16,Aviyan Laghubitta Bittiya Sanstha Limited,AVYAN,699.0
2023-07-13,Aviyan Laghubitta Bittiya Sanstha Limited,AVYAN,716.0
2023-07-17,BPW Laghubitta Bittiya Sanstha Limited,BPW,1232.0
2023-07-16,BPW Laghubitta Bittiya Sanstha Limited,BPW,1120.0
2023-07-13,BPW Laghubitta Bittiya Sanstha Limited,BPW,1133.0
2023-07-17,Balephi Hydropower Limited,BHL,264.9
2023-07-16,Balephi Hydropower Limited,BHL,260.0
2023-07-13,Balephi Hydropower Limited,BHL,260.0
2023-07-17,Barahi Hydropower Public Limited,BHPL,460.0
2023-07-16,Barahi Hydropower Public Limited,BHPL,454.5
2023-07-13,Barahi Hydropower Public Limited,BHPL,450.0
2023-07-17,Barun Hydropower Co. Ltd.,BARUN,249.1
2023-07-16,Barun Hydropower Co. Ltd.,BARUN,249.0
2023-07-13,Barun Hydropower Co. Ltd.,BARUN,245.0
2023-07-17,Best Finance Company Ltd.,BFC,366.0
2023-07-16,Best Finance Company Ltd.,BFC,353.0
2023-07-13,Best Finance Company Ltd.,BFC,353.9
2023-07-17,Bhugol Energy Development Company Limited,BEDC,235.0
2023-07-16,Bhugol Energy Development Company Limited,BEDC,232.2
2023-07-13,Bhugol Energy Development Company Limited,BEDC,236.2
2023-07-17,Bindhyabasini Hydropower Development Company Limited,BHDC,383.0
2023-07-16,Bindhyabasini Hydropower Development Company Limited,BHDC,390.0
2023-07-13,Bindhyabasini Hydropower Development Company Limited,BHDC,399.0
2023-07-17,Bishal Bazar Company Limited,BBC,3449.0
2023-07-16,Bishal Bazar Company Limited,BBC,3430.0
2023-07-13,Bishal Bazar Company Limited,BBC,3410.1
2023-07-17,Bottlers Nepal (Terai) Limited,BNT,14000.0
2023-07-13,Bottlers Nepal (Terai) Limited,BNT,13800.0
2023-07-17,Buddha Bhumi Nepal Hydropower Company Limited,BNHC,339.0
2023-07-16,Buddha Bhumi Nepal Hydropower Company Limited,BNHC,335.0
2023-07-13,Buddha Bhumi Nepal Hydropower Company Limited,BNHC,323.0
2023-07-17,Butwal Power Company Limited,BPCL,333.0
2023-07-16,Butwal Power Company Limited,BPCL,330.5
2023-07-13,Butwal Power Company Limited,BPCL,327.3
2023-07-17,CEDB Hydropower Development Company Limited,CHDC,928.0
2023-07-16,CEDB Hydropower Development Company Limited,CHDC,904.0
2023-07-13,CEDB Hydropower Development Company Limited,CHDC,903.0
2023-07-16,CITIZENS MUTUAL FUND 2,CMF2,10.39
2023-07-13,CITIZENS MUTUAL FUND 2,CMF2,9.46
2023-07-17,CYC Nepal Laghubitta Bittiya Sanstha Limited,CYCL,1510.0
2023-07-16,CYC Nepal Laghubitta Bittiya Sanstha Limited,CYCL,1410.0
2023-07-13,CYC Nepal Laghubitta Bittiya Sanstha Limited,CYCL,1330.0
2023-07-17,Central Finance Co. Ltd.,CFCL,406.5
2023-07-16,Central Finance Co. Ltd.,CFCL,393.0
2023-07-13,Central Finance Co. Ltd.,CFCL,392.0
2023-07-16,Century Debenture 2088,CCBD88,1022.9
2023-07-13,Century Debenture 2088,CCBD88,1021.0
2023-07-17,Chandragiri Hills Limited,CGH,1326.0
2023-07-16,Chandragiri Hills Limited,CGH,1280.0
2023-07-13,Chandragiri Hills Limited,CGH,1290.0
2023-07-17,Chhimek Laghubitta Bittiya Sanstha Limited,CBBL,1006.0
2023-07-16,Chhimek Laghubitta Bittiya Sanstha Limited,CBBL,1000.0
2023-07-13,Chhimek Laghubitta Bittiya Sanstha Limited,CBBL,980.0
2023-07-17,Chhyangdi Hydropower Ltd.,CHL,271.0
2023-07-16,Chhyangdi Hydropower Ltd.,CHL,264.0
2023-07-13,Chhyangdi Hydropower Ltd.,CHL,269.0
2023-07-17,Chilime Hydropower Company Limited,CHCL,543.0
2023-07-16,Chilime Hydropower Company Limited,CHCL,536.7
2023-07-13,Chilime Hydropower Company Limited,CHCL,538.0
2023-07-17,Citizen Investment Trust,CIT,2118.0
2023-07-16,Citizen Investment Trust,CIT,2089.0
2023-07-13,Citizen Investment Trust,CIT,2093.0
2023-07-17,Citizens Bank International Limited,CZBIL,178.2
2023-07-16,Citizens Bank International Limited,CZBIL,173.1
2023-07-13,Citizens Bank International Limited,CZBIL,169.0
2023-07-17,Citizens Mutual Fund -1,CMF1,9.0
2023-07-16,Citizens Mutual Fund -1,CMF1,9.38
2023-07-13,Citizens Mutual Fund -1,CMF1,9.34
2023-07-17,City Hotel Limited,CITY,694.0
2023-07-16,City Hotel Limited,CITY,680.1
2023-07-13,City Hotel Limited,CITY,696.1
2023-07-16,Civil Bank Debenture 2088,CBLD88,991.4
2023-07-13,Civil Bank Debenture 2088,CBLD88,1024.0
2023-07-17,Civil Laghubitta Bittiya Sanstha Ltd.,CLBSL,790.0
2023-07-16,Civil Laghubitta Bittiya Sanstha Ltd.,CLBSL,754.0
2023-07-13,Civil Laghubitta Bittiya Sanstha Ltd.,CLBSL,770.0
2023-07-17,Corporate Development Bank Limited,CORBL,369.0
2023-07-16,Corporate Development Bank Limited,CORBL,350.0
2023-07-13,Corporate Development Bank Limited,CORBL,363.5
2023-07-13,Deprosc LaghuBitta Promoter Share,DDBLPO,440.0
2023-07-17,Deprosc Laghubitta Bittiya Sanstha Limited,DDBL,836.1
2023-07-16,Deprosc Laghubitta Bittiya Sanstha Limited,DDBL,826.0
2023-07-13,Deprosc Laghubitta Bittiya Sanstha Limited,DDBL,822.1
2023-07-17,Dibyashwori Hydropower Ltd.,DHPL,190.0
2023-07-16,Dibyashwori Hydropower Ltd.,DHPL,185.0
2023-07-13,Dibyashwori Hydropower Ltd.,DHPL,190.2
2023-07-17,Dolti Power Company Limited,DOLTI,231.0
2023-07-16,Dolti Power Company Limited,DOLTI,228.0
2023-07-13,Dolti Power Company Limited,DOLTI,231.4
2023-07-17,Dordi Khola Jal Bidyut Company Limited,DORDI,249.9
2023-07-16,Dordi Khola Jal Bidyut Company Limited,DORDI,245.0
2023-07-13,Dordi Khola Jal Bidyut Company Limited,DORDI,246.9
2023-07-17,Eastern Hydropower Limited,EHPL,316.7
2023-07-16,Eastern Hydropower Limited,EHPL,311.0
2023-07-13,Eastern Hydropower Limited,EHPL,313.0
2023-07-17,Emerging Nepal Limited,ENL,715.0
2023-07-16,Emerging Nepal Limited,ENL,696.0
2023-07-13,Emerging Nepal Limited,ENL,692.1
2023-07-17,Everest Bank Limited,EBL,581.5
2023-07-16,Everest Bank Limited,EBL,563.0
2023-07-16,Everest Bank Limited,EBLD86,840.0
2023-07-13,Everest Bank Limited,EBL,562.0
2023-07-13,Everest Bank Limited,EBLD86,855.0
2023-07-17,Excel Development Bank Ltd.,EDBL,336.0
2023-07-16,Excel Development Bank Ltd.,EDBL,325.4
2023-07-13,Excel Development Bank Ltd.,EDBL,326.0
2023-07-17,First Micro Finance Laghubitta Bittiya Sanstha Limited,FMDBL,752.0
2023-07-16,First Micro Finance Laghubitta Bittiya Sanstha Limited,FMDBL,736.3
2023-07-13,First Micro Finance Laghubitta Bittiya Sanstha Limited,FMDBL,750.0
2023-07-17,Forward Microfinance Laghubitta Bittiya Sanstha Limited,FOWAD,1370.0
2023-07-16,Forward Microfinance Laghubitta Bittiya Sanstha Limited,FOWAD,1321.0
2023-07-13,Forward Microfinance Laghubitta Bittiya Sanstha Limited,FOWAD,1340.0
2023-07-17,Ganapati Laghubitta Bittiya Sanstha Limited,GMFBS,820.0
2023-07-16,Ganapati Laghubitta Bittiya Sanstha Limited,GMFBS,810.9
2023-07-13,Ganapati Laghubitta Bittiya Sanstha Limited,GMFBS,797.8
2023-07-17,Garima Bikas Bank Limited,GBBL,406.8
2023-07-16,Garima Bikas Bank Limited,GBBL,405.0
2023-07-13,Garima Bikas Bank Limited,GBBL,384.3
2023-07-17,Ghalemdi Hydro Limited,GHL,222.0
2023-07-16,Ghalemdi Hydro Limited,GHL,222.0
2023-07-13,Ghalemdi Hydro Limited,GHL,220.8
2023-07-17,Global IME Balanced Fund-1,GIBF1,9.07
2023-07-16,Global IME Balanced Fund-1,GIBF1,9.34
2023-07-13,Global IME Balanced Fund-1,GIBF1,9.16
2023-07-17,Global IME Bank Limited,GBIME,190.5
2023-07-16,Global IME Bank Limited,GBIME,186.0
2023-07-13,Global IME Bank Limited,GBIME,183.5
2023-07-16,Global IME Bank Limited Debenture 2086/87,GBILD86/87,836.0
2023-07-13,Global IME Bank Limited Debenture 2086/87,GBILD86/87,819.0
2023-07-13,Global IME Bank Ltd. Promoter Share,GBIMEP,103.0
2023-07-17,Global IME Laghubitta Bittiya Sanstha Ltd.,GILB,1054.9
2023-07-16,Global IME Laghubitta Bittiya Sanstha Ltd.,GILB,1061.0
2023-07-13,Global IME Laghubitta Bittiya Sanstha Ltd.,GILB,1010.0
2023-07-17,Goodwill Finance Limited,GFCL,508.0
2023-07-16,Goodwill Finance Limited,GFCL,483.0
2023-07-13,Goodwill Finance Limited,GFCL,482.0
2023-07-17,Grameen Bikas Laghubitta Bittiya Sanstha Ltd.,GBLBS,628.0
2023-07-16,Grameen Bikas Laghubitta Bittiya Sanstha Ltd.,GBLBS,633.0
2023-07-13,Grameen Bikas Laghubitta Bittiya Sanstha Ltd.,GBLBS,579.1
2023-07-17,Green Development Bank Ltd.,GRDBL,320.0
2023-07-16,Green Development Bank Ltd.,GRDBL,306.0
2023-07-13,Green Development Bank Ltd.,GRDBL,310.0
2023-07-17,Green Ventures Limited,GVL,412.0
2023-07-16,Green Ventures Limited,GVL,385.0
2023-07-13,Green Ventures Limited,GVL,388.1
2023-07-17,GreenLife Hydropower Limited,GLH,263.0
2023-07-16,GreenLife Hydropower Limited,GLH,255.5
2023-07-13,GreenLife Hydropower Limited,GLH,260.0
2023-07-17,Guheshowori Merchant Bank & Finance Co. Ltd.,GMFIL,421.0
2023-07-16,Guheshowori Merchant Bank & Finance Co. Ltd.,GMFIL,396.8
2023-07-13,Guheshowori Merchant Bank & Finance Co. Ltd.,GMFIL,399.8
2023-07-17,Gurans Laghubitta Bittiya Sanstha Limited,GLBSL,750.0
2023-07-16,Gurans Laghubitta Bittiya Sanstha Limited,GLBSL,738.0
2023-07-13,Gurans Laghubitta Bittiya Sanstha Limited,GLBSL,739.0
2023-07-17,Gurkhas Finance Ltd.,GUFL,578.0
2023-07-16,Gurkhas Finance Ltd.,GUFL,560.0
2023-07-13,Gurkhas Finance Ltd.,GUFL,564.9
2023-07-17,Himal Dolakha Hydropower Company Limited,HDHPC,155.0
2023-07-16,Himal Dolakha Hydropower Company Limited,HDHPC,152.0
2023-07-13,Himal Dolakha Hydropower Company Limited,HDHPC,153.9
2023-07-17,Himalaya Urja Bikas Company Limited,HURJA,274.0
2023-07-16,Himalaya Urja Bikas Company Limited,HURJA,274.0
2023-07-13,Himalaya Urja Bikas Company Limited,HURJA,272.0
2023-07-17,Himalayan Bank Limited,HBL,217.0
2023-07-16,Himalayan Bank Limited,HBL,212.8
2023-07-13,Himalayan Bank Limited,HBL,208.9
2023-07-17,Himalayan Distillery Limited,HDL,2279.0
2023-07-16,Himalayan Distillery Limited,HDL,2248.0
2023-07-13,Himalayan Distillery Limited,HDL,2241.0
2023-07-17,Himalayan Everest Insurance Limited,HEI,620.0
2023-07-16,Himalayan Everest Insurance Limited,HEI,600.0
2023-07-13,Himalayan Everest Insurance Limited,HEI,605.0
2023-07-17,Himalayan Everest Insurance Limited Promoter,HEIP,469.2
2023-07-16,Himalayan Everest Insurance Limited Promoter,HEIP,460.0
2023-07-13,Himalayan Everest Insurance Limited Promoter,HEIP,450.0
2023-07-17,Himalayan Hydropower Limited,HHL,255.0
2023-07-16,Himalayan Hydropower Limited,HHL,249.0
2023-07-13,Himalayan Hydropower Limited,HHL,259.0
2023-07-17,Himalayan Life Insurance Limited,HLI,516.0
2023-07-16,Himalayan Life Insurance Limited,HLI,507.0
2023-07-13,Himalayan Life Insurance Limited,HLI,507.0
2023-07-17,Himalayan Power Partner Ltd.,HPPL,289.0
2023-07-16,Himalayan Power Partner Ltd.,HPPL,285.9
2023-07-13,Himalayan Power Partner Ltd.,HPPL,291.0
2023-07-17,Hydorelectricity Investment and Development Company Limited Promoter,HIDCLP,104.2
2023-07-16,Hydorelectricity Investment and Development Company Limited Promoter,HIDCLP,102.8
2023-07-13,Hydorelectricity Investment and Development Company Limited Promoter,HIDCLP,103.9
2023-07-17,Hydorelectricity Investment and Development Company Ltd,HIDCL,188.1
2023-07-16,Hydorelectricity Investment and Development Company Ltd,HIDCL,184.0
2023-07-13,Hydorelectricity Investment and Development Company Ltd,HIDCL,183.9
2023-07-17,ICFC Finance Limited,ICFC,538.0
2023-07-16,ICFC Finance Limited,ICFC,525.0
2023-07-13,ICFC Finance Limited,ICFC,524.0
2023-07-17,IGI Prudential insurance Limited,IGI,582.0
2023-07-16,IGI Prudential insurance Limited,IGI,560.0
2023-07-13,IGI Prudential insurance Limited,IGI,558.0
2023-07-17,Infinity Laghubitta Bittiya Sanstha Limited,ILBS,728.0
2023-07-16,Infinity Laghubitta Bittiya Sanstha Limited,ILBS,715.0
2023-07-13,Infinity Laghubitta Bittiya Sanstha Limited,ILBS,702.0
2023-07-17,Ingwa Hydropower Limited,IHL,264.3
2023-07-16,Ingwa Hydropower Limited,IHL,257.0
2023-07-13,Ingwa Hydropower Limited,IHL,260.0
2023-07-17,Jalpa Samudayik Laghubitta Bittiya Sanstha Limited,JALPA,1625.0
2023-07-16,Jalpa Samudayik Laghubitta Bittiya Sanstha Limited,JALPA,1615.1
2023-07-13,Jalpa Samudayik Laghubitta Bittiya Sanstha Limited,JALPA,1613.6
2023-07-17,Janaki Finance Company Limited,JFL,420.0
2023-07-16,Janaki Finance Company Limited,JFL,409.0
2023-07-13,Janaki Finance Company Limited,JFL,404.0
2023-07-17,Janautthan Samudayic Laghubitta Bittya Sanstha Limited,JSLBB,1045.0
2023-07-16,Janautthan Samudayic Laghubitta Bittya Sanstha Limited,JSLBB,1020.0
2023-07-13,Janautthan Samudayic Laghubitta Bittya Sanstha Limited,JSLBB,1030.0
2023-07-17,Jeevan Bikas Laghubitta  Bittya Sanstha Ltd,JBLB,1635.0
2023-07-16,Jeevan Bikas Laghubitta  Bittya Sanstha Ltd,JBLB,1600.1
2023-07-13,Jeevan Bikas Laghubitta  Bittya Sanstha Ltd,JBLB,1608.0
2023-07-17,Joshi Hydropower Development Company Ltd,JOSHI,268.0
2023-07-16,Joshi Hydropower Development Company Ltd,JOSHI,269.0
2023-07-13,Joshi Hydropower Development Company Ltd,JOSHI,268.0
2023-07-17,Jyoti Bikas Bank Limited,JBBL,312.0
2023-07-16,Jyoti Bikas Bank Limited,JBBL,298.0
2023-07-13,Jyoti Bikas Bank Limited,JBBL,297.0
2023-07-16,Jyoti Bikash  Bank Ltd. Promoter Share,JBBLPO,157.0
2023-07-17,Kalika Laghubitta Bittiya Sanstha Ltd,KMCDB,732.1
2023-07-16,Kalika Laghubitta Bittiya Sanstha Ltd,KMCDB,736.0
2023-07-13,Kalika Laghubitta Bittiya Sanstha Ltd,KMCDB,754.0
2023-07-17,Kalika power Company Ltd,KPCL,367.9
2023-07-16,Kalika power Company Ltd,KPCL,355.0
2023-07-13,Kalika power Company Ltd,KPCL,355.1
2023-07-17,Kalinchowk Darshan Limited,KDL,962.1
2023-07-16,Kalinchowk Darshan Limited,KDL,934.0
2023-07-13,Kalinchowk Darshan Limited,KDL,938.0
2023-07-17,Kamana Sewa Bikas Bank Limited,KSBBL,345.0
2023-07-16,Kamana Sewa Bikas Bank Limited,KSBBL,327.0
2023-07-13,Kamana Sewa Bikas Bank Limited,KSBBL,330.0
2023-07-17,Karnali Development Bank Limited,KRBL,297.0
2023-07-16,Karnali Development Bank Limited,KRBL,282.0
2023-07-13,Karnali Development Bank Limited,KRBL,284.0
2023-07-17,Khanikhola Hydropower Co. Ltd.,KKHC,207.9
2023-07-16,Khanikhola Hydropower Co. Ltd.,KKHC,203.6
2023-07-13,Khanikhola Hydropower Co. Ltd.,KKHC,202.0
2023-07-17,Kisan Lagubitta Bittiya Sanstha Limited,KLBSL,710.0
2023-07-16,Kisan Lagubitta Bittiya Sanstha Limited,KLBSL,709.0
2023-07-13,Kisan Lagubitta Bittiya Sanstha Limited,KLBSL,710.0
2023-07-17,Kumari Bank Limited,KBL,170.7
2023-07-16,Kumari Bank Limited,KBL,165.0
2023-07-13,Kumari Bank Limited,KBL,160.0
2023-07-16,Kumari Bank Limited Promotor Share,KBLPO,113.7
2023-07-17,Kumari Dhanabriddhi Yojana,KDBY,9.2
2023-07-16,Kumari Dhanabriddhi Yojana,KDBY,10.04
2023-07-13,Kumari Dhanabriddhi Yojana,KDBY,9.68
2023-07-17,Kumari Equity Fund,KEF,10.35
2023-07-16,Kumari Equity Fund,KEF,10.17
2023-07-13,Kumari Equity Fund,KEF,9.37
2023-07-13,Laxmi Bank Limited,LBL,173.0
2023-07-17,Laxmi Equity Fund,LEMF,9.62
2023-07-16,Laxmi Equity Fund,LEMF,9.59
2023-07-13,Laxmi Equity Fund,LEMF,9.44
2023-07-17,Laxmi Laghubitta Bittiya Sanstha Ltd.,LLBS,906.0
2023-07-16,Laxmi Laghubitta Bittiya Sanstha Ltd.,LLBS,893.0
2023-07-13,Laxmi Laghubitta Bittiya Sanstha Ltd.,LLBS,860.0
2023-07-17,Laxmi Unnati Kosh,LUK,9.46
2023-07-16,Laxmi Unnati Kosh,LUK,9.39
2023-07-13,Laxmi Unnati Kosh,LUK,9.32
2023-07-17,Liberty Energy Company Limited,LEC,247.9
2023-07-16,Liberty Energy Company Limited,LEC,244.5
2023-07-13,Liberty Energy Company Limited,LEC,260.0
2023-07-17,Life Insurance Corporation (Nepal) Limited,LICN,1599.0
2023-07-16,Life Insurance Corporation (Nepal) Limited,LICN,1555.0
2023-07-13,Life Insurance Corporation (Nepal) Limited,LICN,1566.0
2023-07-17,Lumbini Bikas Bank Ltd.,LBBL,434.0
2023-07-16,Lumbini Bikas Bank Ltd.,LBBL,413.0
2023-07-13,Lumbini Bikas Bank Ltd.,LBBL,405.3
2023-07-17,Machhapuchhre Bank Limited,MBL,241.2
2023-07-16,Machhapuchhre Bank Limited,MBL,231.8
2023-07-13,Machhapuchhre Bank Limited,MBL,228.2
2023-07-17,Madhya Bhotekoshi Jalavidyut Company Limited,MBJC,307.0
2023-07-16,Madhya Bhotekoshi Jalavidyut Company Limited,MBJC,295.1
2023-07-13,Madhya Bhotekoshi Jalavidyut Company Limited,MBJC,303.7
2023-07-17,Mahalaxmi Bikas Bank Ltd.,MLBL,345.0
2023-07-16,Mahalaxmi Bikas Bank Ltd.,MLBL,325.5
2023-07-13,Mahalaxmi Bikas Bank Ltd.,MLBL,328.4
2023-07-16,Mahalxmi Bikas Bank Ltd. Promotor Share,MLBLPO,174.7
2023-07-17,Mahila Lagubitta Bittiya Sanstha Limited ,MLBSL,2096.0
2023-07-16,Mahila Lagubitta Bittiya Sanstha Limited ,MLBSL,2100.0
2023-07-13,Mahila Lagubitta Bittiya Sanstha Limited ,MLBSL,2089.0
2023-07-17,Mahuli Laghubitta Bittiya Sanstha Limited,MSLB,880.0
2023-07-16,Mahuli Laghubitta Bittiya Sanstha Limited,MSLB,869.9
2023-07-13,Mahuli Laghubitta Bittiya Sanstha Limited,MSLB,867.0
2023-07-17,Mai Khola Hydropower Limited,MKHL,287.5
2023-07-16,Mai Khola Hydropower Limited,MKHL,276.1
2023-07-13,Mai Khola Hydropower Limited,MKHL,285.4
2023-07-17,Mailung Khola Jal Vidhyut Company Limited,MKJC,382.1
2023-07-16,Mailung Khola Jal Vidhyut Company Limited,MKJC,392.0
2023-07-13,Mailung Khola Jal Vidhyut Company Limited,MKJC,379.8
2023-07-17,Makar Jitumaya Suri Hydropower Limited,MAKAR,280.0
2023-07-16,Makar Jitumaya Suri Hydropower Limited,MAKAR,273.1
2023-07-13,Makar Jitumaya Suri Hydropower Limited,MAKAR,290.0
2023-07-17,Manakamana Smart Laghubitta Bittiya Sanstha Limited,MKLB,769.6
2023-07-16,Manakamana Smart Laghubitta Bittiya Sanstha Limited,MKLB,756.9
2023-07-13,Manakamana Smart Laghubitta Bittiya Sanstha Limited,MKLB,730.0
2023-07-17,Mandakini Hydropower Limited,MHL,311.0
2023-07-16,Mandakini Hydropower Limited,MHL,303.0
2023-07-13,Mandakini Hydropower Limited,MHL,309.0
2023-07-17,Manjushree Finance Ltd.,MFIL,571.0
2023-07-16,Manjushree Finance Ltd.,MFIL,550.0
2023-07-13,Manjushree Finance Ltd.,MFIL,555.0
2023-07-17,Manushi Laghubitta Bittiya Sanstha Limited,MLBS,791.1
2023-07-16,Manushi Laghubitta Bittiya Sanstha Limited,MLBS,788.0
2023-07-13,Manushi Laghubitta Bittiya Sanstha Limited,MLBS,785.1
2023-07-17,Maya Khola Hydropower Company Limited,MKHC,240.0
2023-07-16,Maya Khola Hydropower Company Limited,MKHC,233.5
2023-07-13,Maya Khola Hydropower Company Limited,MKHC,234.6
2023-07-17,Mega Mutual Fund -1,MMF1,7.62
2023-07-16,Mega Mutual Fund -1,MMF1,7.99
2023-07-13,Mega Mutual Fund -1,MMF1,7.84
2023-07-17,Menchhiyam Hydropower Limited,MCHL,229.5
2023-07-16,Menchhiyam Hydropower Limited,MCHL,226.0
2023-07-13,Menchhiyam Hydropower Limited,MCHL,226.0
2023-07-17,Mero Microfinance Bittiya Sanstha Ltd.,MERO,686.0
2023-07-16,Mero Microfinance Bittiya Sanstha Ltd.,MERO,661.0
2023-07-13,Mero Microfinance Bittiya Sanstha Ltd.,MERO,675.0
2023-07-17,Mirmire Laghubitta Bittya Sanstha Limited,MMFDB,728.0
2023-07-16,Mirmire Laghubitta Bittya Sanstha Limited,MMFDB,709.0
2023-07-13,Mirmire Laghubitta Bittya Sanstha Limited,MMFDB,698.1
2023-07-17,Miteri Development Bank Limited,MDB,420.0
2023-07-16,Miteri Development Bank Limited,MDB,404.1
2023-07-13,Miteri Development Bank Limited,MDB,403.0
2023-07-17,Mithila LaghuBitta Bittiya Sanstha Limited,MLBBL,1025.0
2023-07-16,Mithila LaghuBitta Bittiya Sanstha Limited,MLBBL,1044.0
2023-07-13,Mithila LaghuBitta Bittiya Sanstha Limited,MLBBL,985.1
2023-07-17,Modi Energy Limited,MEL,211.5
2023-07-16,Modi Energy Limited,MEL,207.5
2023-07-13,Modi Energy Limited,MEL,208.6
2023-07-17,Molung Hydropower Company Limited,MHCL,214.0
2023-07-16,Molung Hydropower Company Limited,MHCL,209.4
2023-07-13,Molung Hydropower Company Limited,MHCL,214.0
2023-07-17,Mountain Energy Nepal Limited,MEN,1012.0
2023-07-16,Mountain Energy Nepal Limited,MEN,995.0
2023-07-13,Mountain Energy Nepal Limited,MEN,1019.0
2023-07-17,Mountain Hydro Nepal Limited,MHNL,239.0
2023-07-16,Mountain Hydro Nepal Limited,MHNL,238.0
2023-07-13,Mountain Hydro Nepal Limited,MHNL,235.0
2023-07-17,Muktinath Bikas Bank Ltd.,MNBBL,419.0
2023-07-16,Muktinath Bikas Bank Ltd.,MNBBL,407.0
2023-07-13,Muktinath Bikas Bank Ltd.,MNBBL,407.0
2023-07-17,Multipurpose Finance Company  Limited,MPFL,409.0
2023-07-16,Multipurpose Finance Company  Limited,MPFL,381.1
2023-07-13,Multipurpose Finance Company  Limited,MPFL,386.0
2023-07-17,NABIL BALANCED FUND-2,NBF2,8.88
2023-07-16,NABIL BALANCED FUND-2,NBF2,8.8
2023-07-13,NABIL BALANCED FUND-2,NBF2,8.86
2023-07-17,NESDO Sambridha Laghubitta Bittiya Sanstha Limited,NESDO,2089.0
2023-07-16,NESDO Sambridha Laghubitta Bittiya Sanstha Limited,NESDO,2044.0
2023-07-13,NESDO Sambridha Laghubitta Bittiya Sanstha Limited,NESDO,2038.0
2023-07-16,NIBL Growth Fund,NIBLGF,10.64
2023-07-13,NIBL Growth Fund,NIBLGF,9.68
2023-07-17,NIBL Pragati Fund,NIBLPF,9.37
2023-07-16,NIBL Pragati Fund,NIBLPF,9.71
2023-07-13,NIBL Pragati Fund,NIBLPF,9.74
2023-07-17,NIBL Samriddhi Fund -2,NIBSF2,8.92
2023-07-16,NIBL Samriddhi Fund -2,NIBSF2,9.11
2023-07-13,NIBL Samriddhi Fund -2,NIBSF2,8.63
2023-07-17,NIC ASIA Laghubitta Bittiya Sanstha Limited,NICLBSL,754.0
2023-07-16,NIC ASIA Laghubitta Bittiya Sanstha Limited,NICLBSL,729.0
2023-07-13,NIC ASIA Laghubitta Bittiya Sanstha Limited,NICLBSL,725.1
2023-07-17,NIC Asia Balanced Fund,NICBF,9.3
2023-07-16,NIC Asia Balanced Fund,NICBF,9.33
2023-07-13,NIC Asia Balanced Fund,NICBF,9.38
2023-07-17,NIC Asia Bank Ltd.,NICA,803.0
2023-07-16,NIC Asia Bank Ltd.,NICA,793.8
2023-07-13,NIC Asia Bank Ltd.,NICA,781.9
2023-07-16,NIC Asia Flexi CAP Fund,NICFC,10.17
2023-07-13,NIC Asia Flexi CAP Fund,NICFC,9.42
2023-07-17,NIC Asia Growth Fund,NICGF,10.27
2023-07-16,NIC Asia Growth Fund,NICGF,10.29
2023-07-13,NIC Asia Growth Fund,NICGF,9.94
2023-07-17,NIC Asia Select Fund 30,NICSF,8.87
2023-07-16,NIC Asia Select Fund 30,NICSF,8.99
2023-07-13,NIC Asia Select Fund 30,NICSF,8.81
2023-07-17,NLG Insurance Company Ltd.,NLG,864.0
2023-07-16,NLG Insurance Company Ltd.,NLG,840.0
2023-07-13,NLG Insurance Company Ltd.,NLG,851.0
2023-07-17,NMB  Microfinance Bittiya Sanstha Ltd.,NMBMF,660.0
2023-07-16,NMB  Microfinance Bittiya Sanstha Ltd.,NMBMF,640.0
2023-07-13,NMB  Microfinance Bittiya Sanstha Ltd.,NMBMF,643.0
2023-07-17,NMB 50,NMB50,10.6
2023-07-16,NMB 50,NMB50,10.5
2023-07-13,NMB 50,NMB50,10.45
2023-07-17,NMB Bank Limited,NMB,234.0
2023-07-16,NMB Bank Limited,NMB,226.0
2023-07-13,NMB Bank Limited,NMB,224.0
2023-07-17,NMB Debenture 8.50% - 2087/88,NMBD87/88,789.8
2023-07-13,NMB Debenture 8.50% - 2087/88,NMBD87/88,805.9
2023-07-17,NMB Hybrid Fund L-1,NMBHF1,10.79
2023-07-16,NMB Hybrid Fund L-1,NMBHF1,10.79
2023-07-13,NMB Hybrid Fund L-1,NMBHF1,10.62
2023-07-17,NMB Sulav Investment Fund - 2,NSIF2,9.99
2023-07-16,NMB Sulav Investment Fund - 2,NSIF2,9.99
2023-07-13,NMB Sulav Investment Fund - 2,NSIF2,9.88
2023-07-17,NRN Infrastructure and Development Limited,NRN,521.0
2023-07-16,NRN Infrastructure and Development Limited,NRN,513.0
2023-07-13,NRN Infrastructure and Development Limited,NRN,511.0
2023-07-17,Nabil Balanced Fund-3,NBF3,7.69
2023-07-16,Nabil Balanced Fund-3,NBF3,7.57
2023-07-13,Nabil Balanced Fund-3,NBF3,7.53
2023-07-17,Nabil Bank Limited,NABIL,611.0
2023-07-16,Nabil Bank Limited,NABIL,599.2
2023-07-13,Nabil Bank Limited,NABIL,590.0
2023-07-17,Nabil Debenture 2085,NBLD85,843.0
2023-07-16,Nabil Debenture 2085,NBLD85,843.0
2023-07-13,Nabil Debenture 2085,NBLD85,843.2
2023-07-17,Nabil Equity Fund,NEF,9.73
2023-07-16,Nabil Equity Fund,NEF,9.61
2023-07-13,Nabil Equity Fund,NEF,9.73
2023-07-17,Nadep Laghubittiya bittya Sanstha Ltd.,NADEP,627.0
2023-07-16,Nadep Laghubittiya bittya Sanstha Ltd.,NADEP,608.2
2023-07-13,Nadep Laghubittiya bittya Sanstha Ltd.,NADEP,615.0
2023-07-17,Narayani Development Bank Limited,NABBC,419.1
2023-07-16,Narayani Development Bank Limited,NABBC,414.0
2023-07-13,Narayani Development Bank Limited,NABBC,410.0
2023-07-17,National Hydro Power Company Limited,NHPC,179.0
2023-07-16,National Hydro Power Company Limited,NHPC,177.9
2023-07-13,National Hydro Power Company Limited,NHPC,180.5
2023-07-17,National Life Insurance Co. Ltd.,NLICL,664.0
2023-07-16,National Life Insurance Co. Ltd.,NLICL,645.0
2023-07-13,National Life Insurance Co. Ltd.,NLICL,647.0
2023-07-13,National Microfinance Laghubitta Bittiya Sanstha Limited,NMFBS,1366.0
2023-07-13,Naya Sarathi Laghubitta Bittiya Sanstha Limited,NSLB,693.5
2023-07-17,Neco Insurance Limited,NIL,904.9
2023-07-16,Neco Insurance Limited,NIL,891.1
2023-07-13,Neco Insurance Limited,NIL,892.0
2023-07-17,Nepal Bank Limited,NBL,254.7
2023-07-16,Nepal Bank Limited,NBL,249.0
2023-07-13,Nepal Bank Limited,NBL,245.0
2023-07-17,Nepal Doorsanchar Company Limited,NTC,918.0
2023-07-16,Nepal Doorsanchar Company Limited,NTC,906.9
2023-07-13,Nepal Doorsanchar Company Limited,NTC,902.3
2023-07-17,Nepal Finance Ltd.,NFS,369.9
2023-07-16,Nepal Finance Ltd.,NFS,351.0
2023-07-13,Nepal Finance Ltd.,NFS,353.0
2023-07-17,Nepal Hydro Developers Ltd.,NHDL,384.4
2023-07-16,Nepal Hydro Developers Ltd.,NHDL,377.0
2023-07-13,Nepal Hydro Developers Ltd.,NHDL,375.2
2023-07-17,Nepal Infrastructure Bank Limited,NIFRA,228.1
2023-07-16,Nepal Infrastructure Bank Limited,NIFRA,224.0
2023-07-13,Nepal Infrastructure Bank Limited,NIFRA,217.0
2023-07-17,Nepal Insurance Co. Ltd.,NICL,842.0
2023-07-16,Nepal Insurance Co. Ltd.,NICL,820.0
2023-07-13,Nepal Insurance Co. Ltd.,NICL,836.0
2023-07-17,Nepal Investment Mega Bank Limited,NIMB,184.0
2023-07-16,Nepal Investment Mega Bank Limited,NIMB,173.8
2023-07-13,Nepal Investment Mega Bank Limited,NIMB,174.9
2023-07-17,Nepal Investment Mega Bank Ltd. Promoter Share,NIMBPO,154.9
2023-07-16,Nepal Investment Mega Bank Ltd. Promoter Share,NIMBPO,153.9
2023-07-13,Nepal Investment Mega Bank Ltd. Promoter Share,NIMBPO,148.0
2023-07-17,Nepal Life Insurance Co. Ltd.,NLIC,763.0
2023-07-16,Nepal Life Insurance Co. Ltd.,NLIC,744.0
2023-07-13,Nepal Life Insurance Co. Ltd.,NLIC,740.1
2023-07-16,Nepal Lube Oil Limited,NLO,261.0
2023-07-17,Nepal Reinsurance Company Limited,NRIC,751.0
2023-07-16,Nepal Reinsurance Company Limited,NRIC,740.0
2023-07-13,Nepal Reinsurance Company Limited,NRIC,738.0
2023-07-17,Nepal SBI Bank Limited,SBI,351.9
2023-07-16,Nepal SBI Bank Limited,SBI,341.0
2023-07-13,Nepal SBI Bank Limited,SBI,342.9
2023-07-17,Nerude Laghubitta Bittiya Sanstha Limited,NLBBL,695.1
2023-07-16,Nerude Laghubitta Bittiya Sanstha Limited,NLBBL,688.0
2023-07-13,Nerude Laghubitta Bittiya Sanstha Limited,NLBBL,676.2
2023-07-17,Ngadi Group Power Ltd.,NGPL,237.1
2023-07-16,Ngadi Group Power Ltd.,NGPL,233.9
2023-07-13,Ngadi Group Power Ltd.,NGPL,239.0
2023-07-17,Nirdhan Utthan Laghubitta Bittiya Sanstha Limited,NUBL,776.0
2023-07-16,Nirdhan Utthan Laghubitta Bittiya Sanstha Limited,NUBL,765.0
2023-07-13,Nirdhan Utthan Laghubitta Bittiya Sanstha Limited,NUBL,729.0
2023-07-17,Nyadi Hydropower Limited,NYADI,268.7
2023-07-16,Nyadi Hydropower Limited,NYADI,261.1
2023-07-13,Nyadi Hydropower Limited,NYADI,265.0
2023-07-17,Oriental Hotels Limited,OHL,816.0
2023-07-16,Oriental Hotels Limited,OHL,799.0
2023-07-13,Oriental Hotels Limited,OHL,789.0
2023-07-17,Panchakanya Mai Hydropower Ltd,PMHPL,204.0
2023-07-16,Panchakanya Mai Hydropower Ltd,PMHPL,204.0
2023-07-13,Panchakanya Mai Hydropower Ltd,PMHPL,207.0
2023-07-17,Panchthar Power Compant Limited,PPCL,276.0
2023-07-16,Panchthar Power Compant Limited,PPCL,269.0
2023-07-13,Panchthar Power Compant Limited,PPCL,269.9
2023-07-17,People's Power Limited,PPL,256.9
2023-07-16,People's Power Limited,PPL,249.0
2023-07-13,People's Power Limited,PPL,257.0
2023-07-17,Peoples Hydropower Company Limited,PHCL,325.0
2023-07-16,Peoples Hydropower Company Limited,PHCL,335.0
2023-07-13,Peoples Hydropower Company Limited,PHCL,318.5
2023-07-17,Pokhara Finance Ltd.,PFL,409.0
2023-07-16,Pokhara Finance Ltd.,PFL,398.0
2023-07-13,Pokhara Finance Ltd.,PFL,399.0
2023-07-17,Prabhu  Bank Limited,PRVU,169.0
2023-07-16,Prabhu  Bank Limited,PRVU,162.6
2023-07-13,Prabhu  Bank Limited,PRVU,160.0
2023-07-16,Prabhu  Bank Limited Promoter Share,PRVUPO,113.0
2023-07-13,Prabhu  Bank Limited Promoter Share,PRVUPO,115.0
2023-07-17,Prabhu Insurance Ltd.,PRIN,776.9
2023-07-16,Prabhu Insurance Ltd.,PRIN,747.0
2023-07-13,Prabhu Insurance Ltd.,PRIN,740.0
2023-07-13,Prabhu Life Insurance Limited,PLI,587.0
2023-07-17,Prabhu Select Fund,PSF,9.0
2023-07-16,Prabhu Select Fund,PSF,8.85
2023-07-13,Prabhu Select Fund,PSF,9.14
2023-07-17,Prabhu Smart Fund,PRSF,9.71
2023-07-16,Prabhu Smart Fund,PRSF,9.9
2023-07-13,Prabhu Smart Fund,PRSF,9.15
2023-07-17,Prime Commercial Bank Ltd.,PCBL,199.9
2023-07-16,Prime Commercial Bank Ltd.,PCBL,195.0
2023-07-13,Prime Commercial Bank Ltd.,PCBL,191.7
2023-07-13,Prime Commercial Bank Promoter Share,PCBLP,147.0
2023-07-17,Progressive Finance Limited,PROFL,419.0
2023-07-16,Progressive Finance Limited,PROFL,408.9
2023-07-13,Progressive Finance Limited,PROFL,419.0
2023-07-17,RASUWAGADHI HYDROPOWER COMPANY LIMITED,RHPL,303.0
2023-07-16,RASUWAGADHI HYDROPOWER COMPANY LIMITED,RHPL,300.0
2023-07-13,RASUWAGADHI HYDROPOWER COMPANY LIMITED,RHPL,303.0
2023-07-17,RBB Mutual Fund 1,RMF1,8.1
2023-07-16,RBB Mutual Fund 1,RMF1,8.08
2023-07-13,RBB Mutual Fund 1,RMF1,7.94
2023-07-17,RSDC Laghubitta Bittiya Sanstha Ltd.,RSDC,642.8
2023-07-16,RSDC Laghubitta Bittiya Sanstha Ltd.,RSDC,613.1
2023-07-13,RSDC Laghubitta Bittiya Sanstha Ltd.,RSDC,621.0
2023-07-17,Radhi Bidyut Company Ltd,RADHI,237.0
2023-07-16,Radhi Bidyut Company Ltd,RADHI,234.0
2023-07-13,Radhi Bidyut Company Ltd,RADHI,236.0
2023-07-17,Rapti Hydro And General Construction Limited,RHGCL,249.0
2023-07-16,Rapti Hydro And General Construction Limited,RHGCL,247.0
2023-07-13,Rapti Hydro And General Construction Limited,RHGCL,248.5
2023-07-13,Rastra Utthan Laghubitta Sanstha Limited,RULB,755.0
2023-07-17,Rastriya Beema Company Limited,RBCL,16020.0
2023-07-16,Rastriya Beema Company Limited,RBCL,16099.0
2023-07-13,Rastriya Beema Company Limited,RBCL,15190.0
2023-07-16,Rastriya Beema Company Limited Promoter Share,RBCLPO,15598.0
2023-07-13,Rastriya Beema Company Limited Promoter Share,RBCLPO,14499.0
2023-07-17,Rawa Energy Development Limited,RAWA,354.0
2023-07-16,Rawa Energy Development Limited,RAWA,353.2
2023-07-13,Rawa Energy Development Limited,RAWA,357.0
2023-07-17,Reliance Finance Ltd.,RLFL,396.5
2023-07-16,Reliance Finance Ltd.,RLFL,385.9
2023-07-13,Reliance Finance Ltd.,RLFL,371.0
2023-07-13,Reliance Finance Ltd. Promoter Share,RLFLPO,215.0
2023-07-17,Ridi Power Company Limited,RIDI,251.8
2023-07-16,Ridi Power Company Limited,RIDI,243.0
2023-07-13,Ridi Power Company Limited,RIDI,239.0
2023-07-17,River Falls Power Limited,RFPL,259.0
2023-07-16,River Falls Power Limited,RFPL,250.0
2023-07-13,River Falls Power Limited,RFPL,251.1
2023-07-17,Ru Ru Jalbidhyut Pariyojana Limited,RURU,784.0
2023-07-16,Ru Ru Jalbidhyut Pariyojana Limited,RURU,778.1
2023-07-13,Ru Ru Jalbidhyut Pariyojana Limited,RURU,790.0
2023-07-17,SANJEN JALAVIDHYUT COMPANY LIMITED,SJCL,301.0
2023-07-16,SANJEN JALAVIDHYUT COMPANY LIMITED,SJCL,296.9
2023-07-13,SANJEN JALAVIDHYUT COMPANY LIMITED,SJCL,298.0
2023-07-17,SHIVAM CEMENTS LTD,SHIVM,662.0
2023-07-16,SHIVAM CEMENTS LTD,SHIVM,651.5
2023-07-13,SHIVAM CEMENTS LTD,SHIVM,652.2
2023-07-17,Sabaiko Laghubitta Bittiya Sanstha Limited,SABSL,749.0
2023-07-16,Sabaiko Laghubitta Bittiya Sanstha Limited,SABSL,730.0
2023-07-13,Sabaiko Laghubitta Bittiya Sanstha Limited,SABSL,740.0
2023-07-17,Sadhana Laghubitta Bittiya Sanstha Limited,SDLBSL,744.0
2023-07-16,Sadhana Laghubitta Bittiya Sanstha Limited,SDLBSL,741.0
2023-07-13,Sadhana Laghubitta Bittiya Sanstha Limited,SDLBSL,740.0
2023-07-17,Sagarmatha Jalabidhyut Company Limited,SMJC,254.0
2023-07-16,Sagarmatha Jalabidhyut Company Limited,SMJC,250.0
2023-07-13,Sagarmatha Jalabidhyut Company Limited,SMJC,254.2
2023-07-17,Sagarmatha Lumbini Insurance Co. Limited,SALICO,765.0
2023-07-16,Sagarmatha Lumbini Insurance Co. Limited,SALICO,748.0
2023-07-13,Sagarmatha Lumbini Insurance Co. Limited,SALICO,750.0
2023-07-17,Sahas Urja Limited,SAHAS,491.0
2023-07-16,Sahas Urja Limited,SAHAS,483.9
2023-07-13,Sahas Urja Limited,SAHAS,489.0
2023-07-17,Salt Trading Corporation,STC,4975.0
2023-07-16,Salt Trading Corporation,STC,4899.0
2023-07-13,Salt Trading Corporation,STC,4912.0
2023-07-17,Samaj Laghubittya Bittiya Sanstha Limited,SAMAJ,72.1
2023-07-17,Samata Gharelu Laghubitta Bittiya Sanstha Limited,SMATA,708.0
2023-07-16,Samata Gharelu Laghubitta Bittiya Sanstha Limited,SMATA,702.7
2023-07-13,Samata Gharelu Laghubitta Bittiya Sanstha Limited,SMATA,678.0
2023-07-17,Samling Power Company Limited,SPC,408.0
2023-07-16,Samling Power Company Limited,SPC,403.5
2023-07-13,Samling Power Company Limited,SPC,415.0
2023-07-17,Samriddhi Finance Company Limited,SFCL,334.0
2023-07-16,Samriddhi Finance Company Limited,SFCL,323.0
2023-07-13,Samriddhi Finance Company Limited,SFCL,324.0
2023-07-17,Samudayik Laghubitta Bittiya Sanstha Limited,SLBSL,950.0
2023-07-16,Samudayik Laghubitta Bittiya Sanstha Limited,SLBSL,949.0
2023-07-13,Samudayik Laghubitta Bittiya Sanstha Limited,SLBSL,935.0
2023-07-17,Sanima Bank Limited,SANIMA,275.0
2023-07-16,Sanima Bank Limited,SANIMA,260.5
2023-07-13,Sanima Bank Limited,SANIMA,254.0
2023-07-17,Sanima Equity Fund,SAEF,11.49
2023-07-16,Sanima Equity Fund,SAEF,11.8
2023-07-13,Sanima Equity Fund,SAEF,11.17
2023-07-17,Sanima GIC Insurance Limited,SGIC,664.0
2023-07-16,Sanima GIC Insurance Limited,SGIC,649.9
2023-07-13,Sanima GIC Insurance Limited,SGIC,649.0
2023-07-17,Sanima Growth Fund,SAGF,9.24
2023-07-16,Sanima Growth Fund,SAGF,9.99
2023-07-13,Sanima Growth Fund,SAGF,9.09
2023-07-17,Sanima Large Cap Fund,SLCF,8.36
2023-07-16,Sanima Large Cap Fund,SLCF,8.92
2023-07-13,Sanima Large Cap Fund,SLCF,8.27
2023-07-17,Sanima Mai Hydropower Ltd.,SHPC,366.9
2023-07-16,Sanima Mai Hydropower Ltd.,SHPC,355.0
2023-07-13,Sanima Mai Hydropower Ltd.,SHPC,358.0
2023-07-17,Sanima Middle Tamor Hydropower Limited,TAMOR,289.0
2023-07-16,Sanima Middle Tamor Hydropower Limited,TAMOR,285.0
2023-07-13,Sanima Middle Tamor Hydropower Limited,TAMOR,286.0
2023-07-17,Sanima Reliance Life Insurance Limited,SRLI,570.2
2023-07-16,Sanima Reliance Life Insurance Limited,SRLI,556.0
2023-07-13,Sanima Reliance Life Insurance Limited,SRLI,552.5
2023-07-17,Saptakoshi Development Bank Ltd,SAPDBL,265.0
2023-07-16,Saptakoshi Development Bank Ltd,SAPDBL,258.0
2023-07-13,Saptakoshi Development Bank Ltd,SAPDBL,257.1
2023-07-17,Sayapatri Hydropower Limited,SPHL,375.0
2023-07-16,Sayapatri Hydropower Limited,SPHL,365.0
2023-07-13,Sayapatri Hydropower Limited,SPHL,376.0
2023-07-16,Shangri-la Development Bank Debenture 2087,SDBD87,864.5
2023-07-13,Shangri-la Development Bank Debenture 2087,SDBD87,847.6
2023-07-17,Shangrila Development Bank Ltd.,SADBL,340.0
2023-07-16,Shangrila Development Bank Ltd.,SADBL,322.0
2023-07-13,Shangrila Development Bank Ltd.,SADBL,329.0
2023-07-17,Shikhar Insurance Co. Ltd.,SICL,865.0
2023-07-16,Shikhar Insurance Co. Ltd.,SICL,845.0
2023-07-13,Shikhar Insurance Co. Ltd.,SICL,846.0
2023-07-17,Shine Resunga Development Bank Ltd.,SHINE,410.0
2023-07-16,Shine Resunga Development Bank Ltd.,SHINE,384.0
2023-07-13,Shine Resunga Development Bank Ltd.,SHINE,385.0
2023-07-17,Shiva Shree Hydropower Ltd,SSHL,186.0
2023-07-16,Shiva Shree Hydropower Ltd,SSHL,182.6
2023-07-13,Shiva Shree Hydropower Ltd,SSHL,183.5
2023-07-17,Shree Investment Finance Co. Ltd.,SIFC,390.3
2023-07-16,Shree Investment Finance Co. Ltd.,SIFC,375.0
2023-07-13,Shree Investment Finance Co. Ltd.,SIFC,378.0
2023-07-17,Shrijanshil Laghubitta Bittiya Sanstha Limited,SHLB,1279.6
2023-07-16,Shrijanshil Laghubitta Bittiya Sanstha Limited,SHLB,1187.0
2023-07-13,Shrijanshil Laghubitta Bittiya Sanstha Limited,SHLB,1130.1
2023-07-17,Shuvam Power Limited,SPL,810.0
2023-07-16,Shuvam Power Limited,SPL,810.0
2023-07-13,Shuvam Power Limited,SPL,799.0
2023-07-17,Siddhartha Bank Limited,SBL,266.0
2023-07-16,Siddhartha Bank Limited,SBL,253.0
2023-07-13,Siddhartha Bank Limited,SBL,244.1
2023-07-17,Siddhartha Equity Fund,SEF,9.3
2023-07-16,Siddhartha Equity Fund,SEF,9.43
2023-07-13,Siddhartha Equity Fund,SEF,8.75
2023-07-17,Siddhartha Investment Growth Scheme - 2,SIGS2,9.01
2023-07-16,Siddhartha Investment Growth Scheme - 2,SIGS2,9.03
2023-07-13,Siddhartha Investment Growth Scheme - 2,SIGS2,8.69
2023-07-17,Siddhartha Premier Insurance Limited,SPIL,795.0
2023-07-16,Siddhartha Premier Insurance Limited,SPIL,778.5
2023-07-13,Siddhartha Premier Insurance Limited,SPIL,777.0
2023-07-17,Sikles Hydropower Limited,SIKLES,402.0
2023-07-16,Sikles Hydropower Limited,SIKLES,387.0
2023-07-13,Sikles Hydropower Limited,SIKLES,400.0
2023-07-17,Sindhu Bikash Bank Ltd,SINDU,283.5
2023-07-16,Sindhu Bikash Bank Ltd,SINDU,279.0
2023-07-13,Sindhu Bikash Bank Ltd,SINDU,285.3
2023-07-17,Singati Hydro Energy Limited,SHEL,283.0
2023-07-16,Singati Hydro Energy Limited,SHEL,280.0
2023-07-13,Singati Hydro Energy Limited,SHEL,289.0
2023-07-17,Soaltee Hotel Limited,SHL,497.0
2023-07-16,Soaltee Hotel Limited,SHL,485.0
2023-07-13,Soaltee Hotel Limited,SHL,486.0
2023-07-17,Standard Chartered Bank Limited,SCB,546.0
2023-07-16,Standard Chartered Bank Limited,SCB,530.1
2023-07-13,Standard Chartered Bank Limited,SCB,529.0
2023-07-13,Summit Laghubitta Bittiya Sanstha Limited,SMFDB,967.0
2023-07-13,Sunrise Bank Limited,SRBL,173.1
2023-07-17,Sunrise Bluechip Fund,SBCF,7.86
2023-07-16,Sunrise Bluechip Fund,SBCF,7.85
2023-07-13,Sunrise Bluechip Fund,SBCF,7.86
2023-07-17,Sunrise First Mutual Fund,SFMF,11.0
2023-07-16,Sunrise First Mutual Fund,SFMF,11.08
2023-07-13,Sunrise First Mutual Fund,SFMF,10.99
2023-07-17,Sunrise Focused Equity Fund,SFEF,9.68
2023-07-16,Sunrise Focused Equity Fund,SFEF,9.68
2023-07-13,Sunrise Focused Equity Fund,SFEF,8.8
2023-07-17,Super Madi Hydropower Limited,SMHL,412.0
2023-07-16,Super Madi Hydropower Limited,SMHL,422.0
2023-07-13,Super Madi Hydropower Limited,SMHL,399.0
2023-07-17,Super Mai Hydropower Limited,SMH,570.0
2023-07-16,Super Mai Hydropower Limited,SMH,564.8
2023-07-13,Super Mai Hydropower Limited,SMH,549.0
2023-07-17,Support Microfinance Bittiya Sanstha Ltd.,SMB,960.1
2023-07-16,Support Microfinance Bittiya Sanstha Ltd.,SMB,955.8
2023-07-13,Support Microfinance Bittiya Sanstha Ltd.,SMB,955.0
2023-07-17,SuryaJyoti Life Insurance Company Limited,SJLIC,622.0
2023-07-16,SuryaJyoti Life Insurance Company Limited,SJLIC,610.0
2023-07-13,SuryaJyoti Life Insurance Company Limited,SJLIC,611.6
2023-07-17,Suryodaya Womi Laghubitta Bittiya Sanstha Limited,SWMF,762.0
2023-07-16,Suryodaya Womi Laghubitta Bittiya Sanstha Limited,SWMF,733.0
2023-07-13,Suryodaya Womi Laghubitta Bittiya Sanstha Limited,SWMF,726.4
2023-07-17,Swabalamban Laghubitta Bittiya Sanstha Limited,SWBBL,885.0
2023-07-16,Swabalamban Laghubitta Bittiya Sanstha Limited,SWBBL,900.6
2023-07-13,Swabalamban Laghubitta Bittiya Sanstha Limited,SWBBL,869.9
2023-07-17,Swabhimaan Laghubitta Bittiya Sanstha Limited,SMFBS,1173.0
2023-07-16,Swabhimaan Laghubitta Bittiya Sanstha Limited,SMFBS,1150.0
2023-07-13,Swabhimaan Laghubitta Bittiya Sanstha Limited,SMFBS,1170.0
2023-07-17,Swarojgar Laghu Bitta Bikas Bank Ltd.,SLBBL,720.0
2023-07-16,Swarojgar Laghu Bitta Bikas Bank Ltd.,SLBBL,705.0
2023-07-13,Swarojgar Laghu Bitta Bikas Bank Ltd.,SLBBL,705.0
2023-07-17,Swet-Ganga Hydropower & Construction Limited ,SGHC,267.0
2023-07-16,Swet-Ganga Hydropower & Construction Limited ,SGHC,262.7
2023-07-13,Swet-Ganga Hydropower & Construction Limited ,SGHC,268.6
2023-07-17,Synergy Power Development Ltd.,SPDL,258.4
2023-07-16,Synergy Power Development Ltd.,SPDL,250.1
2023-07-13,Synergy Power Development Ltd.,SPDL,253.0
2023-07-17,Taragaon Regency Hotel Limited,TRH,813.0
2023-07-16,Taragaon Regency Hotel Limited,TRH,790.3
2023-07-13,Taragaon Regency Hotel Limited,TRH,780.0
2023-07-17,Terhathum Power Company Limited,TPC,370.0
2023-07-16,Terhathum Power Company Limited,TPC,363.0
2023-07-13,Terhathum Power Company Limited,TPC,363.0
2023-07-17,UNIVERSAL POWER COMPANY LTD,UPCL,225.0
2023-07-16,UNIVERSAL POWER COMPANY LTD,UPCL,219.0
2023-07-13,UNIVERSAL POWER COMPANY LTD,UPCL,219.9
2023-07-17,Unilever Nepal Limited,UNL,33489.0
2023-07-16,Unilever Nepal Limited,UNL,32998.0
2023-07-13,Unilever Nepal Limited,UNL,32500.0
2023-07-17,Union Hydropower Limited,UNHPL,203.5
2023-07-16,Union Hydropower Limited,UNHPL,196.0
2023-07-13,Union Hydropower Limited,UNHPL,201.0
2023-07-17,Unique Nepal Laghubitta Bittiya Sanstha Limited,UNLB,1330.0
2023-07-16,Unique Nepal Laghubitta Bittiya Sanstha Limited,UNLB,1318.0
2023-07-13,Unique Nepal Laghubitta Bittiya Sanstha Limited,UNLB,1339.0
2023-07-17,United Ajod Insurance Limited,UAIL,538.4
2023-07-17,United IDI Mardi RB Hydropower Limited.,UMRH,452.5
2023-07-16,United IDI Mardi RB Hydropower Limited.,UMRH,434.1
2023-07-13,United IDI Mardi RB Hydropower Limited.,UMRH,439.0
2023-07-17,United Modi Hydropower Ltd.,UMHL,217.4
2023-07-16,United Modi Hydropower Ltd.,UMHL,213.0
2023-07-13,United Modi Hydropower Ltd.,UMHL,215.0
2023-07-17,Unnati Sahakarya Laghubitta Bittiya Sanstha Limited,USLB,852.0
2023-07-16,Unnati Sahakarya Laghubitta Bittiya Sanstha Limited,USLB,836.5
2023-07-13,Unnati Sahakarya Laghubitta Bittiya Sanstha Limited,USLB,820.1
2023-07-17,Upakar Laghubitta Bittiya Sanstha Limited,ULBSL,1400.0
2023-07-16,Upakar Laghubitta Bittiya Sanstha Limited,ULBSL,1382.2
2023-07-13,Upakar Laghubitta Bittiya Sanstha Limited,ULBSL,1379.9
2023-07-17,Upper Hewakhola Hydropower Company Limited,UHEWA,308.0
2023-07-16,Upper Hewakhola Hydropower Company Limited,UHEWA,297.7
2023-07-13,Upper Hewakhola Hydropower Company Limited,UHEWA,309.0
2023-07-17,Upper Solu Hydro Electric Company Limited,USHEC,263.0
2023-07-16,Upper Solu Hydro Electric Company Limited,USHEC,256.8
2023-07-13,Upper Solu Hydro Electric Company Limited,USHEC,264.9
2023-07-17,Upper Tamakoshi Hydropower Ltd,UPPER,427.0
2023-07-16,Upper Tamakoshi Hydropower Ltd,UPPER,426.8
2023-07-13,Upper Tamakoshi Hydropower Ltd,UPPER,429.0
2023-07-13,Vijaya laghubitta Bittiya Sanstha Ltd.,VLBS,713.0
2023-07-17,Wean Nepal Laghubitta Bittiya Sanstha Limited,WNLB,830.0
2023-07-16,Wean Nepal Laghubitta Bittiya Sanstha Limited,WNLB,805.0
2023-07-13,Wean Nepal Laghubitta Bittiya Sanstha Limited,WNLB,801.5
