BUSINESS_DATE,SECURITY_NAME,SYMBOL,LOW_PRICE
2023-07-16,10 % NMB DEBENTURE 2085,NMBD2085,1001.0
2023-07-13,10 % NMB DEBENTURE 2085,NMBD2085,915.6
2023-07-16,10% Laxmi Bank Debenture 2086,LBLD86,972.7
2023-07-13,10% Laxmi Bank Debenture 2086,LBLD86,953.7
2023-07-16,10% Nabil Debenture 2082,NBLD82,1010.0
2023-07-13,10% Nabil Debenture 2082,NBLD82,990.4
2023-07-13,10% Nepal SBI Bank Debenture 2086,SBIBD86,965.8
2023-07-16,10% Prabhu Bank Debenture 2084 ,PBLD84,1090.8
2023-07-13,10% Prabhu Bank Debenture 2084 ,PBLD84,1043.0
2023-07-17,10% Prime Debenture 2088,PBD88,895.0
2023-07-16,10% Prime Debenture 2088,PBD88,950.0
2023-07-13,10% Prime Debenture 2088,PBD88,921.2
2023-07-16,10% Sanima Bank Limited Debenture,SAND2085,1130.8
2023-07-13,10% Sunrise Debenture 2080,SRD80,1020.0
2023-07-13,10.25% GLOBAL IME BANK LTD. DEBENTURE 2080/81,GBD80/81,1038.8
2023-07-17,10.25% KBL Debenture 2086,KBLD86,1062.8
2023-07-16,10.25% Machhapuchhre Bank Debenture 2085,MBLD2085,1023.0
2023-07-16,10.25% NBBL Debenture 2085,NBBD2085,1180.0
2023-07-13,10.25% NBBL Debenture 2085,NBBD2085,1158.7
2023-07-16,10.25% NIC Asia Debenture 2083/84,NICD83/84,1097.5
2023-07-13,10.25% NIC Asia Debenture 2083/84,NICD83/84,1090.0
2023-07-16,10.25% Nepal SBI Bank Debenture 2083,SBID83,1000.0
2023-07-16,10.25% Prabhu Bank  Debenture 2086,PBLD86,941.1
2023-07-13,10.25% SBL Debenture 2083,SBLD83,1018.5
2023-07-13,10.25% Sunrise Bank Debenture 2083,SRBLD83,1070.0
2023-07-16,10.35% Agricultural Bank Debenture 2083,ADBLD83,1075.0
2023-07-13,10.35% Agricultural Bank Debenture 2083,ADBLD83,1074.0
2023-07-16,10.5 % NEPAL INVESTMENT DEBENTURE 2082,NIBD2082,1010.1
2023-07-13,10.5 % NEPAL INVESTMENT DEBENTURE 2082,NIBD2082,1009.4
2023-07-16,10.50% SBL Debenture 2082,SBLD2082,1019.0
2023-07-13,10.50% SBL Debenture 2082,SBLD2082,1019.2
2023-07-16,11% NIC Asia Debenture 082/83,NICAD8283,1099.0
2023-07-13,11% NIC Asia Debenture 082/83,NICAD8283,1094.0
2023-07-16,12 % Goodwill Finance Limited Debenture 2083,GWFD83,1120.0
2023-07-13,12 % Goodwill Finance Limited Debenture 2083,GWFD83,1080.0
2023-07-16,12% ICFC Finance Limited Debenture 2083,ICFCD83,1117.2
2023-07-13,12% ICFC Finance Limited Debenture 2083,ICFCD83,1139.5
2023-07-17,8.5% BOK Debenture 2086,BOKD86,809.0
2023-07-16,8.5% BOK Debenture 2086,BOKD86,842.7
2023-07-16,8.5% Laxmi Bank Debenture 2088,LBLD88,818.0
2023-07-13,8.5% Nepal Bank Debenture 2087,NBLD87,830.0
2023-07-17,8.5% Nepal Investment Bank Debenture 2084,NIBD84,830.8
2023-07-16,8.5% Nepal Investment Bank Debenture 2084,NIBD84,865.0
2023-07-13,8.5% Nepal Investment Bank Debenture 2084,NIBD84,835.2
2023-07-16,8.5% Prabhu Bank Debenture 2087,PBLD87,809.7
2023-07-13,8.5% Prabhu Bank Debenture 2087,PBLD87,793.9
2023-07-17,8.5% SBL Debenture 2084,SBLD84,862.4
2023-07-16,8.5% Sanima Debenture 2087,SBD87,857.9
2023-07-13,8.5% Sanima Debenture 2087,SBD87,845.0
2023-07-16,9.5% Manjushree Finance Limited Debenture 2085,MFLD85,975.0
2023-07-13,9.5% Manjushree Finance Limited Debenture 2085,MFLD85,959.4
2023-07-17,Aarambha Chautari Laghubitta Bittiya Sanstha Limited,ACLBSL,647.0
2023-07-16,Aarambha Chautari Laghubitta Bittiya Sanstha Limited,ACLBSL,638.5
2023-07-13,Aarambha Chautari Laghubitta Bittiya Sanstha Limited,ACLBSL,650.0
2023-07-17,Aatmanirbhar Laghubitta Bittiya Sanstha Limited,ANLB,2350.0
2023-07-16,Aatmanirbhar Laghubitta Bittiya Sanstha Limited,ANLB,2350.0
2023-07-13,Aatmanirbhar Laghubitta Bittiya Sanstha Limited,ANLB,2344.0
2023-07-17,Agricultural Development Bank Limited,ADBL,232.1
2023-07-16,Agricultural Development Bank Limited,ADBL,228.0
2023-07-13,Agricultural Development Bank Limited,ADBL,228.2
2023-07-17,Ankhu Khola Jalvidhyut Company Ltd,AKJCL,190.2
2023-07-16,Ankhu Khola Jalvidhyut Company Ltd,AKJCL,192.0
2023-07-13,Ankhu Khola Jalvidhyut Company Ltd,AKJCL,194.0
2023-07-17,Api Power Company Ltd.,API,197.5
2023-07-16,Api Power Company Ltd.,API,196.2
2023-07-13,Api Power Company Ltd.,API,197.0
2023-07-17,Arun Kabeli Power Ltd.,AKPL,227.1
2023-07-16,Arun Kabeli Power Ltd.,AKPL,228.0
2023-07-13,Arun Kabeli Power Ltd.,AKPL,237.2
2023-07-17,Arun Valley Hydropower Development Co. Ltd.,AHPC,251.2
2023-07-16,Arun Valley Hydropower Development Co. Ltd.,AHPC,251.2
2023-07-13,Arun Valley Hydropower Development Co. Ltd.,AHPC,258.3
2023-07-17,Asha Laghubitta Bittiya Sanstha Ltd,ALBSL,786.0
2023-07-16,Asha Laghubitta Bittiya Sanstha Ltd,ALBSL,770.0
2023-07-13,Asha Laghubitta Bittiya Sanstha Ltd,ALBSL,772.2
2023-07-17,Asian Hydropower Limited,AHL,326.3
2023-07-16,Asian Hydropower Limited,AHL,330.0
2023-07-13,Asian Hydropower Limited,AHL,338.1
2023-07-17,Asian Life Insurance Co. Limited,ALICL,746.0
2023-07-16,Asian Life Insurance Co. Limited,ALICL,745.0
2023-07-13,Asian Life Insurance Co. Limited,ALICL,745.0
2023-07-17,Aviyan Laghubitta Bittiya Sanstha Limited,AVYAN,687.0
2023-07-16,Aviyan Laghubitta Bittiya Sanstha Limited,AVYAN,688.2
2023-07-13,Aviyan Laghubitta Bittiya Sanstha Limited,AVYAN,713.0
2023-07-17,BPW Laghubitta Bittiya Sanstha Limited,BPW,1116.0
2023-07-16,BPW Laghubitta Bittiya Sanstha Limited,BPW,1113.1
2023-07-13,BPW Laghubitta Bittiya Sanstha Limited,BPW,1117.1
2023-07-17,Balephi Hydropower Limited,BHL,250.3
2023-07-16,Balephi Hydropower Limited,BHL,250.5
2023-07-13,Balephi Hydropower Limited,BHL,255.3
2023-07-17,Barahi Hydropower Public Limited,BHPL,445.9
2023-07-16,Barahi Hydropower Public Limited,BHPL,445.1
2023-07-13,Barahi Hydropower Public Limited,BHPL,445.1
2023-07-17,Barun Hydropower Co. Ltd.,BARUN,247.0
2023-07-16,Barun Hydropower Co. Ltd.,BARUN,245.0
2023-07-13,Barun Hydropower Co. Ltd.,BARUN,245.0
2023-07-17,Best Finance Company Ltd.,BFC,348.0
2023-07-16,Best Finance Company Ltd.,BFC,349.9
2023-07-13,Best Finance Company Ltd.,BFC,350.0
2023-07-17,Bhugol Energy Development Company Limited,BEDC,224.6
2023-07-16,Bhugol Energy Development Company Limited,BEDC,227.2
2023-07-13,Bhugol Energy Development Company Limited,BEDC,232.1
2023-07-17,Bindhyabasini Hydropower Development Company Limited,BHDC,371.0
2023-07-16,Bindhyabasini Hydropower Development Company Limited,BHDC,369.3
2023-07-13,Bindhyabasini Hydropower Development Company Limited,BHDC,368.7
2023-07-17,Bishal Bazar Company Limited,BBC,3380.0
2023-07-16,Bishal Bazar Company Limited,BBC,3355.0
2023-07-13,Bishal Bazar Company Limited,BBC,3410.0
2023-07-17,Bottlers Nepal (Terai) Limited,BNT,13870.0
2023-07-13,Bottlers Nepal (Terai) Limited,BNT,13800.0
2023-07-17,Buddha Bhumi Nepal Hydropower Company Limited,BNHC,326.9
2023-07-16,Buddha Bhumi Nepal Hydropower Company Limited,BNHC,323.0
2023-07-13,Buddha Bhumi Nepal Hydropower Company Limited,BNHC,323.0
2023-07-17,Butwal Power Company Limited,BPCL,326.0
2023-07-16,Butwal Power Company Limited,BPCL,323.0
2023-07-13,Butwal Power Company Limited,BPCL,327.3
2023-07-17,CEDB Hydropower Development Company Limited,CHDC,894.1
2023-07-16,CEDB Hydropower Development Company Limited,CHDC,891.0
2023-07-13,CEDB Hydropower Development Company Limited,CHDC,890.0
2023-07-16,CITIZENS MUTUAL FUND 2,CMF2,9.15
2023-07-13,CITIZENS MUTUAL FUND 2,CMF2,8.62
2023-07-17,CYC Nepal Laghubitta Bittiya Sanstha Limited,CYCL,1366.1
2023-07-16,CYC Nepal Laghubitta Bittiya Sanstha Limited,CYCL,1290.3
2023-07-13,CYC Nepal Laghubitta Bittiya Sanstha Limited,CYCL,1277.0
2023-07-17,Central Finance Co. Ltd.,CFCL,391.0
2023-07-16,Central Finance Co. Ltd.,CFCL,390.0
2023-07-13,Central Finance Co. Ltd.,CFCL,390.0
2023-07-16,Century Debenture 2088,CCBD88,1022.9
2023-07-13,Century Debenture 2088,CCBD88,1003.0
2023-07-17,Chandragiri Hills Limited,CGH,1254.4
2023-07-16,Chandragiri Hills Limited,CGH,1261.1
2023-07-13,Chandragiri Hills Limited,CGH,1260.0
2023-07-17,Chhimek Laghubitta Bittiya Sanstha Limited,CBBL,981.0
2023-07-16,Chhimek Laghubitta Bittiya Sanstha Limited,CBBL,980.0
2023-07-13,Chhimek Laghubitta Bittiya Sanstha Limited,CBBL,975.0
2023-07-17,Chhyangdi Hydropower Ltd.,CHL,260.0
2023-07-16,Chhyangdi Hydropower Ltd.,CHL,260.0
2023-07-13,Chhyangdi Hydropower Ltd.,CHL,265.0
2023-07-17,Chilime Hydropower Company Limited,CHCL,530.1
2023-07-16,Chilime Hydropower Company Limited,CHCL,528.1
2023-07-13,Chilime Hydropower Company Limited,CHCL,536.0
2023-07-17,Citizen Investment Trust,CIT,2080.0
2023-07-16,Citizen Investment Trust,CIT,2088.0
2023-07-13,Citizen Investment Trust,CIT,2085.0
2023-07-17,Citizens Bank International Limited,CZBIL,172.5
2023-07-16,Citizens Bank International Limited,CZBIL,168.6
2023-07-13,Citizens Bank International Limited,CZBIL,169.0
2023-07-17,Citizens Mutual Fund -1,CMF1,8.73
2023-07-16,Citizens Mutual Fund -1,CMF1,9.02
2023-07-13,Citizens Mutual Fund -1,CMF1,8.8
2023-07-17,City Hotel Limited,CITY,675.2
2023-07-16,City Hotel Limited,CITY,680.0
2023-07-13,City Hotel Limited,CITY,680.0
2023-07-16,Civil Bank Debenture 2088,CBLD88,970.0
2023-07-13,Civil Bank Debenture 2088,CBLD88,950.0
2023-07-17,Civil Laghubitta Bittiya Sanstha Ltd.,CLBSL,731.0
2023-07-16,Civil Laghubitta Bittiya Sanstha Ltd.,CLBSL,735.0
2023-07-13,Civil Laghubitta Bittiya Sanstha Ltd.,CLBSL,746.0
2023-07-17,Corporate Development Bank Limited,CORBL,343.0
2023-07-16,Corporate Development Bank Limited,CORBL,345.0
2023-07-13,Corporate Development Bank Limited,CORBL,358.0
2023-07-13,Deprosc LaghuBitta Promoter Share,DDBLPO,440.0
2023-07-17,Deprosc Laghubitta Bittiya Sanstha Limited,DDBL,815.0
2023-07-16,Deprosc Laghubitta Bittiya Sanstha Limited,DDBL,807.0
2023-07-13,Deprosc Laghubitta Bittiya Sanstha Limited,DDBL,815.0
2023-07-17,Dibyashwori Hydropower Ltd.,DHPL,181.5
2023-07-16,Dibyashwori Hydropower Ltd.,DHPL,184.0
2023-07-13,Dibyashwori Hydropower Ltd.,DHPL,190.2
2023-07-17,Dolti Power Company Limited,DOLTI,221.8
2023-07-16,Dolti Power Company Limited,DOLTI,223.6
2023-07-13,Dolti Power Company Limited,DOLTI,231.4
2023-07-17,Dordi Khola Jal Bidyut Company Limited,DORDI,237.1
2023-07-16,Dordi Khola Jal Bidyut Company Limited,DORDI,238.1
2023-07-13,Dordi Khola Jal Bidyut Company Limited,DORDI,239.4
2023-07-17,Eastern Hydropower Limited,EHPL,304.8
2023-07-16,Eastern Hydropower Limited,EHPL,306.1
2023-07-13,Eastern Hydropower Limited,EHPL,311.1
2023-07-17,Emerging Nepal Limited,ENL,682.1
2023-07-16,Emerging Nepal Limited,ENL,680.0
2023-07-13,Emerging Nepal Limited,ENL,692.1
2023-07-17,Everest Bank Limited,EBL,560.0
2023-07-16,Everest Bank Limited,EBL,558.0
2023-07-16,Everest Bank Limited,EBLD86,837.9
2023-07-13,Everest Bank Limited,EBL,560.0
2023-07-13,Everest Bank Limited,EBLD86,824.9
2023-07-17,Excel Development Bank Ltd.,EDBL,324.0
2023-07-16,Excel Development Bank Ltd.,EDBL,321.0
2023-07-13,Excel Development Bank Ltd.,EDBL,322.5
2023-07-17,First Micro Finance Laghubitta Bittiya Sanstha Limited,FMDBL,732.0
2023-07-16,First Micro Finance Laghubitta Bittiya Sanstha Limited,FMDBL,735.0
2023-07-13,First Micro Finance Laghubitta Bittiya Sanstha Limited,FMDBL,736.0
2023-07-17,Forward Microfinance Laghubitta Bittiya Sanstha Limited,FOWAD,1305.0
2023-07-16,Forward Microfinance Laghubitta Bittiya Sanstha Limited,FOWAD,1315.0
2023-07-13,Forward Microfinance Laghubitta Bittiya Sanstha Limited,FOWAD,1300.4
2023-07-17,Ganapati Laghubitta Bittiya Sanstha Limited,GMFBS,799.0
2023-07-16,Ganapati Laghubitta Bittiya Sanstha Limited,GMFBS,798.0
2023-07-13,Ganapati Laghubitta Bittiya Sanstha Limited,GMFBS,797.8
2023-07-17,Garima Bikas Bank Limited,GBBL,391.0
2023-07-16,Garima Bikas Bank Limited,GBBL,377.0
2023-07-13,Garima Bikas Bank Limited,GBBL,384.0
2023-07-17,Ghalemdi Hydro Limited,GHL,217.6
2023-07-16,Ghalemdi Hydro Limited,GHL,216.2
2023-07-13,Ghalemdi Hydro Limited,GHL,220.8
2023-07-17,Global IME Balanced Fund-1,GIBF1,8.9
2023-07-16,Global IME Balanced Fund-1,GIBF1,8.65
2023-07-13,Global IME Balanced Fund-1,GIBF1,8.5
2023-07-17,Global IME Bank Limited,GBIME,184.5
2023-07-16,Global IME Bank Limited,GBIME,182.0
2023-07-13,Global IME Bank Limited,GBIME,182.0
2023-07-16,Global IME Bank Limited Debenture 2086/87,GBILD86/87,802.7
2023-07-13,Global IME Bank Limited Debenture 2086/87,GBILD86/87,819.0
2023-07-13,Global IME Bank Ltd. Promoter Share,GBIMEP,103.0
2023-07-17,Global IME Laghubitta Bittiya Sanstha Ltd.,GILB,961.0
2023-07-16,Global IME Laghubitta Bittiya Sanstha Ltd.,GILB,970.0
2023-07-13,Global IME Laghubitta Bittiya Sanstha Ltd.,GILB,970.0
2023-07-17,Goodwill Finance Limited,GFCL,476.1
2023-07-16,Goodwill Finance Limited,GFCL,473.0
2023-07-13,Goodwill Finance Limited,GFCL,482.0
2023-07-17,Grameen Bikas Laghubitta Bittiya Sanstha Ltd.,GBLBS,610.0
2023-07-16,Grameen Bikas Laghubitta Bittiya Sanstha Ltd.,GBLBS,583.0
2023-07-13,Grameen Bikas Laghubitta Bittiya Sanstha Ltd.,GBLBS,578.0
2023-07-17,Green Development Bank Ltd.,GRDBL,304.0
2023-07-16,Green Development Bank Ltd.,GRDBL,300.0
2023-07-13,Green Development Bank Ltd.,GRDBL,303.3
2023-07-17,Green Ventures Limited,GVL,384.1
2023-07-16,Green Ventures Limited,GVL,383.0
2023-07-13,Green Ventures Limited,GVL,388.1
2023-07-17,GreenLife Hydropower Limited,GLH,255.0
2023-07-16,GreenLife Hydropower Limited,GLH,255.4
2023-07-13,GreenLife Hydropower Limited,GLH,255.8
2023-07-17,Guheshowori Merchant Bank & Finance Co. Ltd.,GMFIL,395.4
2023-07-16,Guheshowori Merchant Bank & Finance Co. Ltd.,GMFIL,386.0
2023-07-13,Guheshowori Merchant Bank & Finance Co. Ltd.,GMFIL,391.9
2023-07-17,Gurans Laghubitta Bittiya Sanstha Limited,GLBSL,738.0
2023-07-16,Gurans Laghubitta Bittiya Sanstha Limited,GLBSL,738.0
2023-07-13,Gurans Laghubitta Bittiya Sanstha Limited,GLBSL,710.0
2023-07-17,Gurkhas Finance Ltd.,GUFL,554.0
2023-07-16,Gurkhas Finance Ltd.,GUFL,549.0
2023-07-13,Gurkhas Finance Ltd.,GUFL,554.7
2023-07-17,Himal Dolakha Hydropower Company Limited,HDHPC,149.0
2023-07-16,Himal Dolakha Hydropower Company Limited,HDHPC,150.0
2023-07-13,Himal Dolakha Hydropower Company Limited,HDHPC,153.0
2023-07-17,Himalaya Urja Bikas Company Limited,HURJA,263.0
2023-07-16,Himalaya Urja Bikas Company Limited,HURJA,257.1
2023-07-13,Himalaya Urja Bikas Company Limited,HURJA,272.0
2023-07-17,Himalayan Bank Limited,HBL,210.0
2023-07-16,Himalayan Bank Limited,HBL,208.0
2023-07-13,Himalayan Bank Limited,HBL,208.9
2023-07-17,Himalayan Distillery Limited,HDL,2248.0
2023-07-16,Himalayan Distillery Limited,HDL,2240.0
2023-07-13,Himalayan Distillery Limited,HDL,2230.0
2023-07-17,Himalayan Everest Insurance Limited,HEI,605.1
2023-07-16,Himalayan Everest Insurance Limited,HEI,593.0
2023-07-13,Himalayan Everest Insurance Limited,HEI,602.0
2023-07-17,Himalayan Everest Insurance Limited Promoter,HEIP,460.0
2023-07-16,Himalayan Everest Insurance Limited Promoter,HEIP,423.4
2023-07-13,Himalayan Everest Insurance Limited Promoter,HEIP,442.8
2023-07-17,Himalayan Hydropower Limited,HHL,249.1
2023-07-16,Himalayan Hydropower Limited,HHL,249.0
2023-07-13,Himalayan Hydropower Limited,HHL,253.8
2023-07-17,Himalayan Life Insurance Limited,HLI,502.0
2023-07-16,Himalayan Life Insurance Limited,HLI,504.0
2023-07-13,Himalayan Life Insurance Limited,HLI,498.0
2023-07-17,Himalayan Power Partner Ltd.,HPPL,284.0
2023-07-16,Himalayan Power Partner Ltd.,HPPL,281.6
2023-07-13,Himalayan Power Partner Ltd.,HPPL,291.0
2023-07-17,Hydorelectricity Investment and Development Company Limited Promoter,HIDCLP,101.8
2023-07-16,Hydorelectricity Investment and Development Company Limited Promoter,HIDCLP,102.0
2023-07-13,Hydorelectricity Investment and Development Company Limited Promoter,HIDCLP,102.3
2023-07-17,Hydorelectricity Investment and Development Company Ltd,HIDCL,181.1
2023-07-16,Hydorelectricity Investment and Development Company Ltd,HIDCL,181.1
2023-07-13,Hydorelectricity Investment and Development Company Ltd,HIDCL,180.8
2023-07-17,ICFC Finance Limited,ICFC,520.0
2023-07-16,ICFC Finance Limited,ICFC,515.2
2023-07-13,ICFC Finance Limited,ICFC,521.0
2023-07-17,IGI Prudential insurance Limited,IGI,559.0
2023-07-16,IGI Prudential insurance Limited,IGI,557.0
2023-07-13,IGI Prudential insurance Limited,IGI,556.0
2023-07-17,Infinity Laghubitta Bittiya Sanstha Limited,ILBS,701.0
2023-07-16,Infinity Laghubitta Bittiya Sanstha Limited,ILBS,695.0
2023-07-13,Infinity Laghubitta Bittiya Sanstha Limited,ILBS,696.0
2023-07-17,Ingwa Hydropower Limited,IHL,247.2
2023-07-16,Ingwa Hydropower Limited,IHL,250.2
2023-07-13,Ingwa Hydropower Limited,IHL,260.0
2023-07-17,Jalpa Samudayik Laghubitta Bittiya Sanstha Limited,JALPA,1585.0
2023-07-16,Jalpa Samudayik Laghubitta Bittiya Sanstha Limited,JALPA,1600.0
2023-07-13,Jalpa Samudayik Laghubitta Bittiya Sanstha Limited,JALPA,1570.0
2023-07-17,Janaki Finance Company Limited,JFL,400.9
2023-07-16,Janaki Finance Company Limited,JFL,397.1
2023-07-13,Janaki Finance Company Limited,JFL,403.0
2023-07-17,Janautthan Samudayic Laghubitta Bittya Sanstha Limited,JSLBB,980.0
2023-07-16,Janautthan Samudayic Laghubitta Bittya Sanstha Limited,JSLBB,995.0
2023-07-13,Janautthan Samudayic Laghubitta Bittya Sanstha Limited,JSLBB,995.0
2023-07-17,Jeevan Bikas Laghubitta  Bittya Sanstha Ltd,JBLB,1597.0
2023-07-16,Jeevan Bikas Laghubitta  Bittya Sanstha Ltd,JBLB,1590.2
2023-07-13,Jeevan Bikas Laghubitta  Bittya Sanstha Ltd,JBLB,1606.0
2023-07-17,Joshi Hydropower Development Company Ltd,JOSHI,264.0
2023-07-16,Joshi Hydropower Development Company Ltd,JOSHI,263.0
2023-07-13,Joshi Hydropower Development Company Ltd,JOSHI,261.3
2023-07-17,Jyoti Bikas Bank Limited,JBBL,295.1
2023-07-16,Jyoti Bikas Bank Limited,JBBL,290.3
2023-07-13,Jyoti Bikas Bank Limited,JBBL,296.0
2023-07-16,Jyoti Bikash  Bank Ltd. Promoter Share,JBBLPO,157.0
2023-07-17,Kalika Laghubitta Bittiya Sanstha Ltd,KMCDB,726.0
2023-07-16,Kalika Laghubitta Bittiya Sanstha Ltd,KMCDB,725.2
2023-07-13,Kalika Laghubitta Bittiya Sanstha Ltd,KMCDB,706.0
2023-07-17,Kalika power Company Ltd,KPCL,359.9
2023-07-16,Kalika power Company Ltd,KPCL,351.0
2023-07-13,Kalika power Company Ltd,KPCL,355.1
2023-07-17,Kalinchowk Darshan Limited,KDL,915.4
2023-07-16,Kalinchowk Darshan Limited,KDL,926.3
2023-07-13,Kalinchowk Darshan Limited,KDL,935.0
2023-07-17,Kamana Sewa Bikas Bank Limited,KSBBL,322.0
2023-07-16,Kamana Sewa Bikas Bank Limited,KSBBL,324.2
2023-07-13,Kamana Sewa Bikas Bank Limited,KSBBL,327.0
2023-07-17,Karnali Development Bank Limited,KRBL,280.5
2023-07-16,Karnali Development Bank Limited,KRBL,281.3
2023-07-13,Karnali Development Bank Limited,KRBL,281.0
2023-07-17,Khanikhola Hydropower Co. Ltd.,KKHC,199.0
2023-07-16,Khanikhola Hydropower Co. Ltd.,KKHC,196.0
2023-07-13,Khanikhola Hydropower Co. Ltd.,KKHC,199.9
2023-07-17,Kisan Lagubitta Bittiya Sanstha Limited,KLBSL,695.0
2023-07-16,Kisan Lagubitta Bittiya Sanstha Limited,KLBSL,695.8
2023-07-13,Kisan Lagubitta Bittiya Sanstha Limited,KLBSL,710.0
2023-07-17,Kumari Bank Limited,KBL,164.0
2023-07-16,Kumari Bank Limited,KBL,160.0
2023-07-13,Kumari Bank Limited,KBL,159.8
2023-07-16,Kumari Bank Limited Promotor Share,KBLPO,113.7
2023-07-17,Kumari Dhanabriddhi Yojana,KDBY,9.03
2023-07-16,Kumari Dhanabriddhi Yojana,KDBY,9.68
2023-07-13,Kumari Dhanabriddhi Yojana,KDBY,9.68
2023-07-17,Kumari Equity Fund,KEF,10.35
2023-07-16,Kumari Equity Fund,KEF,9.37
2023-07-13,Kumari Equity Fund,KEF,8.78
2023-07-13,Laxmi Bank Limited,LBL,170.0
2023-07-17,Laxmi Equity Fund,LEMF,9.49
2023-07-16,Laxmi Equity Fund,LEMF,9.43
2023-07-13,Laxmi Equity Fund,LEMF,9.13
2023-07-17,Laxmi Laghubitta Bittiya Sanstha Ltd.,LLBS,875.2
2023-07-16,Laxmi Laghubitta Bittiya Sanstha Ltd.,LLBS,843.0
2023-07-13,Laxmi Laghubitta Bittiya Sanstha Ltd.,LLBS,850.0
2023-07-17,Laxmi Unnati Kosh,LUK,9.24
2023-07-16,Laxmi Unnati Kosh,LUK,9.21
2023-07-13,Laxmi Unnati Kosh,LUK,9.04
2023-07-17,Liberty Energy Company Limited,LEC,240.6
2023-07-16,Liberty Energy Company Limited,LEC,244.5
2023-07-13,Liberty Energy Company Limited,LEC,248.0
2023-07-17,Life Insurance Corporation (Nepal) Limited,LICN,1527.0
2023-07-16,Life Insurance Corporation (Nepal) Limited,LICN,1538.0
2023-07-13,Life Insurance Corporation (Nepal) Limited,LICN,1565.0
2023-07-17,Lumbini Bikas Bank Ltd.,LBBL,406.0
2023-07-16,Lumbini Bikas Bank Ltd.,LBBL,405.0
2023-07-13,Lumbini Bikas Bank Ltd.,LBBL,405.3
2023-07-17,Machhapuchhre Bank Limited,MBL,232.1
2023-07-16,Machhapuchhre Bank Limited,MBL,227.0
2023-07-13,Machhapuchhre Bank Limited,MBL,228.2
2023-07-17,Madhya Bhotekoshi Jalavidyut Company Limited,MBJC,293.1
2023-07-16,Madhya Bhotekoshi Jalavidyut Company Limited,MBJC,295.1
2023-07-13,Madhya Bhotekoshi Jalavidyut Company Limited,MBJC,303.1
2023-07-17,Mahalaxmi Bikas Bank Ltd.,MLBL,329.0
2023-07-16,Mahalaxmi Bikas Bank Ltd.,MLBL,324.0
2023-07-13,Mahalaxmi Bikas Bank Ltd.,MLBL,328.4
2023-07-16,Mahalxmi Bikas Bank Ltd. Promotor Share,MLBLPO,174.7
2023-07-17,Mahila Lagubitta Bittiya Sanstha Limited ,MLBSL,2055.0
2023-07-16,Mahila Lagubitta Bittiya Sanstha Limited ,MLBSL,2060.0
2023-07-13,Mahila Lagubitta Bittiya Sanstha Limited ,MLBSL,2056.0
2023-07-17,Mahuli Laghubitta Bittiya Sanstha Limited,MSLB,861.0
2023-07-16,Mahuli Laghubitta Bittiya Sanstha Limited,MSLB,852.0
2023-07-13,Mahuli Laghubitta Bittiya Sanstha Limited,MSLB,861.0
2023-07-17,Mai Khola Hydropower Limited,MKHL,271.4
2023-07-16,Mai Khola Hydropower Limited,MKHL,276.0
2023-07-13,Mai Khola Hydropower Limited,MKHL,282.4
2023-07-17,Mailung Khola Jal Vidhyut Company Limited,MKJC,376.6
2023-07-16,Mailung Khola Jal Vidhyut Company Limited,MKJC,372.5
2023-07-13,Mailung Khola Jal Vidhyut Company Limited,MKJC,368.6
2023-07-17,Makar Jitumaya Suri Hydropower Limited,MAKAR,269.0
2023-07-16,Makar Jitumaya Suri Hydropower Limited,MAKAR,271.5
2023-07-13,Makar Jitumaya Suri Hydropower Limited,MAKAR,274.5
2023-07-17,Manakamana Smart Laghubitta Bittiya Sanstha Limited,MKLB,739.0
2023-07-16,Manakamana Smart Laghubitta Bittiya Sanstha Limited,MKLB,715.5
2023-07-13,Manakamana Smart Laghubitta Bittiya Sanstha Limited,MKLB,730.0
2023-07-17,Mandakini Hydropower Limited,MHL,298.1
2023-07-16,Mandakini Hydropower Limited,MHL,296.0
2023-07-13,Mandakini Hydropower Limited,MHL,295.1
2023-07-17,Manjushree Finance Ltd.,MFIL,549.0
2023-07-16,Manjushree Finance Ltd.,MFIL,548.0
2023-07-13,Manjushree Finance Ltd.,MFIL,553.1
2023-07-17,Manushi Laghubitta Bittiya Sanstha Limited,MLBS,778.0
2023-07-16,Manushi Laghubitta Bittiya Sanstha Limited,MLBS,785.0
2023-07-13,Manushi Laghubitta Bittiya Sanstha Limited,MLBS,768.1
2023-07-17,Maya Khola Hydropower Company Limited,MKHC,226.5
2023-07-16,Maya Khola Hydropower Company Limited,MKHC,226.0
2023-07-13,Maya Khola Hydropower Company Limited,MKHC,233.0
2023-07-17,Mega Mutual Fund -1,MMF1,7.23
2023-07-16,Mega Mutual Fund -1,MMF1,7.31
2023-07-13,Mega Mutual Fund -1,MMF1,7.22
2023-07-17,Menchhiyam Hydropower Limited,MCHL,221.6
2023-07-16,Menchhiyam Hydropower Limited,MCHL,221.9
2023-07-13,Menchhiyam Hydropower Limited,MCHL,225.8
2023-07-17,Mero Microfinance Bittiya Sanstha Ltd.,MERO,653.0
2023-07-16,Mero Microfinance Bittiya Sanstha Ltd.,MERO,652.1
2023-07-13,Mero Microfinance Bittiya Sanstha Ltd.,MERO,667.0
2023-07-17,Mirmire Laghubitta Bittya Sanstha Limited,MMFDB,697.5
2023-07-16,Mirmire Laghubitta Bittya Sanstha Limited,MMFDB,686.1
2023-07-13,Mirmire Laghubitta Bittya Sanstha Limited,MMFDB,698.1
2023-07-17,Miteri Development Bank Limited,MDB,403.0
2023-07-16,Miteri Development Bank Limited,MDB,395.1
2023-07-13,Miteri Development Bank Limited,MDB,402.0
2023-07-17,Mithila LaghuBitta Bittiya Sanstha Limited,MLBBL,982.0
2023-07-16,Mithila LaghuBitta Bittiya Sanstha Limited,MLBBL,950.0
2023-07-13,Mithila LaghuBitta Bittiya Sanstha Limited,MLBBL,920.0
2023-07-17,Modi Energy Limited,MEL,204.1
2023-07-16,Modi Energy Limited,MEL,205.0
2023-07-13,Modi Energy Limited,MEL,207.6
2023-07-17,Molung Hydropower Company Limited,MHCL,205.6
2023-07-16,Molung Hydropower Company Limited,MHCL,209.0
2023-07-13,Molung Hydropower Company Limited,MHCL,212.0
2023-07-17,Mountain Energy Nepal Limited,MEN,957.1
2023-07-16,Mountain Energy Nepal Limited,MEN,950.4
2023-07-13,Mountain Energy Nepal Limited,MEN,935.2
2023-07-17,Mountain Hydro Nepal Limited,MHNL,234.0
2023-07-16,Mountain Hydro Nepal Limited,MHNL,230.0
2023-07-13,Mountain Hydro Nepal Limited,MHNL,234.0
2023-07-17,Muktinath Bikas Bank Ltd.,MNBBL,405.6
2023-07-16,Muktinath Bikas Bank Ltd.,MNBBL,405.1
2023-07-13,Muktinath Bikas Bank Ltd.,MNBBL,407.0
2023-07-17,Multipurpose Finance Company  Limited,MPFL,378.1
2023-07-16,Multipurpose Finance Company  Limited,MPFL,373.5
2023-07-13,Multipurpose Finance Company  Limited,MPFL,382.2
2023-07-17,NABIL BALANCED FUND-2,NBF2,8.8
2023-07-16,NABIL BALANCED FUND-2,NBF2,8.8
2023-07-13,NABIL BALANCED FUND-2,NBF2,8.63
2023-07-17,NESDO Sambridha Laghubitta Bittiya Sanstha Limited,NESDO,2051.0
2023-07-16,NESDO Sambridha Laghubitta Bittiya Sanstha Limited,NESDO,2035.1
2023-07-13,NESDO Sambridha Laghubitta Bittiya Sanstha Limited,NESDO,2034.2
2023-07-16,NIBL Growth Fund,NIBLGF,9.49
2023-07-13,NIBL Growth Fund,NIBLGF,9.12
2023-07-17,NIBL Pragati Fund,NIBLPF,9.21
2023-07-16,NIBL Pragati Fund,NIBLPF,9.37
2023-07-13,NIBL Pragati Fund,NIBLPF,9.1
2023-07-17,NIBL Samriddhi Fund -2,NIBSF2,8.76
2023-07-16,NIBL Samriddhi Fund -2,NIBSF2,8.78
2023-07-13,NIBL Samriddhi Fund -2,NIBSF2,8.0
2023-07-17,NIC ASIA Laghubitta Bittiya Sanstha Limited,NICLBSL,714.8
2023-07-16,NIC ASIA Laghubitta Bittiya Sanstha Limited,NICLBSL,718.2
2023-07-13,NIC ASIA Laghubitta Bittiya Sanstha Limited,NICLBSL,725.0
2023-07-17,NIC Asia Balanced Fund,NICBF,9.17
2023-07-16,NIC Asia Balanced Fund,NICBF,9.0
2023-07-13,NIC Asia Balanced Fund,NICBF,9.16
2023-07-17,NIC Asia Bank Ltd.,NICA,789.0
2023-07-16,NIC Asia Bank Ltd.,NICA,782.0
2023-07-13,NIC Asia Bank Ltd.,NICA,779.2
2023-07-16,NIC Asia Flexi CAP Fund,NICFC,9.6
2023-07-13,NIC Asia Flexi CAP Fund,NICFC,9.06
2023-07-17,NIC Asia Growth Fund,NICGF,10.2
2023-07-16,NIC Asia Growth Fund,NICGF,10.0
2023-07-13,NIC Asia Growth Fund,NICGF,9.87
2023-07-17,NIC Asia Select Fund 30,NICSF,8.82
2023-07-16,NIC Asia Select Fund 30,NICSF,8.75
2023-07-13,NIC Asia Select Fund 30,NICSF,8.44
2023-07-17,NLG Insurance Company Ltd.,NLG,840.0
2023-07-16,NLG Insurance Company Ltd.,NLG,838.1
2023-07-13,NLG Insurance Company Ltd.,NLG,850.0
2023-07-17,NMB  Microfinance Bittiya Sanstha Ltd.,NMBMF,624.0
2023-07-16,NMB  Microfinance Bittiya Sanstha Ltd.,NMBMF,619.0
2023-07-13,NMB  Microfinance Bittiya Sanstha Ltd.,NMBMF,635.0
2023-07-17,NMB 50,NMB50,10.51
2023-07-16,NMB 50,NMB50,10.5
2023-07-13,NMB 50,NMB50,10.4
2023-07-17,NMB Bank Limited,NMB,225.1
2023-07-16,NMB Bank Limited,NMB,224.0
2023-07-13,NMB Bank Limited,NMB,222.2
2023-07-17,NMB Debenture 8.50% - 2087/88,NMBD87/88,789.8
2023-07-13,NMB Debenture 8.50% - 2087/88,NMBD87/88,805.9
2023-07-17,NMB Hybrid Fund L-1,NMBHF1,10.6
2023-07-16,NMB Hybrid Fund L-1,NMBHF1,10.65
2023-07-13,NMB Hybrid Fund L-1,NMBHF1,10.62
2023-07-17,NMB Sulav Investment Fund - 2,NSIF2,9.8
2023-07-16,NMB Sulav Investment Fund - 2,NSIF2,9.41
2023-07-13,NMB Sulav Investment Fund - 2,NSIF2,9.55
2023-07-17,NRN Infrastructure and Development Limited,NRN,501.0
2023-07-16,NRN Infrastructure and Development Limited,NRN,500.0
2023-07-13,NRN Infrastructure and Development Limited,NRN,511.0
2023-07-17,Nabil Balanced Fund-3,NBF3,7.42
2023-07-16,Nabil Balanced Fund-3,NBF3,7.39
2023-07-13,Nabil Balanced Fund-3,NBF3,7.14
2023-07-17,Nabil Bank Limited,NABIL,598.0
2023-07-16,Nabil Bank Limited,NABIL,590.0
2023-07-13,Nabil Bank Limited,NABIL,574.3
2023-07-17,Nabil Debenture 2085,NBLD85,826.2
2023-07-16,Nabil Debenture 2085,NBLD85,843.0
2023-07-13,Nabil Debenture 2085,NBLD85,826.7
2023-07-17,Nabil Equity Fund,NEF,9.54
2023-07-16,Nabil Equity Fund,NEF,9.61
2023-07-13,Nabil Equity Fund,NEF,9.4
2023-07-17,Nadep Laghubittiya bittya Sanstha Ltd.,NADEP,600.1
2023-07-16,Nadep Laghubittiya bittya Sanstha Ltd.,NADEP,608.2
2023-07-13,Nadep Laghubittiya bittya Sanstha Ltd.,NADEP,606.1
2023-07-17,Narayani Development Bank Limited,NABBC,414.0
2023-07-16,Narayani Development Bank Limited,NABBC,405.5
2023-07-13,Narayani Development Bank Limited,NABBC,409.0
2023-07-17,National Hydro Power Company Limited,NHPC,174.0
2023-07-16,National Hydro Power Company Limited,NHPC,175.0
2023-07-13,National Hydro Power Company Limited,NHPC,180.0
2023-07-17,National Life Insurance Co. Ltd.,NLICL,645.0
2023-07-16,National Life Insurance Co. Ltd.,NLICL,640.0
2023-07-13,National Life Insurance Co. Ltd.,NLICL,646.0
2023-07-13,National Microfinance Laghubitta Bittiya Sanstha Limited,NMFBS,1366.0
2023-07-13,Naya Sarathi Laghubitta Bittiya Sanstha Limited,NSLB,677.0
2023-07-17,Neco Insurance Limited,NIL,892.0
2023-07-16,Neco Insurance Limited,NIL,877.0
2023-07-13,Neco Insurance Limited,NIL,890.0
2023-07-17,Nepal Bank Limited,NBL,248.6
2023-07-16,Nepal Bank Limited,NBL,245.0
2023-07-13,Nepal Bank Limited,NBL,243.5
2023-07-17,Nepal Doorsanchar Company Limited,NTC,900.1
2023-07-16,Nepal Doorsanchar Company Limited,NTC,902.3
2023-07-13,Nepal Doorsanchar Company Limited,NTC,900.0
2023-07-17,Nepal Finance Ltd.,NFS,347.6
2023-07-16,Nepal Finance Ltd.,NFS,348.0
2023-07-13,Nepal Finance Ltd.,NFS,350.0
2023-07-17,Nepal Hydro Developers Ltd.,NHDL,376.2
2023-07-16,Nepal Hydro Developers Ltd.,NHDL,375.3
2023-07-13,Nepal Hydro Developers Ltd.,NHDL,375.0
2023-07-17,Nepal Infrastructure Bank Limited,NIFRA,223.5
2023-07-16,Nepal Infrastructure Bank Limited,NIFRA,215.9
2023-07-13,Nepal Infrastructure Bank Limited,NIFRA,216.5
2023-07-17,Nepal Insurance Co. Ltd.,NICL,810.1
2023-07-16,Nepal Insurance Co. Ltd.,NICL,818.0
2023-07-13,Nepal Insurance Co. Ltd.,NICL,831.0
2023-07-17,Nepal Investment Mega Bank Limited,NIMB,174.0
2023-07-16,Nepal Investment Mega Bank Limited,NIMB,172.5
2023-07-13,Nepal Investment Mega Bank Limited,NIMB,170.4
2023-07-17,Nepal Investment Mega Bank Ltd. Promoter Share,NIMBPO,150.0
2023-07-16,Nepal Investment Mega Bank Ltd. Promoter Share,NIMBPO,148.0
2023-07-13,Nepal Investment Mega Bank Ltd. Promoter Share,NIMBPO,145.2
2023-07-17,Nepal Life Insurance Co. Ltd.,NLIC,742.1
2023-07-16,Nepal Life Insurance Co. Ltd.,NLIC,741.2
2023-07-13,Nepal Life Insurance Co. Ltd.,NLIC,740.0
2023-07-16,Nepal Lube Oil Limited,NLO,261.0
2023-07-17,Nepal Reinsurance Company Limited,NRIC,740.0
2023-07-16,Nepal Reinsurance Company Limited,NRIC,735.0
2023-07-13,Nepal Reinsurance Company Limited,NRIC,738.0
2023-07-17,Nepal SBI Bank Limited,SBI,341.0
2023-07-16,Nepal SBI Bank Limited,SBI,338.2
2023-07-13,Nepal SBI Bank Limited,SBI,335.2
2023-07-17,Nerude Laghubitta Bittiya Sanstha Limited,NLBBL,675.0
2023-07-16,Nerude Laghubitta Bittiya Sanstha Limited,NLBBL,665.2
2023-07-13,Nerude Laghubitta Bittiya Sanstha Limited,NLBBL,676.2
2023-07-17,Ngadi Group Power Ltd.,NGPL,233.0
2023-07-16,Ngadi Group Power Ltd.,NGPL,233.0
2023-07-13,Ngadi Group Power Ltd.,NGPL,238.0
2023-07-17,Nirdhan Utthan Laghubitta Bittiya Sanstha Limited,NUBL,742.0
2023-07-16,Nirdhan Utthan Laghubitta Bittiya Sanstha Limited,NUBL,717.9
2023-07-13,Nirdhan Utthan Laghubitta Bittiya Sanstha Limited,NUBL,724.1
2023-07-17,Nyadi Hydropower Limited,NYADI,260.0
2023-07-16,Nyadi Hydropower Limited,NYADI,260.1
2023-07-13,Nyadi Hydropower Limited,NYADI,265.0
2023-07-17,Oriental Hotels Limited,OHL,783.1
2023-07-16,Oriental Hotels Limited,OHL,786.0
2023-07-13,Oriental Hotels Limited,OHL,788.9
2023-07-17,Panchakanya Mai Hydropower Ltd,PMHPL,200.2
2023-07-16,Panchakanya Mai Hydropower Ltd,PMHPL,200.0
2023-07-13,Panchakanya Mai Hydropower Ltd,PMHPL,203.0
2023-07-17,Panchthar Power Compant Limited,PPCL,266.0
2023-07-16,Panchthar Power Compant Limited,PPCL,268.0
2023-07-13,Panchthar Power Compant Limited,PPCL,266.1
2023-07-17,People's Power Limited,PPL,240.2
2023-07-16,People's Power Limited,PPL,240.1
2023-07-13,People's Power Limited,PPL,245.0
2023-07-17,Peoples Hydropower Company Limited,PHCL,321.8
2023-07-16,Peoples Hydropower Company Limited,PHCL,316.1
2023-07-13,Peoples Hydropower Company Limited,PHCL,318.0
2023-07-17,Pokhara Finance Ltd.,PFL,391.0
2023-07-16,Pokhara Finance Ltd.,PFL,394.0
2023-07-13,Pokhara Finance Ltd.,PFL,398.0
2023-07-17,Prabhu  Bank Limited,PRVU,161.2
2023-07-16,Prabhu  Bank Limited,PRVU,160.0
2023-07-13,Prabhu  Bank Limited,PRVU,159.6
2023-07-16,Prabhu  Bank Limited Promoter Share,PRVUPO,113.0
2023-07-13,Prabhu  Bank Limited Promoter Share,PRVUPO,112.0
2023-07-17,Prabhu Insurance Ltd.,PRIN,743.0
2023-07-16,Prabhu Insurance Ltd.,PRIN,742.1
2023-07-13,Prabhu Insurance Ltd.,PRIN,740.0
2023-07-13,Prabhu Life Insurance Limited,PLI,586.2
2023-07-17,Prabhu Select Fund,PSF,8.92
2023-07-16,Prabhu Select Fund,PSF,8.85
2023-07-13,Prabhu Select Fund,PSF,8.99
2023-07-17,Prabhu Smart Fund,PRSF,9.71
2023-07-16,Prabhu Smart Fund,PRSF,8.97
2023-07-13,Prabhu Smart Fund,PRSF,8.59
2023-07-17,Prime Commercial Bank Ltd.,PCBL,193.0
2023-07-16,Prime Commercial Bank Ltd.,PCBL,190.0
2023-07-13,Prime Commercial Bank Ltd.,PCBL,188.6
2023-07-13,Prime Commercial Bank Promoter Share,PCBLP,147.0
2023-07-17,Progressive Finance Limited,PROFL,400.8
2023-07-16,Progressive Finance Limited,PROFL,406.0
2023-07-13,Progressive Finance Limited,PROFL,414.0
2023-07-17,RASUWAGADHI HYDROPOWER COMPANY LIMITED,RHPL,295.0
2023-07-16,RASUWAGADHI HYDROPOWER COMPANY LIMITED,RHPL,300.0
2023-07-13,RASUWAGADHI HYDROPOWER COMPANY LIMITED,RHPL,303.0
2023-07-17,RBB Mutual Fund 1,RMF1,7.92
2023-07-16,RBB Mutual Fund 1,RMF1,7.5
2023-07-13,RBB Mutual Fund 1,RMF1,7.6
2023-07-17,RSDC Laghubitta Bittiya Sanstha Ltd.,RSDC,602.1
2023-07-16,RSDC Laghubitta Bittiya Sanstha Ltd.,RSDC,611.0
2023-07-13,RSDC Laghubitta Bittiya Sanstha Ltd.,RSDC,618.0
2023-07-17,Radhi Bidyut Company Ltd,RADHI,230.0
2023-07-16,Radhi Bidyut Company Ltd,RADHI,231.0
2023-07-13,Radhi Bidyut Company Ltd,RADHI,232.0
2023-07-17,Rapti Hydro And General Construction Limited,RHGCL,233.0
2023-07-16,Rapti Hydro And General Construction Limited,RHGCL,236.0
2023-07-13,Rapti Hydro And General Construction Limited,RHGCL,239.0
2023-07-13,Rastra Utthan Laghubitta Sanstha Limited,RULB,745.0
2023-07-17,Rastriya Beema Company Limited,RBCL,15582.0
2023-07-16,Rastriya Beema Company Limited,RBCL,14950.0
2023-07-13,Rastriya Beema Company Limited,RBCL,15000.0
2023-07-16,Rastriya Beema Company Limited Promoter Share,RBCLPO,13384.0
2023-07-13,Rastriya Beema Company Limited Promoter Share,RBCLPO,13426.0
2023-07-17,Rawa Energy Development Limited,RAWA,346.2
2023-07-16,Rawa Energy Development Limited,RAWA,350.1
2023-07-13,Rawa Energy Development Limited,RAWA,333.2
2023-07-17,Reliance Finance Ltd.,RLFL,378.0
2023-07-16,Reliance Finance Ltd.,RLFL,365.1
2023-07-13,Reliance Finance Ltd.,RLFL,371.0
2023-07-13,Reliance Finance Ltd. Promoter Share,RLFLPO,215.0
2023-07-17,Ridi Power Company Limited,RIDI,243.0
2023-07-16,Ridi Power Company Limited,RIDI,240.0
2023-07-13,Ridi Power Company Limited,RIDI,239.0
2023-07-17,River Falls Power Limited,RFPL,242.4
2023-07-16,River Falls Power Limited,RFPL,243.0
2023-07-13,River Falls Power Limited,RFPL,250.0
2023-07-17,Ru Ru Jalbidhyut Pariyojana Limited,RURU,778.0
2023-07-16,Ru Ru Jalbidhyut Pariyojana Limited,RURU,775.1
2023-07-13,Ru Ru Jalbidhyut Pariyojana Limited,RURU,790.0
2023-07-17,SANJEN JALAVIDHYUT COMPANY LIMITED,SJCL,293.0
2023-07-16,SANJEN JALAVIDHYUT COMPANY LIMITED,SJCL,294.2
2023-07-13,SANJEN JALAVIDHYUT COMPANY LIMITED,SJCL,297.0
2023-07-17,SHIVAM CEMENTS LTD,SHIVM,644.0
2023-07-16,SHIVAM CEMENTS LTD,SHIVM,647.1
2023-07-13,SHIVAM CEMENTS LTD,SHIVM,649.8
2023-07-17,Sabaiko Laghubitta Bittiya Sanstha Limited,SABSL,729.5
2023-07-16,Sabaiko Laghubitta Bittiya Sanstha Limited,SABSL,716.0
2023-07-13,Sabaiko Laghubitta Bittiya Sanstha Limited,SABSL,740.0
2023-07-17,Sadhana Laghubitta Bittiya Sanstha Limited,SDLBSL,730.0
2023-07-16,Sadhana Laghubitta Bittiya Sanstha Limited,SDLBSL,732.0
2023-07-13,Sadhana Laghubitta Bittiya Sanstha Limited,SDLBSL,740.0
2023-07-17,Sagarmatha Jalabidhyut Company Limited,SMJC,247.0
2023-07-16,Sagarmatha Jalabidhyut Company Limited,SMJC,248.1
2023-07-13,Sagarmatha Jalabidhyut Company Limited,SMJC,254.0
2023-07-17,Sagarmatha Lumbini Insurance Co. Limited,SALICO,741.0
2023-07-16,Sagarmatha Lumbini Insurance Co. Limited,SALICO,743.3
2023-07-13,Sagarmatha Lumbini Insurance Co. Limited,SALICO,741.4
2023-07-17,Sahas Urja Limited,SAHAS,476.0
2023-07-16,Sahas Urja Limited,SAHAS,480.0
2023-07-13,Sahas Urja Limited,SAHAS,481.0
2023-07-17,Salt Trading Corporation,STC,4900.0
2023-07-16,Salt Trading Corporation,STC,4830.0
2023-07-13,Salt Trading Corporation,STC,4903.0
2023-07-17,Samaj Laghubittya Bittiya Sanstha Limited,SAMAJ,72.1
2023-07-17,Samata Gharelu Laghubitta Bittiya Sanstha Limited,SMATA,666.0
2023-07-16,Samata Gharelu Laghubitta Bittiya Sanstha Limited,SMATA,680.0
2023-07-13,Samata Gharelu Laghubitta Bittiya Sanstha Limited,SMATA,676.0
2023-07-17,Samling Power Company Limited,SPC,395.5
2023-07-16,Samling Power Company Limited,SPC,398.7
2023-07-13,Samling Power Company Limited,SPC,408.0
2023-07-17,Samriddhi Finance Company Limited,SFCL,323.0
2023-07-16,Samriddhi Finance Company Limited,SFCL,317.6
2023-07-13,Samriddhi Finance Company Limited,SFCL,320.0
2023-07-17,Samudayik Laghubitta Bittiya Sanstha Limited,SLBSL,927.0
2023-07-16,Samudayik Laghubitta Bittiya Sanstha Limited,SLBSL,916.3
2023-07-13,Samudayik Laghubitta Bittiya Sanstha Limited,SLBSL,901.0
2023-07-17,Sanima Bank Limited,SANIMA,259.3
2023-07-16,Sanima Bank Limited,SANIMA,254.2
2023-07-13,Sanima Bank Limited,SANIMA,250.9
2023-07-17,Sanima Equity Fund,SAEF,11.37
2023-07-16,Sanima Equity Fund,SAEF,11.35
2023-07-13,Sanima Equity Fund,SAEF,10.92
2023-07-17,Sanima GIC Insurance Limited,SGIC,641.0
2023-07-16,Sanima GIC Insurance Limited,SGIC,637.0
2023-07-13,Sanima GIC Insurance Limited,SGIC,641.9
2023-07-17,Sanima Growth Fund,SAGF,9.24
2023-07-16,Sanima Growth Fund,SAGF,8.46
2023-07-13,Sanima Growth Fund,SAGF,8.59
2023-07-17,Sanima Large Cap Fund,SLCF,8.36
2023-07-16,Sanima Large Cap Fund,SLCF,8.08
2023-07-13,Sanima Large Cap Fund,SLCF,7.82
2023-07-17,Sanima Mai Hydropower Ltd.,SHPC,355.1
2023-07-16,Sanima Mai Hydropower Ltd.,SHPC,354.0
2023-07-13,Sanima Mai Hydropower Ltd.,SHPC,357.3
2023-07-17,Sanima Middle Tamor Hydropower Limited,TAMOR,281.0
2023-07-16,Sanima Middle Tamor Hydropower Limited,TAMOR,282.0
2023-07-13,Sanima Middle Tamor Hydropower Limited,TAMOR,285.2
2023-07-17,Sanima Reliance Life Insurance Limited,SRLI,548.0
2023-07-16,Sanima Reliance Life Insurance Limited,SRLI,548.0
2023-07-13,Sanima Reliance Life Insurance Limited,SRLI,552.3
2023-07-17,Saptakoshi Development Bank Ltd,SAPDBL,253.1
2023-07-16,Saptakoshi Development Bank Ltd,SAPDBL,253.7
2023-07-13,Saptakoshi Development Bank Ltd,SAPDBL,257.1
2023-07-17,Sayapatri Hydropower Limited,SPHL,351.1
2023-07-16,Sayapatri Hydropower Limited,SPHL,357.3
2023-07-13,Sayapatri Hydropower Limited,SPHL,359.1
2023-07-16,Shangri-la Development Bank Debenture 2087,SDBD87,864.5
2023-07-13,Shangri-la Development Bank Debenture 2087,SDBD87,847.6
2023-07-17,Shangrila Development Bank Ltd.,SADBL,324.0
2023-07-16,Shangrila Development Bank Ltd.,SADBL,321.1
2023-07-13,Shangrila Development Bank Ltd.,SADBL,327.1
2023-07-17,Shikhar Insurance Co. Ltd.,SICL,842.0
2023-07-16,Shikhar Insurance Co. Ltd.,SICL,840.1
2023-07-13,Shikhar Insurance Co. Ltd.,SICL,843.0
2023-07-17,Shine Resunga Development Bank Ltd.,SHINE,382.0
2023-07-16,Shine Resunga Development Bank Ltd.,SHINE,380.0
2023-07-13,Shine Resunga Development Bank Ltd.,SHINE,383.3
2023-07-17,Shiva Shree Hydropower Ltd,SSHL,179.0
2023-07-16,Shiva Shree Hydropower Ltd,SSHL,180.5
2023-07-13,Shiva Shree Hydropower Ltd,SSHL,181.6
2023-07-17,Shree Investment Finance Co. Ltd.,SIFC,377.5
2023-07-16,Shree Investment Finance Co. Ltd.,SIFC,370.0
2023-07-13,Shree Investment Finance Co. Ltd.,SIFC,376.0
2023-07-17,Shrijanshil Laghubitta Bittiya Sanstha Limited,SHLB,1163.3
2023-07-16,Shrijanshil Laghubitta Bittiya Sanstha Limited,SHLB,1122.0
2023-07-13,Shrijanshil Laghubitta Bittiya Sanstha Limited,SHLB,1130.1
2023-07-17,Shuvam Power Limited,SPL,778.0
2023-07-16,Shuvam Power Limited,SPL,749.0
2023-07-13,Shuvam Power Limited,SPL,784.0
2023-07-17,Siddhartha Bank Limited,SBL,253.1
2023-07-16,Siddhartha Bank Limited,SBL,245.0
2023-07-13,Siddhartha Bank Limited,SBL,243.5
2023-07-17,Siddhartha Equity Fund,SEF,9.25
2023-07-16,Siddhartha Equity Fund,SEF,8.9
2023-07-13,Siddhartha Equity Fund,SEF,8.58
2023-07-17,Siddhartha Investment Growth Scheme - 2,SIGS2,8.75
2023-07-16,Siddhartha Investment Growth Scheme - 2,SIGS2,8.52
2023-07-13,Siddhartha Investment Growth Scheme - 2,SIGS2,8.45
2023-07-17,Siddhartha Premier Insurance Limited,SPIL,774.0
2023-07-16,Siddhartha Premier Insurance Limited,SPIL,769.0
2023-07-13,Siddhartha Premier Insurance Limited,SPIL,775.0
2023-07-17,Sikles Hydropower Limited,SIKLES,380.0
2023-07-16,Sikles Hydropower Limited,SIKLES,384.3
2023-07-13,Sikles Hydropower Limited,SIKLES,395.1
2023-07-17,Sindhu Bikash Bank Ltd,SINDU,273.5
2023-07-16,Sindhu Bikash Bank Ltd,SINDU,273.1
2023-07-13,Sindhu Bikash Bank Ltd,SINDU,273.1
2023-07-17,Singati Hydro Energy Limited,SHEL,275.0
2023-07-16,Singati Hydro Energy Limited,SHEL,275.0
2023-07-13,Singati Hydro Energy Limited,SHEL,274.0
2023-07-17,Soaltee Hotel Limited,SHL,479.0
2023-07-16,Soaltee Hotel Limited,SHL,480.0
2023-07-13,Soaltee Hotel Limited,SHL,475.0
2023-07-17,Standard Chartered Bank Limited,SCB,532.1
2023-07-16,Standard Chartered Bank Limited,SCB,526.0
2023-07-13,Standard Chartered Bank Limited,SCB,528.1
2023-07-13,Summit Laghubitta Bittiya Sanstha Limited,SMFDB,950.0
2023-07-13,Sunrise Bank Limited,SRBL,170.0
2023-07-17,Sunrise Bluechip Fund,SBCF,7.86
2023-07-16,Sunrise Bluechip Fund,SBCF,7.79
2023-07-13,Sunrise Bluechip Fund,SBCF,7.85
2023-07-17,Sunrise First Mutual Fund,SFMF,10.91
2023-07-16,Sunrise First Mutual Fund,SFMF,10.9
2023-07-13,Sunrise First Mutual Fund,SFMF,10.75
2023-07-17,Sunrise Focused Equity Fund,SFEF,9.15
2023-07-16,Sunrise Focused Equity Fund,SFEF,8.3
2023-07-13,Sunrise Focused Equity Fund,SFEF,8.5
2023-07-17,Super Madi Hydropower Limited,SMHL,390.0
2023-07-16,Super Madi Hydropower Limited,SMHL,377.5
2023-07-13,Super Madi Hydropower Limited,SMHL,399.0
2023-07-17,Super Mai Hydropower Limited,SMH,550.0
2023-07-16,Super Mai Hydropower Limited,SMH,540.0
2023-07-13,Super Mai Hydropower Limited,SMH,540.0
2023-07-17,Support Microfinance Bittiya Sanstha Ltd.,SMB,956.0
2023-07-16,Support Microfinance Bittiya Sanstha Ltd.,SMB,937.1
2023-07-13,Support Microfinance Bittiya Sanstha Ltd.,SMB,950.1
2023-07-17,SuryaJyoti Life Insurance Company Limited,SJLIC,609.0
2023-07-16,SuryaJyoti Life Insurance Company Limited,SJLIC,604.7
2023-07-13,SuryaJyoti Life Insurance Company Limited,SJLIC,611.6
2023-07-17,Suryodaya Womi Laghubitta Bittiya Sanstha Limited,SWMF,733.0
2023-07-16,Suryodaya Womi Laghubitta Bittiya Sanstha Limited,SWMF,716.1
2023-07-13,Suryodaya Womi Laghubitta Bittiya Sanstha Limited,SWMF,726.4
2023-07-17,Swabalamban Laghubitta Bittiya Sanstha Limited,SWBBL,862.4
2023-07-16,Swabalamban Laghubitta Bittiya Sanstha Limited,SWBBL,847.0
2023-07-13,Swabalamban Laghubitta Bittiya Sanstha Limited,SWBBL,858.1
2023-07-17,Swabhimaan Laghubitta Bittiya Sanstha Limited,SMFBS,1127.0
2023-07-16,Swabhimaan Laghubitta Bittiya Sanstha Limited,SMFBS,1128.0
2023-07-13,Swabhimaan Laghubitta Bittiya Sanstha Limited,SMFBS,1123.0
2023-07-17,Swarojgar Laghu Bitta Bikas Bank Ltd.,SLBBL,691.0
2023-07-16,Swarojgar Laghu Bitta Bikas Bank Ltd.,SLBBL,692.1
2023-07-13,Swarojgar Laghu Bitta Bikas Bank Ltd.,SLBBL,705.0
2023-07-17,Swet-Ganga Hydropower & Construction Limited ,SGHC,258.0
2023-07-16,Swet-Ganga Hydropower & Construction Limited ,SGHC,262.7
2023-07-13,Swet-Ganga Hydropower & Construction Limited ,SGHC,267.6
2023-07-17,Synergy Power Development Ltd.,SPDL,250.0
2023-07-16,Synergy Power Development Ltd.,SPDL,250.0
2023-07-13,Synergy Power Development Ltd.,SPDL,253.0
2023-07-17,Taragaon Regency Hotel Limited,TRH,775.0
2023-07-16,Taragaon Regency Hotel Limited,TRH,782.0
2023-07-13,Taragaon Regency Hotel Limited,TRH,775.0
2023-07-17,Terhathum Power Company Limited,TPC,358.0
2023-07-16,Terhathum Power Company Limited,TPC,356.0
2023-07-13,Terhathum Power Company Limited,TPC,363.0
2023-07-17,UNIVERSAL POWER COMPANY LTD,UPCL,215.0
2023-07-16,UNIVERSAL POWER COMPANY LTD,UPCL,216.0
2023-07-13,UNIVERSAL POWER COMPANY LTD,UPCL,218.6
2023-07-17,Unilever Nepal Limited,UNL,32338.1
2023-07-16,Unilever Nepal Limited,UNL,32890.0
2023-07-13,Unilever Nepal Limited,UNL,31886.0
2023-07-17,Union Hydropower Limited,UNHPL,197.0
2023-07-16,Union Hydropower Limited,UNHPL,196.0
2023-07-13,Union Hydropower Limited,UNHPL,200.0
2023-07-17,Unique Nepal Laghubitta Bittiya Sanstha Limited,UNLB,1292.0
2023-07-16,Unique Nepal Laghubitta Bittiya Sanstha Limited,UNLB,1313.0
2023-07-13,Unique Nepal Laghubitta Bittiya Sanstha Limited,UNLB,1302.0
2023-07-17,United Ajod Insurance Limited,UAIL,499.2
2023-07-17,United IDI Mardi RB Hydropower Limited.,UMRH,430.7
2023-07-16,United IDI Mardi RB Hydropower Limited.,UMRH,432.5
2023-07-13,United IDI Mardi RB Hydropower Limited.,UMRH,433.6
2023-07-17,United Modi Hydropower Ltd.,UMHL,212.0
2023-07-16,United Modi Hydropower Ltd.,UMHL,210.0
2023-07-13,United Modi Hydropower Ltd.,UMHL,213.7
2023-07-17,Unnati Sahakarya Laghubitta Bittiya Sanstha Limited,USLB,837.0
2023-07-16,Unnati Sahakarya Laghubitta Bittiya Sanstha Limited,USLB,821.9
2023-07-13,Unnati Sahakarya Laghubitta Bittiya Sanstha Limited,USLB,820.0
2023-07-17,Upakar Laghubitta Bittiya Sanstha Limited,ULBSL,1370.0
2023-07-16,Upakar Laghubitta Bittiya Sanstha Limited,ULBSL,1380.0
2023-07-13,Upakar Laghubitta Bittiya Sanstha Limited,ULBSL,1379.9
2023-07-17,Upper Hewakhola Hydropower Company Limited,UHEWA,296.0
2023-07-16,Upper Hewakhola Hydropower Company Limited,UHEWA,297.0
2023-07-13,Upper Hewakhola Hydropower Company Limited,UHEWA,300.2
2023-07-17,Upper Solu Hydro Electric Company Limited,USHEC,251.0
2023-07-16,Upper Solu Hydro Electric Company Limited,USHEC,256.8
2023-07-13,Upper Solu Hydro Electric Company Limited,USHEC,257.9
2023-07-17,Upper Tamakoshi Hydropower Ltd,UPPER,421.1
2023-07-16,Upper Tamakoshi Hydropower Ltd,UPPER,423.1
2023-07-13,Upper Tamakoshi Hydropower Ltd,UPPER,424.0
2023-07-13,Vijaya laghubitta Bittiya Sanstha Ltd.,VLBS,712.0
2023-07-17,Wean Nepal Laghubitta Bittiya Sanstha Limited,WNLB,800.0
2023-07-16,Wean Nepal Laghubitta Bittiya Sanstha Limited,WNLB,803.0
2023-07-13,Wean Nepal Laghubitta Bittiya Sanstha Limited,WNLB,801.0
