BUSINESS_DATE,SECURITY_NAME,SYMBOL,MARKET_CAPITALIZATION
2023-07-16,10 % NMB DEBENTURE 2085,NMBD2085,
2023-07-13,10 % NMB DEBENTURE 2085,NMBD2085,
2023-07-16,10% Laxmi Bank Debenture 2086,LBLD86,
2023-07-13,10% Laxmi Bank Debenture 2086,LBLD86,
2023-07-16,10% Nabil Debenture 2082,NBLD82,
2023-07-13,10% Nabil Debenture 2082,NBLD82,
2023-07-13,10% Nepal SBI Bank Debenture 2086,SBIBD86,
2023-07-16,10% Prabhu Bank Debenture 2084 ,PBLD84,
2023-07-13,10% Prabhu Bank Debenture 2084 ,PBLD84,
2023-07-17,10% Prime Debenture 2088,PBD88,
2023-07-16,10% Prime Debenture 2088,PBD88,
2023-07-13,10% Prime Debenture 2088,PBD88,
2023-07-16,10% Sanima Bank Limited Debenture,SAND2085,2261.6
2023-07-13,10% Sunrise Debenture 2080,SRD80,1020.0
2023-07-13,10.25% GLOBAL IME BANK LTD. DEBENTURE 2080/81,GBD80/81,110838.05
2023-07-17,10.25% KBL Debenture 2086,KBLD86,
2023-07-16,10.25% Machhapuchhre Bank Debenture 2085,MBLD2085,
2023-07-16,10.25% NBBL Debenture 2085,NBBD2085,
2023-07-13,10.25% NBBL Debenture 2085,NBBD2085,
2023-07-16,10.25% NIC Asia Debenture 2083/84,NICD83/84,
2023-07-13,10.25% NIC Asia Debenture 2083/84,NICD83/84,
2023-07-16,10.25% Nepal SBI Bank Debenture 2083,SBID83,
2023-07-16,10.25% Prabhu Bank  Debenture 2086,PBLD86,
2023-07-13,10.25% SBL Debenture 2083,SBLD83,
2023-07-13,10.25% Sunrise Bank Debenture 2083,SRBLD83,
2023-07-16,10.35% Agricultural Bank Debenture 2083,ADBLD83,
2023-07-13,10.35% Agricultural Bank Debenture 2083,ADBLD83,
2023-07-16,10.5 % NEPAL INVESTMENT DEBENTURE 2082,NIBD2082,
2023-07-13,10.5 % NEPAL INVESTMENT DEBENTURE 2082,NIBD2082,
2023-07-16,10.50% SBL Debenture 2082,SBLD2082,
2023-07-13,10.50% SBL Debenture 2082,SBLD2082,
2023-07-16,11% NIC Asia Debenture 082/83,NICAD8283,
2023-07-13,11% NIC Asia Debenture 082/83,NICAD8283,
2023-07-16,12 % Goodwill Finance Limited Debenture 2083,GWFD83,
2023-07-13,12 % Goodwill Finance Limited Debenture 2083,GWFD83,
2023-07-16,12% ICFC Finance Limited Debenture 2083,ICFCD83,
2023-07-13,12% ICFC Finance Limited Debenture 2083,ICFCD83,
2023-07-17,8.5% BOK Debenture 2086,BOKD86,1294.4
2023-07-16,8.5% BOK Debenture 2086,BOKD86,1375.04
2023-07-16,8.5% Laxmi Bank Debenture 2088,LBLD88,
2023-07-13,8.5% Nepal Bank Debenture 2087,NBLD87,
2023-07-17,8.5% Nepal Investment Bank Debenture 2084,NIBD84,
2023-07-16,8.5% Nepal Investment Bank Debenture 2084,NIBD84,
2023-07-13,8.5% Nepal Investment Bank Debenture 2084,NIBD84,
2023-07-16,8.5% Prabhu Bank Debenture 2087,PBLD87,
2023-07-13,8.5% Prabhu Bank Debenture 2087,PBLD87,
2023-07-17,8.5% SBL Debenture 2084,SBLD84,
2023-07-16,8.5% Sanima Debenture 2087,SBD87,
2023-07-13,8.5% Sanima Debenture 2087,SBD87,
2023-07-16,9.5% Manjushree Finance Limited Debenture 2085,MFLD85,
2023-07-13,9.5% Manjushree Finance Limited Debenture 2085,MFLD85,
2023-07-17,Aarambha Chautari Laghubitta Bittiya Sanstha Limited,ACLBSL,2474.18
2023-07-16,Aarambha Chautari Laghubitta Bittiya Sanstha Limited,ACLBSL,2375.42
2023-07-13,Aarambha Chautari Laghubitta Bittiya Sanstha Limited,ACLBSL,2386.43
2023-07-17,Aatmanirbhar Laghubitta Bittiya Sanstha Limited,ANLB,1489.94
2023-07-16,Aatmanirbhar Laghubitta Bittiya Sanstha Limited,ANLB,1473.61
2023-07-13,Aatmanirbhar Laghubitta Bittiya Sanstha Limited,ANLB,1489.07
2023-07-17,Agricultural Development Bank Limited,ADBL,32284.02
2023-07-16,Agricultural Development Bank Limited,ADBL,31463.47
2023-07-13,Agricultural Development Bank Limited,ADBL,30696.72
2023-07-17,Ankhu Khola Jalvidhyut Company Ltd,AKJCL,1567.2
2023-07-16,Ankhu Khola Jalvidhyut Company Ltd,AKJCL,1540.0
2023-07-13,Ankhu Khola Jalvidhyut Company Ltd,AKJCL,1560.0
2023-07-17,Api Power Company Ltd.,API,11596.34
2023-07-16,Api Power Company Ltd.,API,11399.6
2023-07-13,Api Power Company Ltd.,API,11515.33
2023-07-17,Arun Kabeli Power Ltd.,AKPL,9464.91
2023-07-16,Arun Kabeli Power Ltd.,AKPL,9571.03
2023-07-13,Arun Kabeli Power Ltd.,AKPL,9685.31
2023-07-17,Arun Valley Hydropower Development Co. Ltd.,AHPC,4838.02
2023-07-16,Arun Valley Hydropower Development Co. Ltd.,AHPC,4763.3
2023-07-13,Arun Valley Hydropower Development Co. Ltd.,AHPC,4826.82
2023-07-17,Asha Laghubitta Bittiya Sanstha Ltd,ALBSL,3049.11
2023-07-16,Asha Laghubitta Bittiya Sanstha Ltd,ALBSL,2995.69
2023-07-13,Asha Laghubitta Bittiya Sanstha Ltd,ALBSL,2949.89
2023-07-17,Asian Hydropower Limited,AHL,1156.0
2023-07-16,Asian Hydropower Limited,AHL,1122.0
2023-07-13,Asian Hydropower Limited,AHL,1149.54
2023-07-17,Asian Life Insurance Co. Limited,ALICL,24166.45
2023-07-16,Asian Life Insurance Co. Limited,ALICL,23510.14
2023-07-13,Asian Life Insurance Co. Limited,ALICL,23664.75
2023-07-17,Aviyan Laghubitta Bittiya Sanstha Limited,AVYAN,1920.0
2023-07-16,Aviyan Laghubitta Bittiya Sanstha Limited,AVYAN,1747.5
2023-07-13,Aviyan Laghubitta Bittiya Sanstha Limited,AVYAN,1790.0
2023-07-17,BPW Laghubitta Bittiya Sanstha Limited,BPW,369.6
2023-07-16,BPW Laghubitta Bittiya Sanstha Limited,BPW,336.0
2023-07-13,BPW Laghubitta Bittiya Sanstha Limited,BPW,339.9
2023-07-17,Balephi Hydropower Limited,BHL,4842.29
2023-07-16,Balephi Hydropower Limited,BHL,4752.72
2023-07-13,Balephi Hydropower Limited,BHL,4752.72
2023-07-17,Barahi Hydropower Public Limited,BHPL,1150.0
2023-07-16,Barahi Hydropower Public Limited,BHPL,1136.25
2023-07-13,Barahi Hydropower Public Limited,BHPL,1125.0
2023-07-17,Barun Hydropower Co. Ltd.,BARUN,1334.72
2023-07-16,Barun Hydropower Co. Ltd.,BARUN,1334.18
2023-07-13,Barun Hydropower Co. Ltd.,BARUN,1312.75
2023-07-17,Best Finance Company Ltd.,BFC,3128.63
2023-07-16,Best Finance Company Ltd.,BFC,3017.5
2023-07-13,Best Finance Company Ltd.,BFC,3025.2
2023-07-17,Bhugol Energy Development Company Limited,BEDC,1278.53
2023-07-16,Bhugol Energy Development Company Limited,BEDC,1263.29
2023-07-13,Bhugol Energy Development Company Limited,BEDC,1285.05
2023-07-17,Bindhyabasini Hydropower Development Company Limited,BHDC,4021.5
2023-07-16,Bindhyabasini Hydropower Development Company Limited,BHDC,4095.0
2023-07-13,Bindhyabasini Hydropower Development Company Limited,BHDC,4189.5
2023-07-17,Bishal Bazar Company Limited,BBC,1694.84
2023-07-16,Bishal Bazar Company Limited,BBC,1685.5
2023-07-13,Bishal Bazar Company Limited,BBC,1675.72
2023-07-17,Bottlers Nepal (Terai) Limited,BNT,16940.0
2023-07-13,Bottlers Nepal (Terai) Limited,BNT,16698.0
2023-07-17,Buddha Bhumi Nepal Hydropower Company Limited,BNHC,1356.0
2023-07-16,Buddha Bhumi Nepal Hydropower Company Limited,BNHC,1340.0
2023-07-13,Buddha Bhumi Nepal Hydropower Company Limited,BNHC,1292.0
2023-07-17,Butwal Power Company Limited,BPCL,11352.19
2023-07-16,Butwal Power Company Limited,BPCL,11266.96
2023-07-13,Butwal Power Company Limited,BPCL,11157.87
2023-07-17,CEDB Hydropower Development Company Limited,CHDC,7789.72
2023-07-16,CEDB Hydropower Development Company Limited,CHDC,7588.27
2023-07-13,CEDB Hydropower Development Company Limited,CHDC,7579.87
2023-07-16,CITIZENS MUTUAL FUND 2,CMF2,581.84
2023-07-13,CITIZENS MUTUAL FUND 2,CMF2,529.76
2023-07-17,CYC Nepal Laghubitta Bittiya Sanstha Limited,CYCL,4023.01
2023-07-16,CYC Nepal Laghubitta Bittiya Sanstha Limited,CYCL,3756.58
2023-07-13,CYC Nepal Laghubitta Bittiya Sanstha Limited,CYCL,3543.44
2023-07-17,Central Finance Co. Ltd.,CFCL,3857.18
2023-07-16,Central Finance Co. Ltd.,CFCL,3729.08
2023-07-13,Central Finance Co. Ltd.,CFCL,3719.59
2023-07-16,Century Debenture 2088,CCBD88,
2023-07-13,Century Debenture 2088,CCBD88,
2023-07-17,Chandragiri Hills Limited,CGH,20342.05
2023-07-16,Chandragiri Hills Limited,CGH,19636.36
2023-07-13,Chandragiri Hills Limited,CGH,19789.77
2023-07-17,Chhimek Laghubitta Bittiya Sanstha Limited,CBBL,28524.14
2023-07-16,Chhimek Laghubitta Bittiya Sanstha Limited,CBBL,28354.02
2023-07-13,Chhimek Laghubitta Bittiya Sanstha Limited,CBBL,27786.94
2023-07-17,Chhyangdi Hydropower Ltd.,CHL,1048.71
2023-07-16,Chhyangdi Hydropower Ltd.,CHL,1021.62
2023-07-13,Chhyangdi Hydropower Ltd.,CHL,1040.97
2023-07-17,Chilime Hydropower Company Limited,CHCL,39411.91
2023-07-16,Chilime Hydropower Company Limited,CHCL,38954.65
2023-07-13,Chilime Hydropower Company Limited,CHCL,39049.01
2023-07-17,Citizen Investment Trust,CIT,112545.23
2023-07-16,Citizen Investment Trust,CIT,111004.25
2023-07-13,Citizen Investment Trust,CIT,111216.8
2023-07-17,Citizens Bank International Limited,CZBIL,25306.14
2023-07-16,Citizens Bank International Limited,CZBIL,24581.89
2023-07-13,Citizens Bank International Limited,CZBIL,23999.65
2023-07-17,Citizens Mutual Fund -1,CMF1,738.0
2023-07-16,Citizens Mutual Fund -1,CMF1,769.16
2023-07-13,Citizens Mutual Fund -1,CMF1,765.88
2023-07-17,City Hotel Limited,CITY,11617.56
2023-07-16,City Hotel Limited,CITY,11384.87
2023-07-13,City Hotel Limited,CITY,11652.71
2023-07-16,Civil Bank Debenture 2088,CBLD88,
2023-07-13,Civil Bank Debenture 2088,CBLD88,
2023-07-17,Civil Laghubitta Bittiya Sanstha Ltd.,CLBSL,2526.56
2023-07-16,Civil Laghubitta Bittiya Sanstha Ltd.,CLBSL,2411.43
2023-07-13,Civil Laghubitta Bittiya Sanstha Ltd.,CLBSL,2462.6
2023-07-17,Corporate Development Bank Limited,CORBL,1937.25
2023-07-16,Corporate Development Bank Limited,CORBL,1837.5
2023-07-13,Corporate Development Bank Limited,CORBL,1908.38
2023-07-13,Deprosc LaghuBitta Promoter Share,DDBLPO,22.0
2023-07-17,Deprosc Laghubitta Bittiya Sanstha Limited,DDBL,12968.65
2023-07-16,Deprosc Laghubitta Bittiya Sanstha Limited,DDBL,12811.99
2023-07-13,Deprosc Laghubitta Bittiya Sanstha Limited,DDBL,12751.5
2023-07-17,Dibyashwori Hydropower Ltd.,DHPL,501.6
2023-07-16,Dibyashwori Hydropower Ltd.,DHPL,488.4
2023-07-13,Dibyashwori Hydropower Ltd.,DHPL,502.13
2023-07-17,Dolti Power Company Limited,DOLTI,1239.28
2023-07-16,Dolti Power Company Limited,DOLTI,1223.19
2023-07-13,Dolti Power Company Limited,DOLTI,1241.43
2023-07-17,Dordi Khola Jal Bidyut Company Limited,DORDI,2634.6
2023-07-16,Dordi Khola Jal Bidyut Company Limited,DORDI,2582.94
2023-07-13,Dordi Khola Jal Bidyut Company Limited,DORDI,2602.97
2023-07-17,Eastern Hydropower Limited,EHPL,1963.54
2023-07-16,Eastern Hydropower Limited,EHPL,1928.2
2023-07-13,Eastern Hydropower Limited,EHPL,1940.6
2023-07-17,Emerging Nepal Limited,ENL,3972.54
2023-07-16,Emerging Nepal Limited,ENL,3866.98
2023-07-13,Emerging Nepal Limited,ENL,3845.31
2023-07-17,Everest Bank Limited,EBL,62209.42
2023-07-16,Everest Bank Limited,EBL,60230.27
2023-07-16,Everest Bank Limited,EBLD86,
2023-07-13,Everest Bank Limited,EBL,60123.29
2023-07-13,Everest Bank Limited,EBLD86,
2023-07-17,Excel Development Bank Ltd.,EDBL,4198.97
2023-07-16,Excel Development Bank Ltd.,EDBL,4066.51
2023-07-13,Excel Development Bank Ltd.,EDBL,4074.0
2023-07-17,First Micro Finance Laghubitta Bittiya Sanstha Limited,FMDBL,8631.05
2023-07-16,First Micro Finance Laghubitta Bittiya Sanstha Limited,FMDBL,8450.85
2023-07-13,First Micro Finance Laghubitta Bittiya Sanstha Limited,FMDBL,8608.09
2023-07-17,Forward Microfinance Laghubitta Bittiya Sanstha Limited,FOWAD,14461.23
2023-07-16,Forward Microfinance Laghubitta Bittiya Sanstha Limited,FOWAD,13944.0
2023-07-13,Forward Microfinance Laghubitta Bittiya Sanstha Limited,FOWAD,14144.56
2023-07-17,Ganapati Laghubitta Bittiya Sanstha Limited,GMFBS,1242.75
2023-07-16,Ganapati Laghubitta Bittiya Sanstha Limited,GMFBS,1228.96
2023-07-13,Ganapati Laghubitta Bittiya Sanstha Limited,GMFBS,1209.1
2023-07-17,Garima Bikas Bank Limited,GBBL,21103.51
2023-07-16,Garima Bikas Bank Limited,GBBL,21010.13
2023-07-13,Garima Bikas Bank Limited,GBBL,19936.28
2023-07-17,Ghalemdi Hydro Limited,GHL,1221.0
2023-07-16,Ghalemdi Hydro Limited,GHL,1221.0
2023-07-13,Ghalemdi Hydro Limited,GHL,1214.4
2023-07-17,Global IME Balanced Fund-1,GIBF1,930.37
2023-07-16,Global IME Balanced Fund-1,GIBF1,958.06
2023-07-13,Global IME Balanced Fund-1,GIBF1,939.6
2023-07-17,Global IME Bank Limited,GBIME,68143.87
2023-07-16,Global IME Bank Limited,GBIME,66534.17
2023-07-13,Global IME Bank Limited,GBIME,65639.89
2023-07-16,Global IME Bank Limited Debenture 2086/87,GBILD86/87,
2023-07-13,Global IME Bank Limited Debenture 2086/87,GBILD86/87,
2023-07-13,Global IME Bank Ltd. Promoter Share,GBIMEP,10.3
2023-07-17,Global IME Laghubitta Bittiya Sanstha Ltd.,GILB,6528.78
2023-07-16,Global IME Laghubitta Bittiya Sanstha Ltd.,GILB,6566.53
2023-07-13,Global IME Laghubitta Bittiya Sanstha Ltd.,GILB,6250.89
2023-07-17,Goodwill Finance Limited,GFCL,4806.27
2023-07-16,Goodwill Finance Limited,GFCL,4569.74
2023-07-13,Goodwill Finance Limited,GFCL,4560.28
2023-07-17,Grameen Bikas Laghubitta Bittiya Sanstha Ltd.,GBLBS,6170.1
2023-07-16,Grameen Bikas Laghubitta Bittiya Sanstha Ltd.,GBLBS,6219.23
2023-07-13,Grameen Bikas Laghubitta Bittiya Sanstha Ltd.,GBLBS,5689.66
2023-07-17,Green Development Bank Ltd.,GRDBL,1660.8
2023-07-16,Green Development Bank Ltd.,GRDBL,1588.14
2023-07-13,Green Development Bank Ltd.,GRDBL,1608.9
2023-07-17,Green Ventures Limited,GVL,12875.0
2023-07-16,Green Ventures Limited,GVL,12031.25
2023-07-13,Green Ventures Limited,GVL,12128.13
2023-07-17,GreenLife Hydropower Limited,GLH,4734.0
2023-07-16,GreenLife Hydropower Limited,GLH,4599.0
2023-07-13,GreenLife Hydropower Limited,GLH,4680.0
2023-07-17,Guheshowori Merchant Bank & Finance Co. Ltd.,GMFIL,4261.26
2023-07-16,Guheshowori Merchant Bank & Finance Co. Ltd.,GMFIL,4016.31
2023-07-13,Guheshowori Merchant Bank & Finance Co. Ltd.,GMFIL,4046.68
2023-07-17,Gurans Laghubitta Bittiya Sanstha Limited,GLBSL,760.5
2023-07-16,Gurans Laghubitta Bittiya Sanstha Limited,GLBSL,748.33
2023-07-13,Gurans Laghubitta Bittiya Sanstha Limited,GLBSL,749.35
2023-07-17,Gurkhas Finance Ltd.,GUFL,5017.0
2023-07-16,Gurkhas Finance Ltd.,GUFL,4860.76
2023-07-13,Gurkhas Finance Ltd.,GUFL,4903.3
2023-07-17,Himal Dolakha Hydropower Company Limited,HDHPC,4340.0
2023-07-16,Himal Dolakha Hydropower Company Limited,HDHPC,4256.0
2023-07-13,Himal Dolakha Hydropower Company Limited,HDHPC,4309.2
2023-07-17,Himalaya Urja Bikas Company Limited,HURJA,2712.6
2023-07-16,Himalaya Urja Bikas Company Limited,HURJA,2712.6
2023-07-13,Himalaya Urja Bikas Company Limited,HURJA,2692.8
2023-07-17,Himalayan Bank Limited,HBL,46994.86
2023-07-16,Himalayan Bank Limited,HBL,46085.28
2023-07-13,Himalayan Bank Limited,HBL,45240.67
2023-07-17,Himalayan Distillery Limited,HDL,55369.82
2023-07-16,Himalayan Distillery Limited,HDL,54616.66
2023-07-13,Himalayan Distillery Limited,HDL,54446.59
2023-07-17,Himalayan Everest Insurance Limited,HEI,14269.52
2023-07-16,Himalayan Everest Insurance Limited,HEI,13809.21
2023-07-13,Himalayan Everest Insurance Limited,HEI,13924.29
2023-07-17,Himalayan Everest Insurance Limited Promoter,HEIP,1255.13
2023-07-16,Himalayan Everest Insurance Limited Promoter,HEIP,1230.52
2023-07-13,Himalayan Everest Insurance Limited Promoter,HEIP,1203.77
2023-07-17,Himalayan Hydropower Limited,HHL,2792.25
2023-07-16,Himalayan Hydropower Limited,HHL,2726.55
2023-07-13,Himalayan Hydropower Limited,HHL,2836.05
2023-07-17,Himalayan Life Insurance Limited,HLI,41385.18
2023-07-16,Himalayan Life Insurance Limited,HLI,40663.34
2023-07-13,Himalayan Life Insurance Limited,HLI,40663.34
2023-07-17,Himalayan Power Partner Ltd.,HPPL,3079.06
2023-07-16,Himalayan Power Partner Ltd.,HPPL,3046.03
2023-07-13,Himalayan Power Partner Ltd.,HPPL,3100.36
2023-07-17,Hydorelectricity Investment and Development Company Limited Promoter,HIDCLP,10.42
2023-07-16,Hydorelectricity Investment and Development Company Limited Promoter,HIDCLP,10.28
2023-07-13,Hydorelectricity Investment and Development Company Limited Promoter,HIDCLP,10.39
2023-07-17,Hydorelectricity Investment and Development Company Ltd,HIDCL,42841.28
2023-07-16,Hydorelectricity Investment and Development Company Ltd,HIDCL,41907.47
2023-07-13,Hydorelectricity Investment and Development Company Ltd,HIDCL,41884.7
2023-07-17,ICFC Finance Limited,ICFC,6367.07
2023-07-16,ICFC Finance Limited,ICFC,6213.22
2023-07-13,ICFC Finance Limited,ICFC,6201.39
2023-07-17,IGI Prudential insurance Limited,IGI,17630.73
2023-07-16,IGI Prudential insurance Limited,IGI,16964.27
2023-07-13,IGI Prudential insurance Limited,IGI,16903.69
2023-07-17,Infinity Laghubitta Bittiya Sanstha Limited,ILBS,3621.19
2023-07-16,Infinity Laghubitta Bittiya Sanstha Limited,ILBS,3556.52
2023-07-13,Infinity Laghubitta Bittiya Sanstha Limited,ILBS,3491.86
2023-07-17,Ingwa Hydropower Limited,IHL,1585.8
2023-07-16,Ingwa Hydropower Limited,IHL,1542.0
2023-07-13,Ingwa Hydropower Limited,IHL,1560.0
2023-07-17,Jalpa Samudayik Laghubitta Bittiya Sanstha Limited,JALPA,2970.5
2023-07-16,Jalpa Samudayik Laghubitta Bittiya Sanstha Limited,JALPA,2952.4
2023-07-13,Jalpa Samudayik Laghubitta Bittiya Sanstha Limited,JALPA,2949.66
2023-07-17,Janaki Finance Company Limited,JFL,2899.99
2023-07-16,Janaki Finance Company Limited,JFL,2824.03
2023-07-13,Janaki Finance Company Limited,JFL,2789.51
2023-07-17,Janautthan Samudayic Laghubitta Bittya Sanstha Limited,JSLBB,1777.46
2023-07-16,Janautthan Samudayic Laghubitta Bittya Sanstha Limited,JSLBB,1734.94
2023-07-13,Janautthan Samudayic Laghubitta Bittya Sanstha Limited,JSLBB,1751.95
2023-07-17,Jeevan Bikas Laghubitta  Bittya Sanstha Ltd,JBLB,19326.26
2023-07-16,Jeevan Bikas Laghubitta  Bittya Sanstha Ltd,JBLB,18913.73
2023-07-13,Jeevan Bikas Laghubitta  Bittya Sanstha Ltd,JBLB,19007.11
2023-07-17,Joshi Hydropower Development Company Ltd,JOSHI,995.35
2023-07-16,Joshi Hydropower Development Company Ltd,JOSHI,999.07
2023-07-13,Joshi Hydropower Development Company Ltd,JOSHI,995.35
2023-07-17,Jyoti Bikas Bank Limited,JBBL,13714.85
2023-07-16,Jyoti Bikas Bank Limited,JBBL,13099.44
2023-07-13,Jyoti Bikas Bank Limited,JBBL,13055.48
2023-07-16,Jyoti Bikash  Bank Ltd. Promoter Share,JBBLPO,15.7
2023-07-17,Kalika Laghubitta Bittiya Sanstha Ltd,KMCDB,2725.77
2023-07-16,Kalika Laghubitta Bittiya Sanstha Ltd,KMCDB,2740.29
2023-07-13,Kalika Laghubitta Bittiya Sanstha Ltd,KMCDB,2807.31
2023-07-17,Kalika power Company Ltd,KPCL,2919.29
2023-07-16,Kalika power Company Ltd,KPCL,2816.93
2023-07-13,Kalika power Company Ltd,KPCL,2817.72
2023-07-17,Kalinchowk Darshan Limited,KDL,5772.6
2023-07-16,Kalinchowk Darshan Limited,KDL,5604.0
2023-07-13,Kalinchowk Darshan Limited,KDL,5628.0
2023-07-17,Kamana Sewa Bikas Bank Limited,KSBBL,11320.02
2023-07-16,Kamana Sewa Bikas Bank Limited,KSBBL,10729.41
2023-07-13,Kamana Sewa Bikas Bank Limited,KSBBL,10827.84
2023-07-17,Karnali Development Bank Limited,KRBL,1574.13
2023-07-16,Karnali Development Bank Limited,KRBL,1494.63
2023-07-13,Karnali Development Bank Limited,KRBL,1505.23
2023-07-17,Khanikhola Hydropower Co. Ltd.,KKHC,968.22
2023-07-16,Khanikhola Hydropower Co. Ltd.,KKHC,948.19
2023-07-13,Khanikhola Hydropower Co. Ltd.,KKHC,940.74
2023-07-17,Kisan Lagubitta Bittiya Sanstha Limited,KLBSL,3581.0
2023-07-16,Kisan Lagubitta Bittiya Sanstha Limited,KLBSL,3575.96
2023-07-13,Kisan Lagubitta Bittiya Sanstha Limited,KLBSL,3581.0
2023-07-17,Kumari Bank Limited,KBL,44767.55
2023-07-16,Kumari Bank Limited,KBL,43272.67
2023-07-13,Kumari Bank Limited,KBL,41961.38
2023-07-16,Kumari Bank Limited Promotor Share,KBLPO,596.92
2023-07-17,Kumari Dhanabriddhi Yojana,KDBY,36.8
2023-07-16,Kumari Dhanabriddhi Yojana,KDBY,40.16
2023-07-13,Kumari Dhanabriddhi Yojana,KDBY,38.72
2023-07-17,Kumari Equity Fund,KEF,1035.0
2023-07-16,Kumari Equity Fund,KEF,1017.0
2023-07-13,Kumari Equity Fund,KEF,937.0
2023-07-13,Laxmi Bank Limited,LBL,19983.83
2023-07-17,Laxmi Equity Fund,LEMF,1202.5
2023-07-16,Laxmi Equity Fund,LEMF,1198.75
2023-07-13,Laxmi Equity Fund,LEMF,1180.0
2023-07-17,Laxmi Laghubitta Bittiya Sanstha Ltd.,LLBS,4001.46
2023-07-16,Laxmi Laghubitta Bittiya Sanstha Ltd.,LLBS,3944.04
2023-07-13,Laxmi Laghubitta Bittiya Sanstha Ltd.,LLBS,3798.29
2023-07-17,Laxmi Unnati Kosh,LUK,617.38
2023-07-16,Laxmi Unnati Kosh,LUK,612.81
2023-07-13,Laxmi Unnati Kosh,LUK,608.25
2023-07-17,Liberty Energy Company Limited,LEC,3718.5
2023-07-16,Liberty Energy Company Limited,LEC,3667.5
2023-07-13,Liberty Energy Company Limited,LEC,3900.0
2023-07-17,Life Insurance Corporation (Nepal) Limited,LICN,42424.67
2023-07-16,Life Insurance Corporation (Nepal) Limited,LICN,41257.26
2023-07-13,Life Insurance Corporation (Nepal) Limited,LICN,41549.11
2023-07-17,Lumbini Bikas Bank Ltd.,LBBL,14681.44
2023-07-16,Lumbini Bikas Bank Ltd.,LBBL,13971.05
2023-07-13,Lumbini Bikas Bank Ltd.,LBBL,13710.57
2023-07-17,Machhapuchhre Bank Limited,MBL,24740.26
2023-07-16,Machhapuchhre Bank Limited,MBL,23776.09
2023-07-13,Machhapuchhre Bank Limited,MBL,23406.83
2023-07-17,Madhya Bhotekoshi Jalavidyut Company Limited,MBJC,18420.0
2023-07-16,Madhya Bhotekoshi Jalavidyut Company Limited,MBJC,17706.0
2023-07-13,Madhya Bhotekoshi Jalavidyut Company Limited,MBJC,18222.0
2023-07-17,Mahalaxmi Bikas Bank Ltd.,MLBL,14391.05
2023-07-16,Mahalaxmi Bikas Bank Ltd.,MLBL,13577.64
2023-07-13,Mahalaxmi Bikas Bank Ltd.,MLBL,13698.61
2023-07-16,Mahalxmi Bikas Bank Ltd. Promotor Share,MLBLPO,17.47
2023-07-17,Mahila Lagubitta Bittiya Sanstha Limited ,MLBSL,4560.11
2023-07-16,Mahila Lagubitta Bittiya Sanstha Limited ,MLBSL,4568.81
2023-07-13,Mahila Lagubitta Bittiya Sanstha Limited ,MLBSL,4544.88
2023-07-17,Mahuli Laghubitta Bittiya Sanstha Limited,MSLB,2836.93
2023-07-16,Mahuli Laghubitta Bittiya Sanstha Limited,MSLB,2804.37
2023-07-13,Mahuli Laghubitta Bittiya Sanstha Limited,MSLB,2795.02
2023-07-17,Mai Khola Hydropower Limited,MKHL,1127.45
2023-07-16,Mai Khola Hydropower Limited,MKHL,1082.74
2023-07-13,Mai Khola Hydropower Limited,MKHL,1119.22
2023-07-17,Mailung Khola Jal Vidhyut Company Limited,MKJC,1406.67
2023-07-16,Mailung Khola Jal Vidhyut Company Limited,MKJC,1443.12
2023-07-13,Mailung Khola Jal Vidhyut Company Limited,MKJC,1398.21
2023-07-17,Makar Jitumaya Suri Hydropower Limited,MAKAR,2128.0
2023-07-16,Makar Jitumaya Suri Hydropower Limited,MAKAR,2075.56
2023-07-13,Makar Jitumaya Suri Hydropower Limited,MAKAR,2204.0
2023-07-17,Manakamana Smart Laghubitta Bittiya Sanstha Limited,MKLB,1142.69
2023-07-16,Manakamana Smart Laghubitta Bittiya Sanstha Limited,MKLB,1123.83
2023-07-13,Manakamana Smart Laghubitta Bittiya Sanstha Limited,MKLB,1083.89
2023-07-17,Mandakini Hydropower Limited,MHL,1828.79
2023-07-16,Mandakini Hydropower Limited,MHL,1781.75
2023-07-13,Mandakini Hydropower Limited,MHL,1817.03
2023-07-17,Manjushree Finance Ltd.,MFIL,7717.37
2023-07-16,Manjushree Finance Ltd.,MFIL,7433.54
2023-07-13,Manjushree Finance Ltd.,MFIL,7501.12
2023-07-17,Manushi Laghubitta Bittiya Sanstha Limited,MLBS,865.27
2023-07-16,Manushi Laghubitta Bittiya Sanstha Limited,MLBS,861.88
2023-07-13,Manushi Laghubitta Bittiya Sanstha Limited,MLBS,858.7
2023-07-17,Maya Khola Hydropower Company Limited,MKHC,2400.0
2023-07-16,Maya Khola Hydropower Company Limited,MKHC,2335.0
2023-07-13,Maya Khola Hydropower Company Limited,MKHC,2346.0
2023-07-17,Mega Mutual Fund -1,MMF1,952.5
2023-07-16,Mega Mutual Fund -1,MMF1,998.75
2023-07-13,Mega Mutual Fund -1,MMF1,980.0
2023-07-17,Menchhiyam Hydropower Limited,MCHL,1245.23
2023-07-16,Menchhiyam Hydropower Limited,MCHL,1226.24
2023-07-13,Menchhiyam Hydropower Limited,MCHL,1226.24
2023-07-17,Mero Microfinance Bittiya Sanstha Ltd.,MERO,9055.2
2023-07-16,Mero Microfinance Bittiya Sanstha Ltd.,MERO,8725.2
2023-07-13,Mero Microfinance Bittiya Sanstha Ltd.,MERO,8910.0
2023-07-17,Mirmire Laghubitta Bittya Sanstha Limited,MMFDB,4756.63
2023-07-16,Mirmire Laghubitta Bittya Sanstha Limited,MMFDB,4632.48
2023-07-13,Mirmire Laghubitta Bittya Sanstha Limited,MMFDB,4561.27
2023-07-17,Miteri Development Bank Limited,MDB,4263.01
2023-07-16,Miteri Development Bank Limited,MDB,4101.62
2023-07-13,Miteri Development Bank Limited,MDB,4090.46
2023-07-17,Mithila LaghuBitta Bittiya Sanstha Limited,MLBBL,2009.03
2023-07-16,Mithila LaghuBitta Bittiya Sanstha Limited,MLBBL,2046.27
2023-07-13,Mithila LaghuBitta Bittiya Sanstha Limited,MLBBL,1930.82
2023-07-17,Modi Energy Limited,MEL,6133.5
2023-07-16,Modi Energy Limited,MEL,6017.5
2023-07-13,Modi Energy Limited,MEL,6049.4
2023-07-17,Molung Hydropower Company Limited,MHCL,1717.35
2023-07-16,Molung Hydropower Company Limited,MHCL,1680.43
2023-07-13,Molung Hydropower Company Limited,MHCL,1717.35
2023-07-17,Mountain Energy Nepal Limited,MEN,19916.43
2023-07-16,Mountain Energy Nepal Limited,MEN,19581.87
2023-07-13,Mountain Energy Nepal Limited,MEN,20054.2
2023-07-17,Mountain Hydro Nepal Limited,MHNL,2987.5
2023-07-16,Mountain Hydro Nepal Limited,MHNL,2975.0
2023-07-13,Mountain Hydro Nepal Limited,MHNL,2937.5
2023-07-17,Muktinath Bikas Bank Ltd.,MNBBL,26903.57
2023-07-16,Muktinath Bikas Bank Ltd.,MNBBL,26133.06
2023-07-13,Muktinath Bikas Bank Ltd.,MNBBL,26133.06
2023-07-17,Multipurpose Finance Company  Limited,MPFL,1848.68
2023-07-16,Multipurpose Finance Company  Limited,MPFL,1722.57
2023-07-13,Multipurpose Finance Company  Limited,MPFL,1744.72
2023-07-17,NABIL BALANCED FUND-2,NBF2,994.56
2023-07-16,NABIL BALANCED FUND-2,NBF2,985.6
2023-07-13,NABIL BALANCED FUND-2,NBF2,992.32
2023-07-17,NESDO Sambridha Laghubitta Bittiya Sanstha Limited,NESDO,5326.95
2023-07-16,NESDO Sambridha Laghubitta Bittiya Sanstha Limited,NESDO,5212.2
2023-07-13,NESDO Sambridha Laghubitta Bittiya Sanstha Limited,NESDO,5196.9
2023-07-16,NIBL Growth Fund,NIBLGF,1404.48
2023-07-13,NIBL Growth Fund,NIBLGF,1277.76
2023-07-17,NIBL Pragati Fund,NIBLPF,702.75
2023-07-16,NIBL Pragati Fund,NIBLPF,728.25
2023-07-13,NIBL Pragati Fund,NIBLPF,730.5
2023-07-17,NIBL Samriddhi Fund -2,NIBSF2,1338.0
2023-07-16,NIBL Samriddhi Fund -2,NIBSF2,1366.5
2023-07-13,NIBL Samriddhi Fund -2,NIBSF2,1294.5
2023-07-17,NIC ASIA Laghubitta Bittiya Sanstha Limited,NICLBSL,13115.38
2023-07-16,NIC ASIA Laghubitta Bittiya Sanstha Limited,NICLBSL,12680.52
2023-07-13,NIC ASIA Laghubitta Bittiya Sanstha Limited,NICLBSL,12612.68
2023-07-17,NIC Asia Balanced Fund,NICBF,702.15
2023-07-16,NIC Asia Balanced Fund,NICBF,704.41
2023-07-13,NIC Asia Balanced Fund,NICBF,708.19
2023-07-17,NIC Asia Bank Ltd.,NICA,92858.96
2023-07-16,NIC Asia Bank Ltd.,NICA,91795.08
2023-07-13,NIC Asia Bank Ltd.,NICA,90418.96
2023-07-16,NIC Asia Flexi CAP Fund,NICFC,103.73
2023-07-13,NIC Asia Flexi CAP Fund,NICFC,96.08
2023-07-17,NIC Asia Growth Fund,NICGF,857.75
2023-07-16,NIC Asia Growth Fund,NICGF,859.42
2023-07-13,NIC Asia Growth Fund,NICGF,830.19
2023-07-17,NIC Asia Select Fund 30,NICSF,1108.75
2023-07-16,NIC Asia Select Fund 30,NICSF,1123.75
2023-07-13,NIC Asia Select Fund 30,NICSF,1101.25
2023-07-17,NLG Insurance Company Ltd.,NLG,12608.14
2023-07-16,NLG Insurance Company Ltd.,NLG,12257.92
2023-07-13,NLG Insurance Company Ltd.,NLG,12418.44
2023-07-17,NMB  Microfinance Bittiya Sanstha Ltd.,NMBMF,4761.57
2023-07-16,NMB  Microfinance Bittiya Sanstha Ltd.,NMBMF,4617.28
2023-07-13,NMB  Microfinance Bittiya Sanstha Ltd.,NMBMF,4638.92
2023-07-17,NMB 50,NMB50,1325.0
2023-07-16,NMB 50,NMB50,1312.5
2023-07-13,NMB 50,NMB50,1306.25
2023-07-17,NMB Bank Limited,NMB,42978.09
2023-07-16,NMB Bank Limited,NMB,41508.76
2023-07-13,NMB Bank Limited,NMB,41141.42
2023-07-17,NMB Debenture 8.50% - 2087/88,NMBD87/88,
2023-07-13,NMB Debenture 8.50% - 2087/88,NMBD87/88,
2023-07-17,NMB Hybrid Fund L-1,NMBHF1,10790.0
2023-07-16,NMB Hybrid Fund L-1,NMBHF1,10790.0
2023-07-13,NMB Hybrid Fund L-1,NMBHF1,10620.0
2023-07-17,NMB Sulav Investment Fund - 2,NSIF2,1219.78
2023-07-16,NMB Sulav Investment Fund - 2,NSIF2,1219.78
2023-07-13,NMB Sulav Investment Fund - 2,NSIF2,1206.35
2023-07-17,NRN Infrastructure and Development Limited,NRN,6372.93
2023-07-16,NRN Infrastructure and Development Limited,NRN,6275.08
2023-07-13,NRN Infrastructure and Development Limited,NRN,6250.61
2023-07-17,Nabil Balanced Fund-3,NBF3,961.25
2023-07-16,Nabil Balanced Fund-3,NBF3,946.25
2023-07-13,Nabil Balanced Fund-3,NBF3,941.25
2023-07-17,Nabil Bank Limited,NABIL,165318.26
2023-07-16,Nabil Bank Limited,NABIL,162125.53
2023-07-13,Nabil Bank Limited,NABIL,159636.29
2023-07-17,Nabil Debenture 2085,NBLD85,
2023-07-16,Nabil Debenture 2085,NBLD85,
2023-07-13,Nabil Debenture 2085,NBLD85,
2023-07-17,Nabil Equity Fund,NEF,1216.25
2023-07-16,Nabil Equity Fund,NEF,1201.25
2023-07-13,Nabil Equity Fund,NEF,1216.25
2023-07-17,Nadep Laghubittiya bittya Sanstha Ltd.,NADEP,3045.72
2023-07-16,Nadep Laghubittiya bittya Sanstha Ltd.,NADEP,2954.39
2023-07-13,Nadep Laghubittiya bittya Sanstha Ltd.,NADEP,2987.42
2023-07-17,Narayani Development Bank Limited,NABBC,1100.0
2023-07-16,Narayani Development Bank Limited,NABBC,1086.62
2023-07-13,Narayani Development Bank Limited,NABBC,1076.12
2023-07-17,National Hydro Power Company Limited,NHPC,4296.0
2023-07-16,National Hydro Power Company Limited,NHPC,4269.6
2023-07-13,National Hydro Power Company Limited,NHPC,4332.0
2023-07-17,National Life Insurance Co. Ltd.,NLICL,33277.47
2023-07-16,National Life Insurance Co. Ltd.,NLICL,32325.25
2023-07-13,National Life Insurance Co. Ltd.,NLICL,32425.48
2023-07-13,National Microfinance Laghubitta Bittiya Sanstha Limited,NMFBS,9216.08
2023-07-13,Naya Sarathi Laghubitta Bittiya Sanstha Limited,NSLB,2503.82
2023-07-17,Neco Insurance Limited,NIL,18209.85
2023-07-16,Neco Insurance Limited,NIL,17932.15
2023-07-13,Neco Insurance Limited,NIL,17950.26
2023-07-17,Nepal Bank Limited,NBL,37425.68
2023-07-16,Nepal Bank Limited,NBL,36588.12
2023-07-13,Nepal Bank Limited,NBL,36000.35
2023-07-17,Nepal Doorsanchar Company Limited,NTC,165240.0
2023-07-16,Nepal Doorsanchar Company Limited,NTC,163242.0
2023-07-13,Nepal Doorsanchar Company Limited,NTC,162414.0
2023-07-17,Nepal Finance Ltd.,NFS,3103.25
2023-07-16,Nepal Finance Ltd.,NFS,2944.69
2023-07-13,Nepal Finance Ltd.,NFS,2961.47
2023-07-17,Nepal Hydro Developers Ltd.,NHDL,1291.3
2023-07-16,Nepal Hydro Developers Ltd.,NHDL,1266.44
2023-07-13,Nepal Hydro Developers Ltd.,NHDL,1260.4
2023-07-17,Nepal Infrastructure Bank Limited,NIFRA,49269.6
2023-07-16,Nepal Infrastructure Bank Limited,NIFRA,48384.0
2023-07-13,Nepal Infrastructure Bank Limited,NIFRA,46872.0
2023-07-17,Nepal Insurance Co. Ltd.,NICL,12585.93
2023-07-16,Nepal Insurance Co. Ltd.,NICL,12257.08
2023-07-13,Nepal Insurance Co. Ltd.,NICL,12496.24
2023-07-17,Nepal Investment Mega Bank Limited,NIMB,62796.61
2023-07-16,Nepal Investment Mega Bank Limited,NIMB,59315.5
2023-07-13,Nepal Investment Mega Bank Limited,NIMB,59690.91
2023-07-17,Nepal Investment Mega Bank Ltd. Promoter Share,NIMBPO,28358.38
2023-07-16,Nepal Investment Mega Bank Ltd. Promoter Share,NIMBPO,28175.31
2023-07-13,Nepal Investment Mega Bank Ltd. Promoter Share,NIMBPO,27095.16
2023-07-17,Nepal Life Insurance Co. Ltd.,NLIC,62626.79
2023-07-16,Nepal Life Insurance Co. Ltd.,NLIC,61067.27
2023-07-13,Nepal Life Insurance Co. Ltd.,NLIC,60747.16
2023-07-16,Nepal Lube Oil Limited,NLO,126.89
2023-07-17,Nepal Reinsurance Company Limited,NRIC,96229.71
2023-07-16,Nepal Reinsurance Company Limited,NRIC,94820.22
2023-07-13,Nepal Reinsurance Company Limited,NRIC,94563.95
2023-07-17,Nepal SBI Bank Limited,SBI,35614.49
2023-07-16,Nepal SBI Bank Limited,SBI,34511.34
2023-07-13,Nepal SBI Bank Limited,SBI,34703.64
2023-07-17,Nerude Laghubitta Bittiya Sanstha Limited,NLBBL,5088.13
2023-07-16,Nerude Laghubitta Bittiya Sanstha Limited,NLBBL,5036.16
2023-07-13,Nerude Laghubitta Bittiya Sanstha Limited,NLBBL,4949.78
2023-07-17,Ngadi Group Power Ltd.,NGPL,4389.38
2023-07-16,Ngadi Group Power Ltd.,NGPL,4330.14
2023-07-13,Ngadi Group Power Ltd.,NGPL,4424.56
2023-07-17,Nirdhan Utthan Laghubitta Bittiya Sanstha Limited,NUBL,20269.74
2023-07-16,Nirdhan Utthan Laghubitta Bittiya Sanstha Limited,NUBL,19982.41
2023-07-13,Nirdhan Utthan Laghubitta Bittiya Sanstha Limited,NUBL,19042.06
2023-07-17,Nyadi Hydropower Limited,NYADI,4030.5
2023-07-16,Nyadi Hydropower Limited,NYADI,3916.5
2023-07-13,Nyadi Hydropower Limited,NYADI,3975.0
2023-07-17,Oriental Hotels Limited,OHL,9205.22
2023-07-16,Oriental Hotels Limited,OHL,9013.44
2023-07-13,Oriental Hotels Limited,OHL,8900.63
2023-07-17,Panchakanya Mai Hydropower Ltd,PMHPL,2244.0
2023-07-16,Panchakanya Mai Hydropower Ltd,PMHPL,2244.0
2023-07-13,Panchakanya Mai Hydropower Ltd,PMHPL,2277.0
2023-07-17,Panchthar Power Compant Limited,PPCL,2656.5
2023-07-16,Panchthar Power Compant Limited,PPCL,2589.13
2023-07-13,Panchthar Power Compant Limited,PPCL,2597.79
2023-07-17,People's Power Limited,PPL,1625.15
2023-07-16,People's Power Limited,PPL,1575.17
2023-07-13,People's Power Limited,PPL,1625.78
2023-07-17,Peoples Hydropower Company Limited,PHCL,10400.0
2023-07-16,Peoples Hydropower Company Limited,PHCL,10720.0
2023-07-13,Peoples Hydropower Company Limited,PHCL,10192.0
2023-07-17,Pokhara Finance Ltd.,PFL,4427.66
2023-07-16,Pokhara Finance Ltd.,PFL,4308.58
2023-07-13,Pokhara Finance Ltd.,PFL,4319.4
2023-07-17,Prabhu  Bank Limited,PRVU,39786.81
2023-07-16,Prabhu  Bank Limited,PRVU,38280.09
2023-07-13,Prabhu  Bank Limited,PRVU,37667.98
2023-07-16,Prabhu  Bank Limited Promoter Share,PRVUPO,113.0
2023-07-13,Prabhu  Bank Limited Promoter Share,PRVUPO,115.0
2023-07-17,Prabhu Insurance Ltd.,PRIN,10691.09
2023-07-16,Prabhu Insurance Ltd.,PRIN,10279.63
2023-07-13,Prabhu Insurance Ltd.,PRIN,10183.31
2023-07-13,Prabhu Life Insurance Limited,PLI,12890.52
2023-07-17,Prabhu Select Fund,PSF,1125.0
2023-07-16,Prabhu Select Fund,PSF,1106.25
2023-07-13,Prabhu Select Fund,PSF,1142.5
2023-07-17,Prabhu Smart Fund,PRSF,971.0
2023-07-16,Prabhu Smart Fund,PRSF,990.0
2023-07-13,Prabhu Smart Fund,PRSF,915.0
2023-07-17,Prime Commercial Bank Ltd.,PCBL,38785.75
2023-07-16,Prime Commercial Bank Ltd.,PCBL,37835.02
2023-07-13,Prime Commercial Bank Ltd.,PCBL,37194.74
2023-07-13,Prime Commercial Bank Promoter Share,PCBLP,58.8
2023-07-17,Progressive Finance Limited,PROFL,3587.09
2023-07-16,Progressive Finance Limited,PROFL,3500.62
2023-07-13,Progressive Finance Limited,PROFL,3587.09
2023-07-17,RASUWAGADHI HYDROPOWER COMPANY LIMITED,RHPL,18658.41
2023-07-16,RASUWAGADHI HYDROPOWER COMPANY LIMITED,RHPL,18473.67
2023-07-13,RASUWAGADHI HYDROPOWER COMPANY LIMITED,RHPL,18658.41
2023-07-17,RBB Mutual Fund 1,RMF1,1012.5
2023-07-16,RBB Mutual Fund 1,RMF1,1010.0
2023-07-13,RBB Mutual Fund 1,RMF1,992.5
2023-07-17,RSDC Laghubitta Bittiya Sanstha Ltd.,RSDC,5589.59
2023-07-16,RSDC Laghubitta Bittiya Sanstha Ltd.,RSDC,5331.32
2023-07-13,RSDC Laghubitta Bittiya Sanstha Ltd.,RSDC,5400.02
2023-07-17,Radhi Bidyut Company Ltd,RADHI,3972.07
2023-07-16,Radhi Bidyut Company Ltd,RADHI,3921.79
2023-07-13,Radhi Bidyut Company Ltd,RADHI,3955.31
2023-07-17,Rapti Hydro And General Construction Limited,RHGCL,1525.86
2023-07-16,Rapti Hydro And General Construction Limited,RHGCL,1513.6
2023-07-13,Rapti Hydro And General Construction Limited,RHGCL,1522.79
2023-07-13,Rastra Utthan Laghubitta Sanstha Limited,RULB,1963.0
2023-07-17,Rastriya Beema Company Limited,RBCL,42715.17
2023-07-16,Rastriya Beema Company Limited,RBCL,42925.81
2023-07-13,Rastriya Beema Company Limited,RBCL,40502.08
2023-07-16,Rastriya Beema Company Limited Promoter Share,RBCLPO,27706.67
2023-07-13,Rastriya Beema Company Limited Promoter Share,RBCLPO,25754.52
2023-07-17,Rawa Energy Development Limited,RAWA,991.2
2023-07-16,Rawa Energy Development Limited,RAWA,988.96
2023-07-13,Rawa Energy Development Limited,RAWA,999.6
2023-07-17,Reliance Finance Ltd.,RLFL,4446.56
2023-07-16,Reliance Finance Ltd.,RLFL,4327.68
2023-07-13,Reliance Finance Ltd.,RLFL,4160.59
2023-07-13,Reliance Finance Ltd. Promoter Share,RLFLPO,430.0
2023-07-17,Ridi Power Company Limited,RIDI,3900.13
2023-07-16,Ridi Power Company Limited,RIDI,3763.83
2023-07-13,Ridi Power Company Limited,RIDI,3701.87
2023-07-17,River Falls Power Limited,RFPL,1813.0
2023-07-16,River Falls Power Limited,RFPL,1750.0
2023-07-13,River Falls Power Limited,RFPL,1757.7
2023-07-17,Ru Ru Jalbidhyut Pariyojana Limited,RURU,3867.66
2023-07-16,Ru Ru Jalbidhyut Pariyojana Limited,RURU,3838.55
2023-07-13,Ru Ru Jalbidhyut Pariyojana Limited,RURU,3897.26
2023-07-17,SANJEN JALAVIDHYUT COMPANY LIMITED,SJCL,9887.85
2023-07-16,SANJEN JALAVIDHYUT COMPANY LIMITED,SJCL,9753.17
2023-07-13,SANJEN JALAVIDHYUT COMPANY LIMITED,SJCL,9789.3
2023-07-17,SHIVAM CEMENTS LTD,SHIVM,29128.0
2023-07-16,SHIVAM CEMENTS LTD,SHIVM,28666.0
2023-07-13,SHIVAM CEMENTS LTD,SHIVM,28696.8
2023-07-17,Sabaiko Laghubitta Bittiya Sanstha Limited,SABSL,2386.31
2023-07-16,Sabaiko Laghubitta Bittiya Sanstha Limited,SABSL,2325.78
2023-07-13,Sabaiko Laghubitta Bittiya Sanstha Limited,SABSL,2357.64
2023-07-17,Sadhana Laghubitta Bittiya Sanstha Limited,SDLBSL,2844.0
2023-07-16,Sadhana Laghubitta Bittiya Sanstha Limited,SDLBSL,2832.53
2023-07-13,Sadhana Laghubitta Bittiya Sanstha Limited,SDLBSL,2828.71
2023-07-17,Sagarmatha Jalabidhyut Company Limited,SMJC,2844.8
2023-07-16,Sagarmatha Jalabidhyut Company Limited,SMJC,2800.0
2023-07-13,Sagarmatha Jalabidhyut Company Limited,SMJC,2847.04
2023-07-17,Sagarmatha Lumbini Insurance Co. Limited,SALICO,20063.18
2023-07-16,Sagarmatha Lumbini Insurance Co. Limited,SALICO,19617.33
2023-07-13,Sagarmatha Lumbini Insurance Co. Limited,SALICO,19669.79
2023-07-17,Sahas Urja Limited,SAHAS,17185.0
2023-07-16,Sahas Urja Limited,SAHAS,16936.5
2023-07-13,Sahas Urja Limited,SAHAS,17115.0
2023-07-17,Salt Trading Corporation,STC,13874.5
2023-07-16,Salt Trading Corporation,STC,13662.55
2023-07-13,Salt Trading Corporation,STC,13698.8
2023-07-17,Samaj Laghubittya Bittiya Sanstha Limited,SAMAJ,14.42
2023-07-17,Samata Gharelu Laghubitta Bittiya Sanstha Limited,SMATA,2790.62
2023-07-16,Samata Gharelu Laghubitta Bittiya Sanstha Limited,SMATA,2769.73
2023-07-13,Samata Gharelu Laghubitta Bittiya Sanstha Limited,SMATA,2672.38
2023-07-17,Samling Power Company Limited,SPC,2040.0
2023-07-16,Samling Power Company Limited,SPC,2017.5
2023-07-13,Samling Power Company Limited,SPC,2075.0
2023-07-17,Samriddhi Finance Company Limited,SFCL,2735.16
2023-07-16,Samriddhi Finance Company Limited,SFCL,2645.08
2023-07-13,Samriddhi Finance Company Limited,SFCL,2653.27
2023-07-17,Samudayik Laghubitta Bittiya Sanstha Limited,SLBSL,1379.4
2023-07-16,Samudayik Laghubitta Bittiya Sanstha Limited,SLBSL,1377.95
2023-07-13,Samudayik Laghubitta Bittiya Sanstha Limited,SLBSL,1357.62
2023-07-17,Sanima Bank Limited,SANIMA,34265.32
2023-07-16,Sanima Bank Limited,SANIMA,32458.6
2023-07-13,Sanima Bank Limited,SANIMA,31648.69
2023-07-17,Sanima Equity Fund,SAEF,1493.7
2023-07-16,Sanima Equity Fund,SAEF,1534.0
2023-07-13,Sanima Equity Fund,SAEF,1452.1
2023-07-17,Sanima GIC Insurance Limited,SGIC,13280.0
2023-07-16,Sanima GIC Insurance Limited,SGIC,12998.0
2023-07-13,Sanima GIC Insurance Limited,SGIC,12980.0
2023-07-17,Sanima Growth Fund,SAGF,621.42
2023-07-16,Sanima Growth Fund,SAGF,671.86
2023-07-13,Sanima Growth Fund,SAGF,611.33
2023-07-17,Sanima Large Cap Fund,SLCF,1003.2
2023-07-16,Sanima Large Cap Fund,SLCF,1070.4
2023-07-13,Sanima Large Cap Fund,SLCF,992.4
2023-07-17,Sanima Mai Hydropower Ltd.,SHPC,11334.46
2023-07-16,Sanima Mai Hydropower Ltd.,SHPC,10966.84
2023-07-13,Sanima Mai Hydropower Ltd.,SHPC,11059.52
2023-07-17,Sanima Middle Tamor Hydropower Limited,TAMOR,9630.92
2023-07-16,Sanima Middle Tamor Hydropower Limited,TAMOR,9497.63
2023-07-13,Sanima Middle Tamor Hydropower Limited,TAMOR,9530.95
2023-07-17,Sanima Reliance Life Insurance Limited,SRLI,23857.17
2023-07-16,Sanima Reliance Life Insurance Limited,SRLI,23263.04
2023-07-13,Sanima Reliance Life Insurance Limited,SRLI,23116.6
2023-07-17,Saptakoshi Development Bank Ltd,SAPDBL,2211.0
2023-07-16,Saptakoshi Development Bank Ltd,SAPDBL,2152.59
2023-07-13,Saptakoshi Development Bank Ltd,SAPDBL,2145.08
2023-07-17,Sayapatri Hydropower Limited,SPHL,337.5
2023-07-16,Sayapatri Hydropower Limited,SPHL,328.5
2023-07-13,Sayapatri Hydropower Limited,SPHL,338.4
2023-07-16,Shangri-la Development Bank Debenture 2087,SDBD87,
2023-07-13,Shangri-la Development Bank Debenture 2087,SDBD87,
2023-07-17,Shangrila Development Bank Ltd.,SADBL,11109.81
2023-07-16,Shangrila Development Bank Ltd.,SADBL,10521.65
2023-07-13,Shangrila Development Bank Ltd.,SADBL,10750.38
2023-07-17,Shikhar Insurance Co. Ltd.,SICL,22965.29
2023-07-16,Shikhar Insurance Co. Ltd.,SICL,22434.3
2023-07-13,Shikhar Insurance Co. Ltd.,SICL,22460.85
2023-07-17,Shine Resunga Development Bank Ltd.,SHINE,17563.92
2023-07-16,Shine Resunga Development Bank Ltd.,SHINE,16450.11
2023-07-13,Shine Resunga Development Bank Ltd.,SHINE,16492.95
2023-07-17,Shiva Shree Hydropower Ltd,SSHL,2746.1
2023-07-16,Shiva Shree Hydropower Ltd,SSHL,2695.91
2023-07-13,Shiva Shree Hydropower Ltd,SSHL,2709.19
2023-07-17,Shree Investment Finance Co. Ltd.,SIFC,3831.51
2023-07-16,Shree Investment Finance Co. Ltd.,SIFC,3681.31
2023-07-13,Shree Investment Finance Co. Ltd.,SIFC,3710.76
2023-07-17,Shrijanshil Laghubitta Bittiya Sanstha Limited,SHLB,1399.56
2023-07-16,Shrijanshil Laghubitta Bittiya Sanstha Limited,SHLB,1298.28
2023-07-13,Shrijanshil Laghubitta Bittiya Sanstha Limited,SHLB,1236.05
2023-07-17,Shuvam Power Limited,SPL,1620.0
2023-07-16,Shuvam Power Limited,SPL,1620.0
2023-07-13,Shuvam Power Limited,SPL,1598.0
2023-07-17,Siddhartha Bank Limited,SBL,37479.35
2023-07-16,Siddhartha Bank Limited,SBL,35647.65
2023-07-13,Siddhartha Bank Limited,SBL,34393.64
2023-07-17,Siddhartha Equity Fund,SEF,1395.0
2023-07-16,Siddhartha Equity Fund,SEF,1414.5
2023-07-13,Siddhartha Equity Fund,SEF,1312.5
2023-07-17,Siddhartha Investment Growth Scheme - 2,SIGS2,1081.2
2023-07-16,Siddhartha Investment Growth Scheme - 2,SIGS2,1083.6
2023-07-13,Siddhartha Investment Growth Scheme - 2,SIGS2,1042.8
2023-07-17,Siddhartha Premier Insurance Limited,SPIL,22312.07
2023-07-16,Siddhartha Premier Insurance Limited,SPIL,21848.99
2023-07-13,Siddhartha Premier Insurance Limited,SPIL,21806.89
2023-07-17,Sikles Hydropower Limited,SIKLES,3417.0
2023-07-16,Sikles Hydropower Limited,SIKLES,3289.5
2023-07-13,Sikles Hydropower Limited,SIKLES,3400.0
2023-07-17,Sindhu Bikash Bank Ltd,SINDU,1580.39
2023-07-16,Sindhu Bikash Bank Ltd,SINDU,1555.3
2023-07-13,Sindhu Bikash Bank Ltd,SINDU,1590.42
2023-07-17,Singati Hydro Energy Limited,SHEL,4103.5
2023-07-16,Singati Hydro Energy Limited,SHEL,4060.0
2023-07-13,Singati Hydro Energy Limited,SHEL,4190.5
2023-07-17,Soaltee Hotel Limited,SHL,43970.34
2023-07-16,Soaltee Hotel Limited,SHL,42908.68
2023-07-13,Soaltee Hotel Limited,SHL,42997.15
2023-07-17,Standard Chartered Bank Limited,SCB,51484.82
2023-07-16,Standard Chartered Bank Limited,SCB,49985.54
2023-07-13,Standard Chartered Bank Limited,SCB,49881.81
2023-07-13,Summit Laghubitta Bittiya Sanstha Limited,SMFDB,5424.87
2023-07-13,Sunrise Bank Limited,SRBL,17515.8
2023-07-17,Sunrise Bluechip Fund,SBCF,982.5
2023-07-16,Sunrise Bluechip Fund,SBCF,981.25
2023-07-13,Sunrise Bluechip Fund,SBCF,982.5
2023-07-17,Sunrise First Mutual Fund,SFMF,946.0
2023-07-16,Sunrise First Mutual Fund,SFMF,952.88
2023-07-13,Sunrise First Mutual Fund,SFMF,945.14
2023-07-17,Sunrise Focused Equity Fund,SFEF,968.0
2023-07-16,Sunrise Focused Equity Fund,SFEF,968.0
2023-07-13,Sunrise Focused Equity Fund,SFEF,880.0
2023-07-17,Super Madi Hydropower Limited,SMHL,8652.0
2023-07-16,Super Madi Hydropower Limited,SMHL,8862.0
2023-07-13,Super Madi Hydropower Limited,SMHL,8379.0
2023-07-17,Super Mai Hydropower Limited,SMH,2850.0
2023-07-16,Super Mai Hydropower Limited,SMH,2824.0
2023-07-13,Super Mai Hydropower Limited,SMH,2745.0
2023-07-17,Support Microfinance Bittiya Sanstha Ltd.,SMB,914.38
2023-07-16,Support Microfinance Bittiya Sanstha Ltd.,SMB,910.28
2023-07-13,Support Microfinance Bittiya Sanstha Ltd.,SMB,909.52
2023-07-17,SuryaJyoti Life Insurance Company Limited,SJLIC,28273.46
2023-07-16,SuryaJyoti Life Insurance Company Limited,SJLIC,27727.99
2023-07-13,SuryaJyoti Life Insurance Company Limited,SJLIC,27800.72
2023-07-17,Suryodaya Womi Laghubitta Bittiya Sanstha Limited,SWMF,6940.16
2023-07-16,Suryodaya Womi Laghubitta Bittiya Sanstha Limited,SWMF,6676.04
2023-07-13,Suryodaya Womi Laghubitta Bittiya Sanstha Limited,SWMF,6615.92
2023-07-17,Swabalamban Laghubitta Bittiya Sanstha Limited,SWBBL,11420.89
2023-07-16,Swabalamban Laghubitta Bittiya Sanstha Limited,SWBBL,11622.2
2023-07-13,Swabalamban Laghubitta Bittiya Sanstha Limited,SWBBL,11226.02
2023-07-17,Swabhimaan Laghubitta Bittiya Sanstha Limited,SMFBS,1714.21
2023-07-16,Swabhimaan Laghubitta Bittiya Sanstha Limited,SMFBS,1680.59
2023-07-13,Swabhimaan Laghubitta Bittiya Sanstha Limited,SMFBS,1709.82
2023-07-17,Swarojgar Laghu Bitta Bikas Bank Ltd.,SLBBL,4515.85
2023-07-16,Swarojgar Laghu Bitta Bikas Bank Ltd.,SLBBL,4421.77
2023-07-13,Swarojgar Laghu Bitta Bikas Bank Ltd.,SLBBL,4421.77
2023-07-17,Swet-Ganga Hydropower & Construction Limited ,SGHC,4253.31
2023-07-16,Swet-Ganga Hydropower & Construction Limited ,SGHC,4184.81
2023-07-13,Swet-Ganga Hydropower & Construction Limited ,SGHC,4278.8
2023-07-17,Synergy Power Development Ltd.,SPDL,2084.19
2023-07-16,Synergy Power Development Ltd.,SPDL,2017.24
2023-07-13,Synergy Power Development Ltd.,SPDL,2040.63
2023-07-17,Taragaon Regency Hotel Limited,TRH,15338.5
2023-07-16,Taragaon Regency Hotel Limited,TRH,14910.23
2023-07-13,Taragaon Regency Hotel Limited,TRH,14715.9
2023-07-17,Terhathum Power Company Limited,TPC,1480.0
2023-07-16,Terhathum Power Company Limited,TPC,1452.0
2023-07-13,Terhathum Power Company Limited,TPC,1452.0
2023-07-17,UNIVERSAL POWER COMPANY LTD,UPCL,4725.79
2023-07-16,UNIVERSAL POWER COMPANY LTD,UPCL,4599.77
2023-07-13,UNIVERSAL POWER COMPANY LTD,UPCL,4618.67
2023-07-17,Unilever Nepal Limited,UNL,30833.32
2023-07-16,Unilever Nepal Limited,UNL,30381.26
2023-07-13,Unilever Nepal Limited,UNL,29922.75
2023-07-17,Union Hydropower Limited,UNHPL,1526.25
2023-07-16,Union Hydropower Limited,UNHPL,1470.0
2023-07-13,Union Hydropower Limited,UNHPL,1507.5
2023-07-17,Unique Nepal Laghubitta Bittiya Sanstha Limited,UNLB,1976.05
2023-07-16,Unique Nepal Laghubitta Bittiya Sanstha Limited,UNLB,1958.22
2023-07-13,Unique Nepal Laghubitta Bittiya Sanstha Limited,UNLB,1989.42
2023-07-17,United Ajod Insurance Limited,UAIL,10254.19
2023-07-17,United IDI Mardi RB Hydropower Limited.,UMRH,1900.5
2023-07-16,United IDI Mardi RB Hydropower Limited.,UMRH,1823.22
2023-07-13,United IDI Mardi RB Hydropower Limited.,UMRH,1843.8
2023-07-17,United Modi Hydropower Ltd.,UMHL,2675.11
2023-07-16,United Modi Hydropower Ltd.,UMHL,2620.97
2023-07-13,United Modi Hydropower Ltd.,UMHL,2645.57
2023-07-17,Unnati Sahakarya Laghubitta Bittiya Sanstha Limited,USLB,1951.26
2023-07-16,Unnati Sahakarya Laghubitta Bittiya Sanstha Limited,USLB,1915.76
2023-07-13,Unnati Sahakarya Laghubitta Bittiya Sanstha Limited,USLB,1878.2
2023-07-17,Upakar Laghubitta Bittiya Sanstha Limited,ULBSL,1486.07
2023-07-16,Upakar Laghubitta Bittiya Sanstha Limited,ULBSL,1467.18
2023-07-13,Upakar Laghubitta Bittiya Sanstha Limited,ULBSL,1464.74
2023-07-17,Upper Hewakhola Hydropower Company Limited,UHEWA,1540.0
2023-07-16,Upper Hewakhola Hydropower Company Limited,UHEWA,1488.5
2023-07-13,Upper Hewakhola Hydropower Company Limited,UHEWA,1545.0
2023-07-17,Upper Solu Hydro Electric Company Limited,USHEC,3550.5
2023-07-16,Upper Solu Hydro Electric Company Limited,USHEC,3466.8
2023-07-13,Upper Solu Hydro Electric Company Limited,USHEC,3576.15
2023-07-17,Upper Tamakoshi Hydropower Ltd,UPPER,45219.3
2023-07-16,Upper Tamakoshi Hydropower Ltd,UPPER,45198.12
2023-07-13,Upper Tamakoshi Hydropower Ltd,UPPER,45431.1
2023-07-13,Vijaya laghubitta Bittiya Sanstha Ltd.,VLBS,2737.92
2023-07-17,Wean Nepal Laghubitta Bittiya Sanstha Limited,WNLB,657.45
2023-07-16,Wean Nepal Laghubitta Bittiya Sanstha Limited,WNLB,637.65
2023-07-13,Wean Nepal Laghubitta Bittiya Sanstha Limited,WNLB,634.88
