BUSINESS_DATE,SECURITY_NAME,SYMBOL,OPEN_PRICE
2023-07-16,10 % NMB DEBENTURE 2085,NMBD2085,1001.0
2023-07-13,10 % NMB DEBENTURE 2085,NMBD2085,915.6
2023-07-16,10% Laxmi Bank Debenture 2086,LBLD86,972.7
2023-07-13,10% Laxmi Bank Debenture 2086,LBLD86,953.7
2023-07-16,10% Nabil Debenture 2082,NBLD82,1010.0
2023-07-13,10% Nabil Debenture 2082,NBLD82,990.4
2023-07-13,10% Nepal SBI Bank Debenture 2086,SBIBD86,965.8
2023-07-16,10% Prabhu Bank Debenture 2084 ,PBLD84,1090.8
2023-07-13,10% Prabhu Bank Debenture 2084 ,PBLD84,1043.0
2023-07-17,10% Prime Debenture 2088,PBD88,931.0
2023-07-16,10% Prime Debenture 2088,PBD88,975.0
2023-07-13,10% Prime Debenture 2088,PBD88,921.2
2023-07-16,10% Sanima Bank Limited Debenture,SAND2085,1130.8
2023-07-13,10% Sunrise Debenture 2080,SRD80,1020.0
2023-07-13,10.25% GLOBAL IME BANK LTD. DEBENTURE 2080/81,GBD80/81,1038.8
2023-07-17,10.25% KBL Debenture 2086,KBLD86,1084.4
2023-07-16,10.25% Machhapuchhre Bank Debenture 2085,MBLD2085,1023.0
2023-07-16,10.25% NBBL Debenture 2085,NBBD2085,1180.0
2023-07-13,10.25% NBBL Debenture 2085,NBBD2085,1158.7
2023-07-16,10.25% NIC Asia Debenture 2083/84,NICD83/84,1097.5
2023-07-13,10.25% NIC Asia Debenture 2083/84,NICD83/84,1090.0
2023-07-16,10.25% Nepal SBI Bank Debenture 2083,SBID83,1000.0
2023-07-16,10.25% Prabhu Bank  Debenture 2086,PBLD86,941.1
2023-07-13,10.25% SBL Debenture 2083,SBLD83,1018.5
2023-07-13,10.25% Sunrise Bank Debenture 2083,SRBLD83,1070.0
2023-07-16,10.35% Agricultural Bank Debenture 2083,ADBLD83,1075.0
2023-07-13,10.35% Agricultural Bank Debenture 2083,ADBLD83,1074.0
2023-07-16,10.5 % NEPAL INVESTMENT DEBENTURE 2082,NIBD2082,1029.5
2023-07-13,10.5 % NEPAL INVESTMENT DEBENTURE 2082,NIBD2082,1030.0
2023-07-16,10.50% SBL Debenture 2082,SBLD2082,1039.5
2023-07-13,10.50% SBL Debenture 2082,SBLD2082,1019.2
2023-07-16,11% NIC Asia Debenture 082/83,NICAD8283,1099.0
2023-07-13,11% NIC Asia Debenture 082/83,NICAD8283,1094.0
2023-07-16,12 % Goodwill Finance Limited Debenture 2083,GWFD83,1120.0
2023-07-13,12 % Goodwill Finance Limited Debenture 2083,GWFD83,1090.0
2023-07-16,12% ICFC Finance Limited Debenture 2083,ICFCD83,1117.2
2023-07-13,12% ICFC Finance Limited Debenture 2083,ICFCD83,1146.9
2023-07-17,8.5% BOK Debenture 2086,BOKD86,842.3
2023-07-16,8.5% BOK Debenture 2086,BOKD86,842.7
2023-07-16,8.5% Laxmi Bank Debenture 2088,LBLD88,818.0
2023-07-13,8.5% Nepal Bank Debenture 2087,NBLD87,830.0
2023-07-17,8.5% Nepal Investment Bank Debenture 2084,NIBD84,847.7
2023-07-16,8.5% Nepal Investment Bank Debenture 2084,NIBD84,865.0
2023-07-13,8.5% Nepal Investment Bank Debenture 2084,NIBD84,835.2
2023-07-16,8.5% Prabhu Bank Debenture 2087,PBLD87,809.7
2023-07-13,8.5% Prabhu Bank Debenture 2087,PBLD87,793.9
2023-07-17,8.5% SBL Debenture 2084,SBLD84,862.4
2023-07-16,8.5% Sanima Debenture 2087,SBD87,857.9
2023-07-13,8.5% Sanima Debenture 2087,SBD87,845.0
2023-07-16,9.5% Manjushree Finance Limited Debenture 2085,MFLD85,994.7
2023-07-13,9.5% Manjushree Finance Limited Debenture 2085,MFLD85,959.4
2023-07-17,Aarambha Chautari Laghubitta Bittiya Sanstha Limited,ACLBSL,647.0
2023-07-16,Aarambha Chautari Laghubitta Bittiya Sanstha Limited,ACLBSL,641.0
2023-07-13,Aarambha Chautari Laghubitta Bittiya Sanstha Limited,ACLBSL,667.3
2023-07-17,Aatmanirbhar Laghubitta Bittiya Sanstha Limited,ANLB,2350.0
2023-07-16,Aatmanirbhar Laghubitta Bittiya Sanstha Limited,ANLB,2429.9
2023-07-13,Aatmanirbhar Laghubitta Bittiya Sanstha Limited,ANLB,2396.0
2023-07-17,Agricultural Development Bank Limited,ADBL,234.0
2023-07-16,Agricultural Development Bank Limited,ADBL,231.9
2023-07-13,Agricultural Development Bank Limited,ADBL,232.5
2023-07-17,Ankhu Khola Jalvidhyut Company Ltd,AKJCL,190.2
2023-07-16,Ankhu Khola Jalvidhyut Company Ltd,AKJCL,198.9
2023-07-13,Ankhu Khola Jalvidhyut Company Ltd,AKJCL,203.0
2023-07-17,Api Power Company Ltd.,API,200.0
2023-07-16,Api Power Company Ltd.,API,202.0
2023-07-13,Api Power Company Ltd.,API,208.0
2023-07-17,Arun Kabeli Power Ltd.,AKPL,234.0
2023-07-16,Arun Kabeli Power Ltd.,AKPL,238.0
2023-07-13,Arun Kabeli Power Ltd.,AKPL,252.0
2023-07-17,Arun Valley Hydropower Development Co. Ltd.,AHPC,255.0
2023-07-16,Arun Valley Hydropower Development Co. Ltd.,AHPC,263.5
2023-07-13,Arun Valley Hydropower Development Co. Ltd.,AHPC,269.1
2023-07-17,Asha Laghubitta Bittiya Sanstha Ltd,ALBSL,790.0
2023-07-16,Asha Laghubitta Bittiya Sanstha Ltd,ALBSL,775.0
2023-07-13,Asha Laghubitta Bittiya Sanstha Ltd,ALBSL,789.0
2023-07-17,Asian Hydropower Limited,AHL,330.0
2023-07-16,Asian Hydropower Limited,AHL,332.5
2023-07-13,Asian Hydropower Limited,AHL,342.0
2023-07-17,Asian Life Insurance Co. Limited,ALICL,760.0
2023-07-16,Asian Life Insurance Co. Limited,ALICL,764.0
2023-07-13,Asian Life Insurance Co. Limited,ALICL,770.0
2023-07-17,Aviyan Laghubitta Bittiya Sanstha Limited,AVYAN,712.9
2023-07-16,Aviyan Laghubitta Bittiya Sanstha Limited,AVYAN,702.0
2023-07-13,Aviyan Laghubitta Bittiya Sanstha Limited,AVYAN,713.5
2023-07-17,BPW Laghubitta Bittiya Sanstha Limited,BPW,1116.0
2023-07-16,BPW Laghubitta Bittiya Sanstha Limited,BPW,1117.0
2023-07-13,BPW Laghubitta Bittiya Sanstha Limited,BPW,1117.1
2023-07-17,Balephi Hydropower Limited,BHL,260.0
2023-07-16,Balephi Hydropower Limited,BHL,260.0
2023-07-13,Balephi Hydropower Limited,BHL,277.4
2023-07-17,Barahi Hydropower Public Limited,BHPL,462.0
2023-07-16,Barahi Hydropower Public Limited,BHPL,449.0
2023-07-13,Barahi Hydropower Public Limited,BHPL,461.0
2023-07-17,Barun Hydropower Co. Ltd.,BARUN,253.9
2023-07-16,Barun Hydropower Co. Ltd.,BARUN,249.8
2023-07-13,Barun Hydropower Co. Ltd.,BARUN,252.9
2023-07-17,Best Finance Company Ltd.,BFC,348.0
2023-07-16,Best Finance Company Ltd.,BFC,360.8
2023-07-13,Best Finance Company Ltd.,BFC,369.2
2023-07-17,Bhugol Energy Development Company Limited,BEDC,228.0
2023-07-16,Bhugol Energy Development Company Limited,BEDC,231.5
2023-07-13,Bhugol Energy Development Company Limited,BEDC,236.0
2023-07-17,Bindhyabasini Hydropower Development Company Limited,BHDC,389.9
2023-07-16,Bindhyabasini Hydropower Development Company Limited,BHDC,392.0
2023-07-13,Bindhyabasini Hydropower Development Company Limited,BHDC,383.4
2023-07-17,Bishal Bazar Company Limited,BBC,3455.0
2023-07-16,Bishal Bazar Company Limited,BBC,3478.3
2023-07-13,Bishal Bazar Company Limited,BBC,3460.0
2023-07-17,Bottlers Nepal (Terai) Limited,BNT,13870.0
2023-07-13,Bottlers Nepal (Terai) Limited,BNT,14000.0
2023-07-17,Buddha Bhumi Nepal Hydropower Company Limited,BNHC,335.0
2023-07-16,Buddha Bhumi Nepal Hydropower Company Limited,BNHC,323.0
2023-07-13,Buddha Bhumi Nepal Hydropower Company Limited,BNHC,338.0
2023-07-17,Butwal Power Company Limited,BPCL,326.0
2023-07-16,Butwal Power Company Limited,BPCL,327.0
2023-07-13,Butwal Power Company Limited,BPCL,335.0
2023-07-17,CEDB Hydropower Development Company Limited,CHDC,904.0
2023-07-16,CEDB Hydropower Development Company Limited,CHDC,891.0
2023-07-13,CEDB Hydropower Development Company Limited,CHDC,905.0
2023-07-16,CITIZENS MUTUAL FUND 2,CMF2,9.64
2023-07-13,CITIZENS MUTUAL FUND 2,CMF2,8.79
2023-07-17,CYC Nepal Laghubitta Bittiya Sanstha Limited,CYCL,1381.8
2023-07-16,CYC Nepal Laghubitta Bittiya Sanstha Limited,CYCL,1330.0
2023-07-13,CYC Nepal Laghubitta Bittiya Sanstha Limited,CYCL,1305.0
2023-07-17,Central Finance Co. Ltd.,CFCL,391.0
2023-07-16,Central Finance Co. Ltd.,CFCL,392.0
2023-07-13,Central Finance Co. Ltd.,CFCL,403.1
2023-07-16,Century Debenture 2088,CCBD88,1022.9
2023-07-13,Century Debenture 2088,CCBD88,1022.8
2023-07-17,Chandragiri Hills Limited,CGH,1256.0
2023-07-16,Chandragiri Hills Limited,CGH,1300.0
2023-07-13,Chandragiri Hills Limited,CGH,1312.0
2023-07-17,Chhimek Laghubitta Bittiya Sanstha Limited,CBBL,999.0
2023-07-16,Chhimek Laghubitta Bittiya Sanstha Limited,CBBL,998.0
2023-07-13,Chhimek Laghubitta Bittiya Sanstha Limited,CBBL,1000.0
2023-07-17,Chhyangdi Hydropower Ltd.,CHL,260.0
2023-07-16,Chhyangdi Hydropower Ltd.,CHL,270.0
2023-07-13,Chhyangdi Hydropower Ltd.,CHL,280.0
2023-07-17,Chilime Hydropower Company Limited,CHCL,536.7
2023-07-16,Chilime Hydropower Company Limited,CHCL,548.0
2023-07-13,Chilime Hydropower Company Limited,CHCL,549.0
2023-07-17,Citizen Investment Trust,CIT,2085.0
2023-07-16,Citizen Investment Trust,CIT,2096.2
2023-07-13,Citizen Investment Trust,CIT,2147.0
2023-07-17,Citizens Bank International Limited,CZBIL,176.0
2023-07-16,Citizens Bank International Limited,CZBIL,169.0
2023-07-13,Citizens Bank International Limited,CZBIL,173.0
2023-07-17,Citizens Mutual Fund -1,CMF1,9.2
2023-07-16,Citizens Mutual Fund -1,CMF1,9.16
2023-07-13,Citizens Mutual Fund -1,CMF1,8.82
2023-07-17,City Hotel Limited,CITY,680.0
2023-07-16,City Hotel Limited,CITY,695.0
2023-07-13,City Hotel Limited,CITY,680.0
2023-07-16,Civil Bank Debenture 2088,CBLD88,1003.6
2023-07-13,Civil Bank Debenture 2088,CBLD88,950.0
2023-07-17,Civil Laghubitta Bittiya Sanstha Ltd.,CLBSL,754.0
2023-07-16,Civil Laghubitta Bittiya Sanstha Ltd.,CLBSL,779.0
2023-07-13,Civil Laghubitta Bittiya Sanstha Ltd.,CLBSL,770.1
2023-07-17,Corporate Development Bank Limited,CORBL,357.0
2023-07-16,Corporate Development Bank Limited,CORBL,370.7
2023-07-13,Corporate Development Bank Limited,CORBL,384.5
2023-07-13,Deprosc LaghuBitta Promoter Share,DDBLPO,440.0
2023-07-17,Deprosc Laghubitta Bittiya Sanstha Limited,DDBL,826.0
2023-07-16,Deprosc Laghubitta Bittiya Sanstha Limited,DDBL,835.0
2023-07-13,Deprosc Laghubitta Bittiya Sanstha Limited,DDBL,817.1
2023-07-17,Dibyashwori Hydropower Ltd.,DHPL,182.0
2023-07-16,Dibyashwori Hydropower Ltd.,DHPL,187.0
2023-07-13,Dibyashwori Hydropower Ltd.,DHPL,197.8
2023-07-17,Dolti Power Company Limited,DOLTI,232.5
2023-07-16,Dolti Power Company Limited,DOLTI,228.0
2023-07-13,Dolti Power Company Limited,DOLTI,237.1
2023-07-17,Dordi Khola Jal Bidyut Company Limited,DORDI,240.1
2023-07-16,Dordi Khola Jal Bidyut Company Limited,DORDI,242.0
2023-07-13,Dordi Khola Jal Bidyut Company Limited,DORDI,251.0
2023-07-17,Eastern Hydropower Limited,EHPL,304.8
2023-07-16,Eastern Hydropower Limited,EHPL,310.0
2023-07-13,Eastern Hydropower Limited,EHPL,316.6
2023-07-17,Emerging Nepal Limited,ENL,683.1
2023-07-16,Emerging Nepal Limited,ENL,705.0
2023-07-13,Emerging Nepal Limited,ENL,717.0
2023-07-17,Everest Bank Limited,EBL,563.0
2023-07-16,Everest Bank Limited,EBL,570.0
2023-07-16,Everest Bank Limited,EBLD86,837.9
2023-07-13,Everest Bank Limited,EBL,565.0
2023-07-13,Everest Bank Limited,EBLD86,824.9
2023-07-17,Excel Development Bank Ltd.,EDBL,331.9
2023-07-16,Excel Development Bank Ltd.,EDBL,321.1
2023-07-13,Excel Development Bank Ltd.,EDBL,335.0
2023-07-17,First Micro Finance Laghubitta Bittiya Sanstha Limited,FMDBL,744.0
2023-07-16,First Micro Finance Laghubitta Bittiya Sanstha Limited,FMDBL,755.0
2023-07-13,First Micro Finance Laghubitta Bittiya Sanstha Limited,FMDBL,743.0
2023-07-17,Forward Microfinance Laghubitta Bittiya Sanstha Limited,FOWAD,1311.0
2023-07-16,Forward Microfinance Laghubitta Bittiya Sanstha Limited,FOWAD,1363.9
2023-07-13,Forward Microfinance Laghubitta Bittiya Sanstha Limited,FOWAD,1320.0
2023-07-17,Ganapati Laghubitta Bittiya Sanstha Limited,GMFBS,820.0
2023-07-16,Ganapati Laghubitta Bittiya Sanstha Limited,GMFBS,798.0
2023-07-13,Ganapati Laghubitta Bittiya Sanstha Limited,GMFBS,844.0
2023-07-17,Garima Bikas Bank Limited,GBBL,407.0
2023-07-16,Garima Bikas Bank Limited,GBBL,380.1
2023-07-13,Garima Bikas Bank Limited,GBBL,395.0
2023-07-17,Ghalemdi Hydro Limited,GHL,218.0
2023-07-16,Ghalemdi Hydro Limited,GHL,225.0
2023-07-13,Ghalemdi Hydro Limited,GHL,229.0
2023-07-17,Global IME Balanced Fund-1,GIBF1,9.16
2023-07-16,Global IME Balanced Fund-1,GIBF1,8.98
2023-07-13,Global IME Balanced Fund-1,GIBF1,8.5
2023-07-17,Global IME Bank Limited,GBIME,185.5
2023-07-16,Global IME Bank Limited,GBIME,186.3
2023-07-13,Global IME Bank Limited,GBIME,182.9
2023-07-16,Global IME Bank Limited Debenture 2086/87,GBILD86/87,802.7
2023-07-13,Global IME Bank Limited Debenture 2086/87,GBILD86/87,834.0
2023-07-13,Global IME Bank Ltd. Promoter Share,GBIMEP,103.0
2023-07-17,Global IME Laghubitta Bittiya Sanstha Ltd.,GILB,1039.8
2023-07-16,Global IME Laghubitta Bittiya Sanstha Ltd.,GILB,1020.0
2023-07-13,Global IME Laghubitta Bittiya Sanstha Ltd.,GILB,1027.0
2023-07-17,Goodwill Finance Limited,GFCL,476.1
2023-07-16,Goodwill Finance Limited,GFCL,473.0
2023-07-13,Goodwill Finance Limited,GFCL,487.3
2023-07-17,Grameen Bikas Laghubitta Bittiya Sanstha Ltd.,GBLBS,645.6
2023-07-16,Grameen Bikas Laghubitta Bittiya Sanstha Ltd.,GBLBS,590.6
2023-07-13,Grameen Bikas Laghubitta Bittiya Sanstha Ltd.,GBLBS,602.8
2023-07-17,Green Development Bank Ltd.,GRDBL,311.9
2023-07-16,Green Development Bank Ltd.,GRDBL,316.2
2023-07-13,Green Development Bank Ltd.,GRDBL,324.3
2023-07-17,Green Ventures Limited,GVL,390.0
2023-07-16,Green Ventures Limited,GVL,386.1
2023-07-13,Green Ventures Limited,GVL,405.0
2023-07-17,GreenLife Hydropower Limited,GLH,255.0
2023-07-16,GreenLife Hydropower Limited,GLH,263.0
2023-07-13,GreenLife Hydropower Limited,GLH,267.2
2023-07-17,Guheshowori Merchant Bank & Finance Co. Ltd.,GMFIL,399.0
2023-07-16,Guheshowori Merchant Bank & Finance Co. Ltd.,GMFIL,407.6
2023-07-13,Guheshowori Merchant Bank & Finance Co. Ltd.,GMFIL,391.9
2023-07-17,Gurans Laghubitta Bittiya Sanstha Limited,GLBSL,752.7
2023-07-16,Gurans Laghubitta Bittiya Sanstha Limited,GLBSL,738.0
2023-07-13,Gurans Laghubitta Bittiya Sanstha Limited,GLBSL,710.0
2023-07-17,Gurkhas Finance Ltd.,GUFL,554.0
2023-07-16,Gurkhas Finance Ltd.,GUFL,555.0
2023-07-13,Gurkhas Finance Ltd.,GUFL,583.4
2023-07-17,Himal Dolakha Hydropower Company Limited,HDHPC,152.0
2023-07-16,Himal Dolakha Hydropower Company Limited,HDHPC,156.9
2023-07-13,Himal Dolakha Hydropower Company Limited,HDHPC,161.0
2023-07-17,Himalaya Urja Bikas Company Limited,HURJA,269.0
2023-07-16,Himalaya Urja Bikas Company Limited,HURJA,272.0
2023-07-13,Himalaya Urja Bikas Company Limited,HURJA,274.0
2023-07-17,Himalayan Bank Limited,HBL,213.0
2023-07-16,Himalayan Bank Limited,HBL,211.9
2023-07-13,Himalayan Bank Limited,HBL,209.0
2023-07-17,Himalayan Distillery Limited,HDL,2250.0
2023-07-16,Himalayan Distillery Limited,HDL,2251.0
2023-07-13,Himalayan Distillery Limited,HDL,2308.0
2023-07-17,Himalayan Everest Insurance Limited,HEI,608.0
2023-07-16,Himalayan Everest Insurance Limited,HEI,615.0
2023-07-13,Himalayan Everest Insurance Limited,HEI,615.0
2023-07-17,Himalayan Everest Insurance Limited Promoter,HEIP,460.0
2023-07-16,Himalayan Everest Insurance Limited Promoter,HEIP,455.0
2023-07-13,Himalayan Everest Insurance Limited Promoter,HEIP,442.8
2023-07-17,Himalayan Hydropower Limited,HHL,253.9
2023-07-16,Himalayan Hydropower Limited,HHL,255.0
2023-07-13,Himalayan Hydropower Limited,HHL,258.9
2023-07-17,Himalayan Life Insurance Limited,HLI,517.1
2023-07-16,Himalayan Life Insurance Limited,HLI,507.0
2023-07-13,Himalayan Life Insurance Limited,HLI,500.0
2023-07-17,Himalayan Power Partner Ltd.,HPPL,284.0
2023-07-16,Himalayan Power Partner Ltd.,HPPL,295.0
2023-07-13,Himalayan Power Partner Ltd.,HPPL,309.0
2023-07-17,Hydorelectricity Investment and Development Company Limited Promoter,HIDCLP,101.8
2023-07-16,Hydorelectricity Investment and Development Company Limited Promoter,HIDCLP,103.9
2023-07-13,Hydorelectricity Investment and Development Company Limited Promoter,HIDCLP,106.7
2023-07-17,Hydorelectricity Investment and Development Company Ltd,HIDCL,181.1
2023-07-16,Hydorelectricity Investment and Development Company Ltd,HIDCL,186.0
2023-07-13,Hydorelectricity Investment and Development Company Ltd,HIDCL,187.6
2023-07-17,ICFC Finance Limited,ICFC,535.5
2023-07-16,ICFC Finance Limited,ICFC,515.2
2023-07-13,ICFC Finance Limited,ICFC,538.0
2023-07-17,IGI Prudential insurance Limited,IGI,559.1
2023-07-16,IGI Prudential insurance Limited,IGI,565.0
2023-07-13,IGI Prudential insurance Limited,IGI,580.0
2023-07-17,Infinity Laghubitta Bittiya Sanstha Limited,ILBS,701.0
2023-07-16,Infinity Laghubitta Bittiya Sanstha Limited,ILBS,702.0
2023-07-13,Infinity Laghubitta Bittiya Sanstha Limited,ILBS,717.0
2023-07-17,Ingwa Hydropower Limited,IHL,252.0
2023-07-16,Ingwa Hydropower Limited,IHL,255.1
2023-07-13,Ingwa Hydropower Limited,IHL,275.5
2023-07-17,Jalpa Samudayik Laghubitta Bittiya Sanstha Limited,JALPA,1585.0
2023-07-16,Jalpa Samudayik Laghubitta Bittiya Sanstha Limited,JALPA,1613.0
2023-07-13,Jalpa Samudayik Laghubitta Bittiya Sanstha Limited,JALPA,1580.0
2023-07-17,Janaki Finance Company Limited,JFL,400.9
2023-07-16,Janaki Finance Company Limited,JFL,397.1
2023-07-13,Janaki Finance Company Limited,JFL,404.0
2023-07-17,Janautthan Samudayic Laghubitta Bittya Sanstha Limited,JSLBB,1020.0
2023-07-16,Janautthan Samudayic Laghubitta Bittya Sanstha Limited,JSLBB,1010.0
2023-07-13,Janautthan Samudayic Laghubitta Bittya Sanstha Limited,JSLBB,1016.1
2023-07-17,Jeevan Bikas Laghubitta  Bittya Sanstha Ltd,JBLB,1605.0
2023-07-16,Jeevan Bikas Laghubitta  Bittya Sanstha Ltd,JBLB,1608.0
2023-07-13,Jeevan Bikas Laghubitta  Bittya Sanstha Ltd,JBLB,1620.0
2023-07-17,Joshi Hydropower Development Company Ltd,JOSHI,264.0
2023-07-16,Joshi Hydropower Development Company Ltd,JOSHI,263.0
2023-07-13,Joshi Hydropower Development Company Ltd,JOSHI,273.0
2023-07-17,Jyoti Bikas Bank Limited,JBBL,300.0
2023-07-16,Jyoti Bikas Bank Limited,JBBL,301.0
2023-07-13,Jyoti Bikas Bank Limited,JBBL,303.0
2023-07-16,Jyoti Bikash  Bank Ltd. Promoter Share,JBBLPO,157.0
2023-07-17,Kalika Laghubitta Bittiya Sanstha Ltd,KMCDB,736.0
2023-07-16,Kalika Laghubitta Bittiya Sanstha Ltd,KMCDB,754.0
2023-07-13,Kalika Laghubitta Bittiya Sanstha Ltd,KMCDB,734.0
2023-07-17,Kalika power Company Ltd,KPCL,359.9
2023-07-16,Kalika power Company Ltd,KPCL,351.0
2023-07-13,Kalika power Company Ltd,KPCL,367.2
2023-07-17,Kalinchowk Darshan Limited,KDL,915.4
2023-07-16,Kalinchowk Darshan Limited,KDL,938.0
2023-07-13,Kalinchowk Darshan Limited,KDL,951.3
2023-07-17,Kamana Sewa Bikas Bank Limited,KSBBL,322.0
2023-07-16,Kamana Sewa Bikas Bank Limited,KSBBL,324.2
2023-07-13,Kamana Sewa Bikas Bank Limited,KSBBL,341.8
2023-07-17,Karnali Development Bank Limited,KRBL,286.0
2023-07-16,Karnali Development Bank Limited,KRBL,289.6
2023-07-13,Karnali Development Bank Limited,KRBL,295.0
2023-07-17,Khanikhola Hydropower Co. Ltd.,KKHC,207.6
2023-07-16,Khanikhola Hydropower Co. Ltd.,KKHC,200.0
2023-07-13,Khanikhola Hydropower Co. Ltd.,KKHC,212.7
2023-07-17,Kisan Lagubitta Bittiya Sanstha Limited,KLBSL,695.0
2023-07-16,Kisan Lagubitta Bittiya Sanstha Limited,KLBSL,721.0
2023-07-13,Kisan Lagubitta Bittiya Sanstha Limited,KLBSL,735.0
2023-07-17,Kumari Bank Limited,KBL,165.0
2023-07-16,Kumari Bank Limited,KBL,161.0
2023-07-13,Kumari Bank Limited,KBL,163.0
2023-07-16,Kumari Bank Limited Promotor Share,KBLPO,113.7
2023-07-17,Kumari Dhanabriddhi Yojana,KDBY,9.84
2023-07-16,Kumari Dhanabriddhi Yojana,KDBY,9.68
2023-07-13,Kumari Dhanabriddhi Yojana,KDBY,9.87
2023-07-17,Kumari Equity Fund,KEF,10.35
2023-07-16,Kumari Equity Fund,KEF,9.37
2023-07-13,Kumari Equity Fund,KEF,9.0
2023-07-13,Laxmi Bank Limited,LBL,175.3
2023-07-17,Laxmi Equity Fund,LEMF,9.63
2023-07-16,Laxmi Equity Fund,LEMF,9.62
2023-07-13,Laxmi Equity Fund,LEMF,10.0
2023-07-17,Laxmi Laghubitta Bittiya Sanstha Ltd.,LLBS,893.0
2023-07-16,Laxmi Laghubitta Bittiya Sanstha Ltd.,LLBS,843.0
2023-07-13,Laxmi Laghubitta Bittiya Sanstha Ltd.,LLBS,867.0
2023-07-17,Laxmi Unnati Kosh,LUK,9.24
2023-07-16,Laxmi Unnati Kosh,LUK,9.39
2023-07-13,Laxmi Unnati Kosh,LUK,9.19
2023-07-17,Liberty Energy Company Limited,LEC,240.6
2023-07-16,Liberty Energy Company Limited,LEC,255.0
2023-07-13,Liberty Energy Company Limited,LEC,265.0
2023-07-17,Life Insurance Corporation (Nepal) Limited,LICN,1527.0
2023-07-16,Life Insurance Corporation (Nepal) Limited,LICN,1545.1
2023-07-13,Life Insurance Corporation (Nepal) Limited,LICN,1615.0
2023-07-17,Lumbini Bikas Bank Ltd.,LBBL,414.9
2023-07-16,Lumbini Bikas Bank Ltd.,LBBL,410.0
2023-07-13,Lumbini Bikas Bank Ltd.,LBBL,419.0
2023-07-17,Machhapuchhre Bank Limited,MBL,236.3
2023-07-16,Machhapuchhre Bank Limited,MBL,227.0
2023-07-13,Machhapuchhre Bank Limited,MBL,230.0
2023-07-17,Madhya Bhotekoshi Jalavidyut Company Limited,MBJC,294.0
2023-07-16,Madhya Bhotekoshi Jalavidyut Company Limited,MBJC,309.7
2023-07-13,Madhya Bhotekoshi Jalavidyut Company Limited,MBJC,319.2
2023-07-17,Mahalaxmi Bikas Bank Ltd.,MLBL,330.0
2023-07-16,Mahalaxmi Bikas Bank Ltd.,MLBL,334.9
2023-07-13,Mahalaxmi Bikas Bank Ltd.,MLBL,341.6
2023-07-16,Mahalxmi Bikas Bank Ltd. Promotor Share,MLBLPO,174.7
2023-07-17,Mahila Lagubitta Bittiya Sanstha Limited ,MLBSL,2058.1
2023-07-16,Mahila Lagubitta Bittiya Sanstha Limited ,MLBSL,2089.0
2023-07-13,Mahila Lagubitta Bittiya Sanstha Limited ,MLBSL,2056.0
2023-07-17,Mahuli Laghubitta Bittiya Sanstha Limited,MSLB,861.0
2023-07-16,Mahuli Laghubitta Bittiya Sanstha Limited,MSLB,853.0
2023-07-13,Mahuli Laghubitta Bittiya Sanstha Limited,MSLB,884.3
2023-07-17,Mai Khola Hydropower Limited,MKHL,271.4
2023-07-16,Mai Khola Hydropower Limited,MKHL,281.0
2023-07-13,Mai Khola Hydropower Limited,MKHL,290.0
2023-07-17,Mailung Khola Jal Vidhyut Company Limited,MKJC,384.2
2023-07-16,Mailung Khola Jal Vidhyut Company Limited,MKJC,372.5
2023-07-13,Mailung Khola Jal Vidhyut Company Limited,MKJC,403.0
2023-07-17,Makar Jitumaya Suri Hydropower Limited,MAKAR,269.0
2023-07-16,Makar Jitumaya Suri Hydropower Limited,MAKAR,294.0
2023-07-13,Makar Jitumaya Suri Hydropower Limited,MAKAR,284.8
2023-07-17,Manakamana Smart Laghubitta Bittiya Sanstha Limited,MKLB,771.8
2023-07-16,Manakamana Smart Laghubitta Bittiya Sanstha Limited,MKLB,720.0
2023-07-13,Manakamana Smart Laghubitta Bittiya Sanstha Limited,MKLB,773.0
2023-07-17,Mandakini Hydropower Limited,MHL,299.0
2023-07-16,Mandakini Hydropower Limited,MHL,302.9
2023-07-13,Mandakini Hydropower Limited,MHL,311.6
2023-07-17,Manjushree Finance Ltd.,MFIL,550.0
2023-07-16,Manjushree Finance Ltd.,MFIL,556.0
2023-07-13,Manjushree Finance Ltd.,MFIL,571.0
2023-07-17,Manushi Laghubitta Bittiya Sanstha Limited,MLBS,778.0
2023-07-16,Manushi Laghubitta Bittiya Sanstha Limited,MLBS,785.0
2023-07-13,Manushi Laghubitta Bittiya Sanstha Limited,MLBS,768.1
2023-07-17,Maya Khola Hydropower Company Limited,MKHC,237.9
2023-07-16,Maya Khola Hydropower Company Limited,MKHC,230.1
2023-07-13,Maya Khola Hydropower Company Limited,MKHC,236.0
2023-07-17,Mega Mutual Fund -1,MMF1,7.84
2023-07-16,Mega Mutual Fund -1,MMF1,7.99
2023-07-13,Mega Mutual Fund -1,MMF1,7.31
2023-07-17,Menchhiyam Hydropower Limited,MCHL,221.6
2023-07-16,Menchhiyam Hydropower Limited,MCHL,222.0
2023-07-13,Menchhiyam Hydropower Limited,MCHL,230.0
2023-07-17,Mero Microfinance Bittiya Sanstha Ltd.,MERO,661.0
2023-07-16,Mero Microfinance Bittiya Sanstha Ltd.,MERO,688.0
2023-07-13,Mero Microfinance Bittiya Sanstha Ltd.,MERO,680.0
2023-07-17,Mirmire Laghubitta Bittya Sanstha Limited,MMFDB,709.0
2023-07-16,Mirmire Laghubitta Bittya Sanstha Limited,MMFDB,712.0
2023-07-13,Mirmire Laghubitta Bittya Sanstha Limited,MMFDB,725.0
2023-07-17,Miteri Development Bank Limited,MDB,408.0
2023-07-16,Miteri Development Bank Limited,MDB,400.5
2023-07-13,Miteri Development Bank Limited,MDB,419.5
2023-07-17,Mithila LaghuBitta Bittiya Sanstha Limited,MLBBL,1044.0
2023-07-16,Mithila LaghuBitta Bittiya Sanstha Limited,MLBBL,966.0
2023-07-13,Mithila LaghuBitta Bittiya Sanstha Limited,MLBBL,946.0
2023-07-17,Modi Energy Limited,MEL,206.0
2023-07-16,Modi Energy Limited,MEL,212.0
2023-07-13,Modi Energy Limited,MEL,217.0
2023-07-17,Molung Hydropower Company Limited,MHCL,205.6
2023-07-16,Molung Hydropower Company Limited,MHCL,218.2
2023-07-13,Molung Hydropower Company Limited,MHCL,222.3
2023-07-17,Mountain Energy Nepal Limited,MEN,975.1
2023-07-16,Mountain Energy Nepal Limited,MEN,1015.0
2023-07-13,Mountain Energy Nepal Limited,MEN,980.0
2023-07-17,Mountain Hydro Nepal Limited,MHNL,235.1
2023-07-16,Mountain Hydro Nepal Limited,MHNL,235.0
2023-07-13,Mountain Hydro Nepal Limited,MHNL,244.0
2023-07-17,Muktinath Bikas Bank Ltd.,MNBBL,406.0
2023-07-16,Muktinath Bikas Bank Ltd.,MNBBL,412.0
2023-07-13,Muktinath Bikas Bank Ltd.,MNBBL,415.0
2023-07-17,Multipurpose Finance Company  Limited,MPFL,382.0
2023-07-16,Multipurpose Finance Company  Limited,MPFL,390.0
2023-07-13,Multipurpose Finance Company  Limited,MPFL,394.0
2023-07-17,NABIL BALANCED FUND-2,NBF2,8.8
2023-07-16,NABIL BALANCED FUND-2,NBF2,9.03
2023-07-13,NABIL BALANCED FUND-2,NBF2,8.63
2023-07-17,NESDO Sambridha Laghubitta Bittiya Sanstha Limited,NESDO,2079.9
2023-07-16,NESDO Sambridha Laghubitta Bittiya Sanstha Limited,NESDO,2050.0
2023-07-13,NESDO Sambridha Laghubitta Bittiya Sanstha Limited,NESDO,2084.8
2023-07-16,NIBL Growth Fund,NIBLGF,9.49
2023-07-13,NIBL Growth Fund,NIBLGF,9.12
2023-07-17,NIBL Pragati Fund,NIBLPF,9.52
2023-07-16,NIBL Pragati Fund,NIBLPF,9.93
2023-07-13,NIBL Pragati Fund,NIBLPF,9.38
2023-07-17,NIBL Samriddhi Fund -2,NIBSF2,8.93
2023-07-16,NIBL Samriddhi Fund -2,NIBSF2,8.8
2023-07-13,NIBL Samriddhi Fund -2,NIBSF2,8.0
2023-07-17,NIC ASIA Laghubitta Bittiya Sanstha Limited,NICLBSL,714.8
2023-07-16,NIC ASIA Laghubitta Bittiya Sanstha Limited,NICLBSL,725.0
2023-07-13,NIC ASIA Laghubitta Bittiya Sanstha Limited,NICLBSL,749.7
2023-07-17,NIC Asia Balanced Fund,NICBF,9.17
2023-07-16,NIC Asia Balanced Fund,NICBF,9.56
2023-07-13,NIC Asia Balanced Fund,NICBF,9.25
2023-07-17,NIC Asia Bank Ltd.,NICA,798.0
2023-07-16,NIC Asia Bank Ltd.,NICA,790.0
2023-07-13,NIC Asia Bank Ltd.,NICA,790.0
2023-07-16,NIC Asia Flexi CAP Fund,NICFC,9.6
2023-07-13,NIC Asia Flexi CAP Fund,NICFC,9.3
2023-07-17,NIC Asia Growth Fund,NICGF,10.27
2023-07-16,NIC Asia Growth Fund,NICGF,10.13
2023-07-13,NIC Asia Growth Fund,NICGF,9.87
2023-07-17,NIC Asia Select Fund 30,NICSF,8.82
2023-07-16,NIC Asia Select Fund 30,NICSF,8.75
2023-07-13,NIC Asia Select Fund 30,NICSF,8.61
2023-07-17,NLG Insurance Company Ltd.,NLG,840.0
2023-07-16,NLG Insurance Company Ltd.,NLG,868.0
2023-07-13,NLG Insurance Company Ltd.,NLG,867.0
2023-07-17,NMB  Microfinance Bittiya Sanstha Ltd.,NMBMF,640.0
2023-07-16,NMB  Microfinance Bittiya Sanstha Ltd.,NMBMF,643.0
2023-07-13,NMB  Microfinance Bittiya Sanstha Ltd.,NMBMF,640.5
2023-07-17,NMB 50,NMB50,10.51
2023-07-16,NMB 50,NMB50,10.65
2023-07-13,NMB 50,NMB50,10.4
2023-07-17,NMB Bank Limited,NMB,228.9
2023-07-16,NMB Bank Limited,NMB,225.0
2023-07-13,NMB Bank Limited,NMB,226.0
2023-07-17,NMB Debenture 8.50% - 2087/88,NMBD87/88,789.8
2023-07-13,NMB Debenture 8.50% - 2087/88,NMBD87/88,805.9
2023-07-17,NMB Hybrid Fund L-1,NMBHF1,10.61
2023-07-16,NMB Hybrid Fund L-1,NMBHF1,10.66
2023-07-13,NMB Hybrid Fund L-1,NMBHF1,10.79
2023-07-17,NMB Sulav Investment Fund - 2,NSIF2,9.99
2023-07-16,NMB Sulav Investment Fund - 2,NSIF2,9.69
2023-07-13,NMB Sulav Investment Fund - 2,NSIF2,9.56
2023-07-17,NRN Infrastructure and Development Limited,NRN,510.0
2023-07-16,NRN Infrastructure and Development Limited,NRN,521.0
2023-07-13,NRN Infrastructure and Development Limited,NRN,527.1
2023-07-17,Nabil Balanced Fund-3,NBF3,7.55
2023-07-16,Nabil Balanced Fund-3,NBF3,7.68
2023-07-13,Nabil Balanced Fund-3,NBF3,7.16
2023-07-17,Nabil Bank Limited,NABIL,607.0
2023-07-16,Nabil Bank Limited,NABIL,595.0
2023-07-13,Nabil Bank Limited,NABIL,574.3
2023-07-17,Nabil Debenture 2085,NBLD85,826.2
2023-07-16,Nabil Debenture 2085,NBLD85,850.0
2023-07-13,Nabil Debenture 2085,NBLD85,826.7
2023-07-17,Nabil Equity Fund,NEF,9.54
2023-07-16,Nabil Equity Fund,NEF,9.72
2023-07-13,Nabil Equity Fund,NEF,9.58
2023-07-17,Nadep Laghubittiya bittya Sanstha Ltd.,NADEP,600.1
2023-07-16,Nadep Laghubittiya bittya Sanstha Ltd.,NADEP,610.0
2023-07-13,Nadep Laghubittiya bittya Sanstha Ltd.,NADEP,630.0
2023-07-17,Narayani Development Bank Limited,NABBC,422.2
2023-07-16,Narayani Development Bank Limited,NABBC,405.5
2023-07-13,Narayani Development Bank Limited,NABBC,409.0
2023-07-17,National Hydro Power Company Limited,NHPC,181.0
2023-07-16,National Hydro Power Company Limited,NHPC,180.5
2023-07-13,National Hydro Power Company Limited,NHPC,185.7
2023-07-17,National Life Insurance Co. Ltd.,NLICL,646.0
2023-07-16,National Life Insurance Co. Ltd.,NLICL,640.0
2023-07-13,National Life Insurance Co. Ltd.,NLICL,661.0
2023-07-13,National Microfinance Laghubitta Bittiya Sanstha Limited,NMFBS,1380.0
2023-07-13,Naya Sarathi Laghubitta Bittiya Sanstha Limited,NSLB,701.9
2023-07-17,Neco Insurance Limited,NIL,892.0
2023-07-16,Neco Insurance Limited,NIL,909.0
2023-07-13,Neco Insurance Limited,NIL,924.0
2023-07-17,Nepal Bank Limited,NBL,250.0
2023-07-16,Nepal Bank Limited,NBL,249.7
2023-07-13,Nepal Bank Limited,NBL,245.3
2023-07-17,Nepal Doorsanchar Company Limited,NTC,916.9
2023-07-16,Nepal Doorsanchar Company Limited,NTC,902.3
2023-07-13,Nepal Doorsanchar Company Limited,NTC,919.0
2023-07-17,Nepal Finance Ltd.,NFS,358.0
2023-07-16,Nepal Finance Ltd.,NFS,360.0
2023-07-13,Nepal Finance Ltd.,NFS,360.0
2023-07-17,Nepal Hydro Developers Ltd.,NHDL,380.0
2023-07-16,Nepal Hydro Developers Ltd.,NHDL,382.7
2023-07-13,Nepal Hydro Developers Ltd.,NHDL,396.6
2023-07-17,Nepal Infrastructure Bank Limited,NIFRA,225.0
2023-07-16,Nepal Infrastructure Bank Limited,NIFRA,218.0
2023-07-13,Nepal Infrastructure Bank Limited,NIFRA,218.0
2023-07-17,Nepal Insurance Co. Ltd.,NICL,810.1
2023-07-16,Nepal Insurance Co. Ltd.,NICL,833.0
2023-07-13,Nepal Insurance Co. Ltd.,NICL,862.0
2023-07-17,Nepal Investment Mega Bank Limited,NIMB,174.0
2023-07-16,Nepal Investment Mega Bank Limited,NIMB,175.0
2023-07-13,Nepal Investment Mega Bank Limited,NIMB,170.4
2023-07-17,Nepal Investment Mega Bank Ltd. Promoter Share,NIMBPO,150.9
2023-07-16,Nepal Investment Mega Bank Ltd. Promoter Share,NIMBPO,150.9
2023-07-13,Nepal Investment Mega Bank Ltd. Promoter Share,NIMBPO,149.9
2023-07-17,Nepal Life Insurance Co. Ltd.,NLIC,742.1
2023-07-16,Nepal Life Insurance Co. Ltd.,NLIC,754.0
2023-07-13,Nepal Life Insurance Co. Ltd.,NLIC,750.0
2023-07-16,Nepal Lube Oil Limited,NLO,261.0
2023-07-17,Nepal Reinsurance Company Limited,NRIC,740.0
2023-07-16,Nepal Reinsurance Company Limited,NRIC,745.0
2023-07-13,Nepal Reinsurance Company Limited,NRIC,746.5
2023-07-17,Nepal SBI Bank Limited,SBI,345.5
2023-07-16,Nepal SBI Bank Limited,SBI,344.9
2023-07-13,Nepal SBI Bank Limited,SBI,342.0
2023-07-17,Nerude Laghubitta Bittiya Sanstha Limited,NLBBL,693.9
2023-07-16,Nerude Laghubitta Bittiya Sanstha Limited,NLBBL,688.0
2023-07-13,Nerude Laghubitta Bittiya Sanstha Limited,NLBBL,687.4
2023-07-17,Ngadi Group Power Ltd.,NGPL,238.5
2023-07-16,Ngadi Group Power Ltd.,NGPL,241.8
2023-07-13,Ngadi Group Power Ltd.,NGPL,243.7
2023-07-17,Nirdhan Utthan Laghubitta Bittiya Sanstha Limited,NUBL,762.0
2023-07-16,Nirdhan Utthan Laghubitta Bittiya Sanstha Limited,NUBL,728.0
2023-07-13,Nirdhan Utthan Laghubitta Bittiya Sanstha Limited,NUBL,748.0
2023-07-17,Nyadi Hydropower Limited,NYADI,260.0
2023-07-16,Nyadi Hydropower Limited,NYADI,260.1
2023-07-13,Nyadi Hydropower Limited,NYADI,279.3
2023-07-17,Oriental Hotels Limited,OHL,790.0
2023-07-16,Oriental Hotels Limited,OHL,786.5
2023-07-13,Oriental Hotels Limited,OHL,799.0
2023-07-17,Panchakanya Mai Hydropower Ltd,PMHPL,204.0
2023-07-16,Panchakanya Mai Hydropower Ltd,PMHPL,207.0
2023-07-13,Panchakanya Mai Hydropower Ltd,PMHPL,212.0
2023-07-17,Panchthar Power Compant Limited,PPCL,268.0
2023-07-16,Panchthar Power Compant Limited,PPCL,270.0
2023-07-13,Panchthar Power Compant Limited,PPCL,269.0
2023-07-17,People's Power Limited,PPL,245.0
2023-07-16,People's Power Limited,PPL,251.9
2023-07-13,People's Power Limited,PPL,258.0
2023-07-17,Peoples Hydropower Company Limited,PHCL,328.3
2023-07-16,Peoples Hydropower Company Limited,PHCL,319.0
2023-07-13,Peoples Hydropower Company Limited,PHCL,333.0
2023-07-17,Pokhara Finance Ltd.,PFL,391.0
2023-07-16,Pokhara Finance Ltd.,PFL,395.1
2023-07-13,Pokhara Finance Ltd.,PFL,405.0
2023-07-17,Prabhu  Bank Limited,PRVU,162.0
2023-07-16,Prabhu  Bank Limited,PRVU,162.0
2023-07-13,Prabhu  Bank Limited,PRVU,161.0
2023-07-16,Prabhu  Bank Limited Promoter Share,PRVUPO,115.0
2023-07-13,Prabhu  Bank Limited Promoter Share,PRVUPO,112.0
2023-07-17,Prabhu Insurance Ltd.,PRIN,743.2
2023-07-16,Prabhu Insurance Ltd.,PRIN,754.8
2023-07-13,Prabhu Insurance Ltd.,PRIN,772.0
2023-07-13,Prabhu Life Insurance Limited,PLI,609.9
2023-07-17,Prabhu Select Fund,PSF,9.02
2023-07-16,Prabhu Select Fund,PSF,9.31
2023-07-13,Prabhu Select Fund,PSF,9.24
2023-07-17,Prabhu Smart Fund,PRSF,9.71
2023-07-16,Prabhu Smart Fund,PRSF,9.33
2023-07-13,Prabhu Smart Fund,PRSF,8.76
2023-07-17,Prime Commercial Bank Ltd.,PCBL,194.0
2023-07-16,Prime Commercial Bank Ltd.,PCBL,191.7
2023-07-13,Prime Commercial Bank Ltd.,PCBL,188.6
2023-07-13,Prime Commercial Bank Promoter Share,PCBLP,147.0
2023-07-17,Progressive Finance Limited,PROFL,400.8
2023-07-16,Progressive Finance Limited,PROFL,415.0
2023-07-13,Progressive Finance Limited,PROFL,422.0
2023-07-17,RASUWAGADHI HYDROPOWER COMPANY LIMITED,RHPL,295.0
2023-07-16,RASUWAGADHI HYDROPOWER COMPANY LIMITED,RHPL,302.0
2023-07-13,RASUWAGADHI HYDROPOWER COMPANY LIMITED,RHPL,310.0
2023-07-17,RBB Mutual Fund 1,RMF1,8.08
2023-07-16,RBB Mutual Fund 1,RMF1,7.98
2023-07-13,RBB Mutual Fund 1,RMF1,7.65
2023-07-17,RSDC Laghubitta Bittiya Sanstha Ltd.,RSDC,602.1
2023-07-16,RSDC Laghubitta Bittiya Sanstha Ltd.,RSDC,628.0
2023-07-13,RSDC Laghubitta Bittiya Sanstha Ltd.,RSDC,631.0
2023-07-17,Radhi Bidyut Company Ltd,RADHI,234.0
2023-07-16,Radhi Bidyut Company Ltd,RADHI,235.0
2023-07-13,Radhi Bidyut Company Ltd,RADHI,249.9
2023-07-17,Rapti Hydro And General Construction Limited,RHGCL,242.1
2023-07-16,Rapti Hydro And General Construction Limited,RHGCL,243.6
2023-07-13,Rapti Hydro And General Construction Limited,RHGCL,260.0
2023-07-13,Rastra Utthan Laghubitta Sanstha Limited,RULB,775.0
2023-07-17,Rastriya Beema Company Limited,RBCL,16000.0
2023-07-16,Rastriya Beema Company Limited,RBCL,15490.0
2023-07-13,Rastriya Beema Company Limited,RBCL,15115.0
2023-07-16,Rastriya Beema Company Limited Promoter Share,RBCLPO,14209.1
2023-07-13,Rastriya Beema Company Limited Promoter Share,RBCLPO,13600.0
2023-07-17,Rawa Energy Development Limited,RAWA,346.2
2023-07-16,Rawa Energy Development Limited,RAWA,357.0
2023-07-13,Rawa Energy Development Limited,RAWA,360.0
2023-07-17,Reliance Finance Ltd.,RLFL,379.0
2023-07-16,Reliance Finance Ltd.,RLFL,378.4
2023-07-13,Reliance Finance Ltd.,RLFL,385.0
2023-07-13,Reliance Finance Ltd. Promoter Share,RLFLPO,215.0
2023-07-17,Ridi Power Company Limited,RIDI,247.7
2023-07-16,Ridi Power Company Limited,RIDI,243.7
2023-07-13,Ridi Power Company Limited,RIDI,253.0
2023-07-17,River Falls Power Limited,RFPL,245.0
2023-07-16,River Falls Power Limited,RFPL,248.0
2023-07-13,River Falls Power Limited,RFPL,257.8
2023-07-17,Ru Ru Jalbidhyut Pariyojana Limited,RURU,793.5
2023-07-16,Ru Ru Jalbidhyut Pariyojana Limited,RURU,775.1
2023-07-13,Ru Ru Jalbidhyut Pariyojana Limited,RURU,815.0
2023-07-17,SANJEN JALAVIDHYUT COMPANY LIMITED,SJCL,296.0
2023-07-16,SANJEN JALAVIDHYUT COMPANY LIMITED,SJCL,297.0
2023-07-13,SANJEN JALAVIDHYUT COMPANY LIMITED,SJCL,302.2
2023-07-17,SHIVAM CEMENTS LTD,SHIVM,652.0
2023-07-16,SHIVAM CEMENTS LTD,SHIVM,655.0
2023-07-13,SHIVAM CEMENTS LTD,SHIVM,673.2
2023-07-17,Sabaiko Laghubitta Bittiya Sanstha Limited,SABSL,730.0
2023-07-16,Sabaiko Laghubitta Bittiya Sanstha Limited,SABSL,740.0
2023-07-13,Sabaiko Laghubitta Bittiya Sanstha Limited,SABSL,750.0
2023-07-17,Sadhana Laghubitta Bittiya Sanstha Limited,SDLBSL,732.0
2023-07-16,Sadhana Laghubitta Bittiya Sanstha Limited,SDLBSL,740.0
2023-07-13,Sadhana Laghubitta Bittiya Sanstha Limited,SDLBSL,750.0
2023-07-17,Sagarmatha Jalabidhyut Company Limited,SMJC,254.0
2023-07-16,Sagarmatha Jalabidhyut Company Limited,SMJC,250.2
2023-07-13,Sagarmatha Jalabidhyut Company Limited,SMJC,260.0
2023-07-17,Sagarmatha Lumbini Insurance Co. Limited,SALICO,760.0
2023-07-16,Sagarmatha Lumbini Insurance Co. Limited,SALICO,750.0
2023-07-13,Sagarmatha Lumbini Insurance Co. Limited,SALICO,751.0
2023-07-17,Sahas Urja Limited,SAHAS,476.0
2023-07-16,Sahas Urja Limited,SAHAS,489.0
2023-07-13,Sahas Urja Limited,SAHAS,490.0
2023-07-17,Salt Trading Corporation,STC,4990.0
2023-07-16,Salt Trading Corporation,STC,4910.0
2023-07-13,Salt Trading Corporation,STC,4903.0
2023-07-17,Samaj Laghubittya Bittiya Sanstha Limited,SAMAJ,72.1
2023-07-17,Samata Gharelu Laghubitta Bittiya Sanstha Limited,SMATA,700.0
2023-07-16,Samata Gharelu Laghubitta Bittiya Sanstha Limited,SMATA,691.5
2023-07-13,Samata Gharelu Laghubitta Bittiya Sanstha Limited,SMATA,680.0
2023-07-17,Samling Power Company Limited,SPC,396.2
2023-07-16,Samling Power Company Limited,SPC,406.7
2023-07-13,Samling Power Company Limited,SPC,431.0
2023-07-17,Samriddhi Finance Company Limited,SFCL,323.0
2023-07-16,Samriddhi Finance Company Limited,SFCL,322.1
2023-07-13,Samriddhi Finance Company Limited,SFCL,342.7
2023-07-17,Samudayik Laghubitta Bittiya Sanstha Limited,SLBSL,950.0
2023-07-16,Samudayik Laghubitta Bittiya Sanstha Limited,SLBSL,916.3
2023-07-13,Samudayik Laghubitta Bittiya Sanstha Limited,SLBSL,901.0
2023-07-17,Sanima Bank Limited,SANIMA,264.0
2023-07-16,Sanima Bank Limited,SANIMA,256.0
2023-07-13,Sanima Bank Limited,SANIMA,260.0
2023-07-17,Sanima Equity Fund,SAEF,11.58
2023-07-16,Sanima Equity Fund,SAEF,11.35
2023-07-13,Sanima Equity Fund,SAEF,11.1
2023-07-17,Sanima GIC Insurance Limited,SGIC,650.0
2023-07-16,Sanima GIC Insurance Limited,SGIC,650.0
2023-07-13,Sanima GIC Insurance Limited,SGIC,670.0
2023-07-17,Sanima Growth Fund,SAGF,9.8
2023-07-16,Sanima Growth Fund,SAGF,8.91
2023-07-13,Sanima Growth Fund,SAGF,8.59
2023-07-17,Sanima Large Cap Fund,SLCF,8.75
2023-07-16,Sanima Large Cap Fund,SLCF,8.43
2023-07-13,Sanima Large Cap Fund,SLCF,7.82
2023-07-17,Sanima Mai Hydropower Ltd.,SHPC,356.0
2023-07-16,Sanima Mai Hydropower Ltd.,SHPC,359.0
2023-07-13,Sanima Mai Hydropower Ltd.,SHPC,371.7
2023-07-17,Sanima Middle Tamor Hydropower Limited,TAMOR,281.0
2023-07-16,Sanima Middle Tamor Hydropower Limited,TAMOR,282.0
2023-07-13,Sanima Middle Tamor Hydropower Limited,TAMOR,302.0
2023-07-17,Sanima Reliance Life Insurance Limited,SRLI,550.0
2023-07-16,Sanima Reliance Life Insurance Limited,SRLI,548.0
2023-07-13,Sanima Reliance Life Insurance Limited,SRLI,568.0
2023-07-17,Saptakoshi Development Bank Ltd,SAPDBL,253.1
2023-07-16,Saptakoshi Development Bank Ltd,SAPDBL,260.0
2023-07-13,Saptakoshi Development Bank Ltd,SAPDBL,274.0
2023-07-17,Sayapatri Hydropower Limited,SPHL,357.7
2023-07-16,Sayapatri Hydropower Limited,SPHL,368.5
2023-07-13,Sayapatri Hydropower Limited,SPHL,387.5
2023-07-16,Shangri-la Development Bank Debenture 2087,SDBD87,864.5
2023-07-13,Shangri-la Development Bank Debenture 2087,SDBD87,847.6
2023-07-17,Shangrila Development Bank Ltd.,SADBL,325.0
2023-07-16,Shangrila Development Bank Ltd.,SADBL,328.0
2023-07-13,Shangrila Development Bank Ltd.,SADBL,333.0
2023-07-17,Shikhar Insurance Co. Ltd.,SICL,842.0
2023-07-16,Shikhar Insurance Co. Ltd.,SICL,862.0
2023-07-13,Shikhar Insurance Co. Ltd.,SICL,873.0
2023-07-17,Shine Resunga Development Bank Ltd.,SHINE,389.0
2023-07-16,Shine Resunga Development Bank Ltd.,SHINE,392.0
2023-07-13,Shine Resunga Development Bank Ltd.,SHINE,394.5
2023-07-17,Shiva Shree Hydropower Ltd,SSHL,184.0
2023-07-16,Shiva Shree Hydropower Ltd,SSHL,187.0
2023-07-13,Shiva Shree Hydropower Ltd,SSHL,190.7
2023-07-17,Shree Investment Finance Co. Ltd.,SIFC,382.0
2023-07-16,Shree Investment Finance Co. Ltd.,SIFC,384.0
2023-07-13,Shree Investment Finance Co. Ltd.,SIFC,394.0
2023-07-17,Shrijanshil Laghubitta Bittiya Sanstha Limited,SHLB,1166.0
2023-07-16,Shrijanshil Laghubitta Bittiya Sanstha Limited,SHLB,1130.0
2023-07-13,Shrijanshil Laghubitta Bittiya Sanstha Limited,SHLB,1142.4
2023-07-17,Shuvam Power Limited,SPL,793.8
2023-07-16,Shuvam Power Limited,SPL,783.1
2023-07-13,Shuvam Power Limited,SPL,787.0
2023-07-17,Siddhartha Bank Limited,SBL,253.1
2023-07-16,Siddhartha Bank Limited,SBL,247.0
2023-07-13,Siddhartha Bank Limited,SBL,248.0
2023-07-17,Siddhartha Equity Fund,SEF,9.25
2023-07-16,Siddhartha Equity Fund,SEF,8.9
2023-07-13,Siddhartha Equity Fund,SEF,8.89
2023-07-17,Siddhartha Investment Growth Scheme - 2,SIGS2,8.85
2023-07-16,Siddhartha Investment Growth Scheme - 2,SIGS2,8.52
2023-07-13,Siddhartha Investment Growth Scheme - 2,SIGS2,8.99
2023-07-17,Siddhartha Premier Insurance Limited,SPIL,777.0
2023-07-16,Siddhartha Premier Insurance Limited,SPIL,777.0
2023-07-13,Siddhartha Premier Insurance Limited,SPIL,775.0
2023-07-17,Sikles Hydropower Limited,SIKLES,380.0
2023-07-16,Sikles Hydropower Limited,SIKLES,392.0
2023-07-13,Sikles Hydropower Limited,SIKLES,400.0
2023-07-17,Sindhu Bikash Bank Ltd,SINDU,284.0
2023-07-16,Sindhu Bikash Bank Ltd,SINDU,291.0
2023-07-13,Sindhu Bikash Bank Ltd,SINDU,290.0
2023-07-17,Singati Hydro Energy Limited,SHEL,275.0
2023-07-16,Singati Hydro Energy Limited,SHEL,289.0
2023-07-13,Singati Hydro Energy Limited,SHEL,279.0
2023-07-17,Soaltee Hotel Limited,SHL,488.0
2023-07-16,Soaltee Hotel Limited,SHL,494.0
2023-07-13,Soaltee Hotel Limited,SHL,475.0
2023-07-17,Standard Chartered Bank Limited,SCB,533.0
2023-07-16,Standard Chartered Bank Limited,SCB,539.4
2023-07-13,Standard Chartered Bank Limited,SCB,539.0
2023-07-13,Summit Laghubitta Bittiya Sanstha Limited,SMFDB,1002.9
2023-07-13,Sunrise Bank Limited,SRBL,170.0
2023-07-17,Sunrise Bluechip Fund,SBCF,8.0
2023-07-16,Sunrise Bluechip Fund,SBCF,7.79
2023-07-13,Sunrise Bluechip Fund,SBCF,8.0
2023-07-17,Sunrise First Mutual Fund,SFMF,10.91
2023-07-16,Sunrise First Mutual Fund,SFMF,10.9
2023-07-13,Sunrise First Mutual Fund,SFMF,10.75
2023-07-17,Sunrise Focused Equity Fund,SFEF,9.68
2023-07-16,Sunrise Focused Equity Fund,SFEF,8.97
2023-07-13,Sunrise Focused Equity Fund,SFEF,8.5
2023-07-17,Super Madi Hydropower Limited,SMHL,413.6
2023-07-16,Super Madi Hydropower Limited,SMHL,392.0
2023-07-13,Super Madi Hydropower Limited,SMHL,409.0
2023-07-17,Super Mai Hydropower Limited,SMH,554.0
2023-07-16,Super Mai Hydropower Limited,SMH,545.0
2023-07-13,Super Mai Hydropower Limited,SMH,550.0
2023-07-17,Support Microfinance Bittiya Sanstha Ltd.,SMB,956.0
2023-07-16,Support Microfinance Bittiya Sanstha Ltd.,SMB,937.1
2023-07-13,Support Microfinance Bittiya Sanstha Ltd.,SMB,966.0
2023-07-17,SuryaJyoti Life Insurance Company Limited,SJLIC,610.0
2023-07-16,SuryaJyoti Life Insurance Company Limited,SJLIC,623.8
2023-07-13,SuryaJyoti Life Insurance Company Limited,SJLIC,630.0
2023-07-17,Suryodaya Womi Laghubitta Bittiya Sanstha Limited,SWMF,733.0
2023-07-16,Suryodaya Womi Laghubitta Bittiya Sanstha Limited,SWMF,726.0
2023-07-13,Suryodaya Womi Laghubitta Bittiya Sanstha Limited,SWMF,743.0
2023-07-17,Swabalamban Laghubitta Bittiya Sanstha Limited,SWBBL,898.0
2023-07-16,Swabalamban Laghubitta Bittiya Sanstha Limited,SWBBL,883.0
2023-07-13,Swabalamban Laghubitta Bittiya Sanstha Limited,SWBBL,892.5
2023-07-17,Swabhimaan Laghubitta Bittiya Sanstha Limited,SMFBS,1150.0
2023-07-16,Swabhimaan Laghubitta Bittiya Sanstha Limited,SMFBS,1152.0
2023-07-13,Swabhimaan Laghubitta Bittiya Sanstha Limited,SMFBS,1176.0
2023-07-17,Swarojgar Laghu Bitta Bikas Bank Ltd.,SLBBL,691.0
2023-07-16,Swarojgar Laghu Bitta Bikas Bank Ltd.,SLBBL,705.0
2023-07-13,Swarojgar Laghu Bitta Bikas Bank Ltd.,SLBBL,725.2
2023-07-17,Swet-Ganga Hydropower & Construction Limited ,SGHC,262.0
2023-07-16,Swet-Ganga Hydropower & Construction Limited ,SGHC,268.0
2023-07-13,Swet-Ganga Hydropower & Construction Limited ,SGHC,277.0
2023-07-17,Synergy Power Development Ltd.,SPDL,250.0
2023-07-16,Synergy Power Development Ltd.,SPDL,253.0
2023-07-13,Synergy Power Development Ltd.,SPDL,260.0
2023-07-17,Taragaon Regency Hotel Limited,TRH,775.0
2023-07-16,Taragaon Regency Hotel Limited,TRH,790.0
2023-07-13,Taragaon Regency Hotel Limited,TRH,811.0
2023-07-17,Terhathum Power Company Limited,TPC,370.0
2023-07-16,Terhathum Power Company Limited,TPC,356.0
2023-07-13,Terhathum Power Company Limited,TPC,381.4
2023-07-17,UNIVERSAL POWER COMPANY LTD,UPCL,216.0
2023-07-16,UNIVERSAL POWER COMPANY LTD,UPCL,218.0
2023-07-13,UNIVERSAL POWER COMPANY LTD,UPCL,225.0
2023-07-17,Unilever Nepal Limited,UNL,32338.1
2023-07-16,Unilever Nepal Limited,UNL,32890.0
2023-07-13,Unilever Nepal Limited,UNL,32700.0
2023-07-17,Union Hydropower Limited,UNHPL,199.9
2023-07-16,Union Hydropower Limited,UNHPL,204.9
2023-07-13,Union Hydropower Limited,UNHPL,210.0
2023-07-17,Unique Nepal Laghubitta Bittiya Sanstha Limited,UNLB,1292.0
2023-07-16,Unique Nepal Laghubitta Bittiya Sanstha Limited,UNLB,1350.0
2023-07-13,Unique Nepal Laghubitta Bittiya Sanstha Limited,UNLB,1320.0
2023-07-17,United Ajod Insurance Limited,UAIL,518.9
2023-07-17,United IDI Mardi RB Hydropower Limited.,UMRH,430.7
2023-07-16,United IDI Mardi RB Hydropower Limited.,UMRH,440.0
2023-07-13,United IDI Mardi RB Hydropower Limited.,UMRH,450.1
2023-07-17,United Modi Hydropower Ltd.,UMHL,212.1
2023-07-16,United Modi Hydropower Ltd.,UMHL,219.3
2023-07-13,United Modi Hydropower Ltd.,UMHL,225.0
2023-07-17,Unnati Sahakarya Laghubitta Bittiya Sanstha Limited,USLB,838.0
2023-07-16,Unnati Sahakarya Laghubitta Bittiya Sanstha Limited,USLB,821.9
2023-07-13,Unnati Sahakarya Laghubitta Bittiya Sanstha Limited,USLB,820.0
2023-07-17,Upakar Laghubitta Bittiya Sanstha Limited,ULBSL,1385.0
2023-07-16,Upakar Laghubitta Bittiya Sanstha Limited,ULBSL,1407.0
2023-07-13,Upakar Laghubitta Bittiya Sanstha Limited,ULBSL,1428.0
2023-07-17,Upper Hewakhola Hydropower Company Limited,UHEWA,303.0
2023-07-16,Upper Hewakhola Hydropower Company Limited,UHEWA,303.1
2023-07-13,Upper Hewakhola Hydropower Company Limited,UHEWA,321.0
2023-07-17,Upper Solu Hydro Electric Company Limited,USHEC,252.0
2023-07-16,Upper Solu Hydro Electric Company Limited,USHEC,260.0
2023-07-13,Upper Solu Hydro Electric Company Limited,USHEC,269.7
2023-07-17,Upper Tamakoshi Hydropower Ltd,UPPER,425.0
2023-07-16,Upper Tamakoshi Hydropower Ltd,UPPER,437.5
2023-07-13,Upper Tamakoshi Hydropower Ltd,UPPER,438.7
2023-07-13,Vijaya laghubitta Bittiya Sanstha Ltd.,VLBS,721.0
2023-07-17,Wean Nepal Laghubitta Bittiya Sanstha Limited,WNLB,800.0
2023-07-16,Wean Nepal Laghubitta Bittiya Sanstha Limited,WNLB,805.0
2023-07-13,Wean Nepal Laghubitta Bittiya Sanstha Limited,WNLB,805.8
