BUSINESS_DATE,SECURITY_NAME,SYMBOL,TOTAL_TRADES
2023-07-16,10 % NMB DEBENTURE 2085,NMBD2085,1
2023-07-13,10 % NMB DEBENTURE 2085,NMBD2085,5
2023-07-16,10% Laxmi Bank Debenture 2086,LBLD86,1
2023-07-13,10% Laxmi Bank Debenture 2086,LBLD86,1
2023-07-16,10% Nabil Debenture 2082,NBLD82,1
2023-07-13,10% Nabil Debenture 2082,NBLD82,2
2023-07-13,10% Nepal SBI Bank Debenture 2086,SBIBD86,1
2023-07-16,10% Prabhu Bank Debenture 2084 ,PBLD84,1
2023-07-13,10% Prabhu Bank Debenture 2084 ,PBLD84,6
2023-07-17,10% Prime Debenture 2088,PBD88,8
2023-07-16,10% Prime Debenture 2088,PBD88,7
2023-07-13,10% Prime Debenture 2088,PBD88,13
2023-07-16,10% Sanima Bank Limited Debenture,SAND2085,1
2023-07-13,10% Sunrise Debenture 2080,SRD80,1
2023-07-13,10.25% GLOBAL IME BANK LTD. DEBENTURE 2080/81,GBD80/81,3
2023-07-17,10.25% KBL Debenture 2086,KBLD86,2
2023-07-16,10.25% Machhapuchhre Bank Debenture 2085,MBLD2085,16
2023-07-16,10.25% NBBL Debenture 2085,NBBD2085,6
2023-07-13,10.25% NBBL Debenture 2085,NBBD2085,1
2023-07-16,10.25% NIC Asia Debenture 2083/84,NICD83/84,1
2023-07-13,10.25% NIC Asia Debenture 2083/84,NICD83/84,1
2023-07-16,10.25% Nepal SBI Bank Debenture 2083,SBID83,1
2023-07-16,10.25% Prabhu Bank  Debenture 2086,PBLD86,3
2023-07-13,10.25% SBL Debenture 2083,SBLD83,6
2023-07-13,10.25% Sunrise Bank Debenture 2083,SRBLD83,1
2023-07-16,10.35% Agricultural Bank Debenture 2083,ADBLD83,14
2023-07-13,10.35% Agricultural Bank Debenture 2083,ADBLD83,1
2023-07-16,10.5 % NEPAL INVESTMENT DEBENTURE 2082,NIBD2082,18
2023-07-13,10.5 % NEPAL INVESTMENT DEBENTURE 2082,NIBD2082,3
2023-07-16,10.50% SBL Debenture 2082,SBLD2082,4
2023-07-13,10.50% SBL Debenture 2082,SBLD2082,1
2023-07-16,11% NIC Asia Debenture 082/83,NICAD8283,13
2023-07-13,11% NIC Asia Debenture 082/83,NICAD8283,2
2023-07-16,12 % Goodwill Finance Limited Debenture 2083,GWFD83,5
2023-07-13,12 % Goodwill Finance Limited Debenture 2083,GWFD83,7
2023-07-16,12% ICFC Finance Limited Debenture 2083,ICFCD83,3
2023-07-13,12% ICFC Finance Limited Debenture 2083,ICFCD83,3
2023-07-17,8.5% BOK Debenture 2086,BOKD86,5
2023-07-16,8.5% BOK Debenture 2086,BOKD86,2
2023-07-16,8.5% Laxmi Bank Debenture 2088,LBLD88,2
2023-07-13,8.5% Nepal Bank Debenture 2087,NBLD87,6
2023-07-17,8.5% Nepal Investment Bank Debenture 2084,NIBD84,3
2023-07-16,8.5% Nepal Investment Bank Debenture 2084,NIBD84,1
2023-07-13,8.5% Nepal Investment Bank Debenture 2084,NIBD84,3
2023-07-16,8.5% Prabhu Bank Debenture 2087,PBLD87,1
2023-07-13,8.5% Prabhu Bank Debenture 2087,PBLD87,1
2023-07-17,8.5% SBL Debenture 2084,SBLD84,1
2023-07-16,8.5% Sanima Debenture 2087,SBD87,1
2023-07-13,8.5% Sanima Debenture 2087,SBD87,2
2023-07-16,9.5% Manjushree Finance Limited Debenture 2085,MFLD85,2
2023-07-13,9.5% Manjushree Finance Limited Debenture 2085,MFLD85,7
2023-07-17,Aarambha Chautari Laghubitta Bittiya Sanstha Limited,ACLBSL,66
2023-07-16,Aarambha Chautari Laghubitta Bittiya Sanstha Limited,ACLBSL,31
2023-07-13,Aarambha Chautari Laghubitta Bittiya Sanstha Limited,ACLBSL,71
2023-07-17,Aatmanirbhar Laghubitta Bittiya Sanstha Limited,ANLB,92
2023-07-16,Aatmanirbhar Laghubitta Bittiya Sanstha Limited,ANLB,52
2023-07-13,Aatmanirbhar Laghubitta Bittiya Sanstha Limited,ANLB,85
2023-07-17,Agricultural Development Bank Limited,ADBL,284
2023-07-16,Agricultural Development Bank Limited,ADBL,195
2023-07-13,Agricultural Development Bank Limited,ADBL,192
2023-07-17,Ankhu Khola Jalvidhyut Company Ltd,AKJCL,91
2023-07-16,Ankhu Khola Jalvidhyut Company Ltd,AKJCL,103
2023-07-13,Ankhu Khola Jalvidhyut Company Ltd,AKJCL,197
2023-07-17,Api Power Company Ltd.,API,371
2023-07-16,Api Power Company Ltd.,API,315
2023-07-13,Api Power Company Ltd.,API,662
2023-07-17,Arun Kabeli Power Ltd.,AKPL,454
2023-07-16,Arun Kabeli Power Ltd.,AKPL,326
2023-07-13,Arun Kabeli Power Ltd.,AKPL,650
2023-07-17,Arun Valley Hydropower Development Co. Ltd.,AHPC,246
2023-07-16,Arun Valley Hydropower Development Co. Ltd.,AHPC,204
2023-07-13,Arun Valley Hydropower Development Co. Ltd.,AHPC,529
2023-07-17,Asha Laghubitta Bittiya Sanstha Ltd,ALBSL,45
2023-07-16,Asha Laghubitta Bittiya Sanstha Ltd,ALBSL,19
2023-07-13,Asha Laghubitta Bittiya Sanstha Ltd,ALBSL,51
2023-07-17,Asian Hydropower Limited,AHL,135
2023-07-16,Asian Hydropower Limited,AHL,100
2023-07-13,Asian Hydropower Limited,AHL,142
2023-07-17,Asian Life Insurance Co. Limited,ALICL,214
2023-07-16,Asian Life Insurance Co. Limited,ALICL,213
2023-07-13,Asian Life Insurance Co. Limited,ALICL,361
2023-07-17,Aviyan Laghubitta Bittiya Sanstha Limited,AVYAN,316
2023-07-16,Aviyan Laghubitta Bittiya Sanstha Limited,AVYAN,97
2023-07-13,Aviyan Laghubitta Bittiya Sanstha Limited,AVYAN,163
2023-07-17,BPW Laghubitta Bittiya Sanstha Limited,BPW,89
2023-07-16,BPW Laghubitta Bittiya Sanstha Limited,BPW,57
2023-07-13,BPW Laghubitta Bittiya Sanstha Limited,BPW,62
2023-07-17,Balephi Hydropower Limited,BHL,101
2023-07-16,Balephi Hydropower Limited,BHL,102
2023-07-13,Balephi Hydropower Limited,BHL,125
2023-07-17,Barahi Hydropower Public Limited,BHPL,61
2023-07-16,Barahi Hydropower Public Limited,BHPL,56
2023-07-13,Barahi Hydropower Public Limited,BHPL,61
2023-07-17,Barun Hydropower Co. Ltd.,BARUN,108
2023-07-16,Barun Hydropower Co. Ltd.,BARUN,76
2023-07-13,Barun Hydropower Co. Ltd.,BARUN,253
2023-07-17,Best Finance Company Ltd.,BFC,152
2023-07-16,Best Finance Company Ltd.,BFC,86
2023-07-13,Best Finance Company Ltd.,BFC,184
2023-07-17,Bhugol Energy Development Company Limited,BEDC,386
2023-07-16,Bhugol Energy Development Company Limited,BEDC,292
2023-07-13,Bhugol Energy Development Company Limited,BEDC,331
2023-07-17,Bindhyabasini Hydropower Development Company Limited,BHDC,78
2023-07-16,Bindhyabasini Hydropower Development Company Limited,BHDC,105
2023-07-13,Bindhyabasini Hydropower Development Company Limited,BHDC,130
2023-07-17,Bishal Bazar Company Limited,BBC,20
2023-07-16,Bishal Bazar Company Limited,BBC,7
2023-07-13,Bishal Bazar Company Limited,BBC,9
2023-07-17,Bottlers Nepal (Terai) Limited,BNT,4
2023-07-13,Bottlers Nepal (Terai) Limited,BNT,3
2023-07-17,Buddha Bhumi Nepal Hydropower Company Limited,BNHC,46
2023-07-16,Buddha Bhumi Nepal Hydropower Company Limited,BNHC,42
2023-07-13,Buddha Bhumi Nepal Hydropower Company Limited,BNHC,70
2023-07-17,Butwal Power Company Limited,BPCL,98
2023-07-16,Butwal Power Company Limited,BPCL,97
2023-07-13,Butwal Power Company Limited,BPCL,127
2023-07-17,CEDB Hydropower Development Company Limited,CHDC,220
2023-07-16,CEDB Hydropower Development Company Limited,CHDC,138
2023-07-13,CEDB Hydropower Development Company Limited,CHDC,267
2023-07-16,CITIZENS MUTUAL FUND 2,CMF2,43
2023-07-13,CITIZENS MUTUAL FUND 2,CMF2,21
2023-07-17,CYC Nepal Laghubitta Bittiya Sanstha Limited,CYCL,288
2023-07-16,CYC Nepal Laghubitta Bittiya Sanstha Limited,CYCL,275
2023-07-13,CYC Nepal Laghubitta Bittiya Sanstha Limited,CYCL,325
2023-07-17,Central Finance Co. Ltd.,CFCL,161
2023-07-16,Central Finance Co. Ltd.,CFCL,94
2023-07-13,Central Finance Co. Ltd.,CFCL,256
2023-07-16,Century Debenture 2088,CCBD88,1
2023-07-13,Century Debenture 2088,CCBD88,3
2023-07-17,Chandragiri Hills Limited,CGH,146
2023-07-16,Chandragiri Hills Limited,CGH,36
2023-07-13,Chandragiri Hills Limited,CGH,67
2023-07-17,Chhimek Laghubitta Bittiya Sanstha Limited,CBBL,307
2023-07-16,Chhimek Laghubitta Bittiya Sanstha Limited,CBBL,237
2023-07-13,Chhimek Laghubitta Bittiya Sanstha Limited,CBBL,286
2023-07-17,Chhyangdi Hydropower Ltd.,CHL,46
2023-07-16,Chhyangdi Hydropower Ltd.,CHL,21
2023-07-13,Chhyangdi Hydropower Ltd.,CHL,66
2023-07-17,Chilime Hydropower Company Limited,CHCL,164
2023-07-16,Chilime Hydropower Company Limited,CHCL,163
2023-07-13,Chilime Hydropower Company Limited,CHCL,297
2023-07-17,Citizen Investment Trust,CIT,290
2023-07-16,Citizen Investment Trust,CIT,313
2023-07-13,Citizen Investment Trust,CIT,423
2023-07-17,Citizens Bank International Limited,CZBIL,284
2023-07-16,Citizens Bank International Limited,CZBIL,121
2023-07-13,Citizens Bank International Limited,CZBIL,146
2023-07-17,Citizens Mutual Fund -1,CMF1,7
2023-07-16,Citizens Mutual Fund -1,CMF1,19
2023-07-13,Citizens Mutual Fund -1,CMF1,7
2023-07-17,City Hotel Limited,CITY,1207
2023-07-16,City Hotel Limited,CITY,936
2023-07-13,City Hotel Limited,CITY,1765
2023-07-16,Civil Bank Debenture 2088,CBLD88,13
2023-07-13,Civil Bank Debenture 2088,CBLD88,5
2023-07-17,Civil Laghubitta Bittiya Sanstha Ltd.,CLBSL,42
2023-07-16,Civil Laghubitta Bittiya Sanstha Ltd.,CLBSL,21
2023-07-13,Civil Laghubitta Bittiya Sanstha Ltd.,CLBSL,34
2023-07-17,Corporate Development Bank Limited,CORBL,147
2023-07-16,Corporate Development Bank Limited,CORBL,119
2023-07-13,Corporate Development Bank Limited,CORBL,112
2023-07-13,Deprosc LaghuBitta Promoter Share,DDBLPO,1
2023-07-17,Deprosc Laghubitta Bittiya Sanstha Limited,DDBL,124
2023-07-16,Deprosc Laghubitta Bittiya Sanstha Limited,DDBL,116
2023-07-13,Deprosc Laghubitta Bittiya Sanstha Limited,DDBL,231
2023-07-17,Dibyashwori Hydropower Ltd.,DHPL,40
2023-07-16,Dibyashwori Hydropower Ltd.,DHPL,33
2023-07-13,Dibyashwori Hydropower Ltd.,DHPL,72
2023-07-17,Dolti Power Company Limited,DOLTI,316
2023-07-16,Dolti Power Company Limited,DOLTI,284
2023-07-13,Dolti Power Company Limited,DOLTI,294
2023-07-17,Dordi Khola Jal Bidyut Company Limited,DORDI,114
2023-07-16,Dordi Khola Jal Bidyut Company Limited,DORDI,156
2023-07-13,Dordi Khola Jal Bidyut Company Limited,DORDI,160
2023-07-17,Eastern Hydropower Limited,EHPL,88
2023-07-16,Eastern Hydropower Limited,EHPL,59
2023-07-13,Eastern Hydropower Limited,EHPL,71
2023-07-17,Emerging Nepal Limited,ENL,61
2023-07-16,Emerging Nepal Limited,ENL,43
2023-07-13,Emerging Nepal Limited,ENL,45
2023-07-17,Everest Bank Limited,EBL,361
2023-07-16,Everest Bank Limited,EBL,175
2023-07-16,Everest Bank Limited,EBLD86,3
2023-07-13,Everest Bank Limited,EBL,251
2023-07-13,Everest Bank Limited,EBLD86,5
2023-07-17,Excel Development Bank Ltd.,EDBL,106
2023-07-16,Excel Development Bank Ltd.,EDBL,76
2023-07-13,Excel Development Bank Ltd.,EDBL,110
2023-07-17,First Micro Finance Laghubitta Bittiya Sanstha Limited,FMDBL,180
2023-07-16,First Micro Finance Laghubitta Bittiya Sanstha Limited,FMDBL,185
2023-07-13,First Micro Finance Laghubitta Bittiya Sanstha Limited,FMDBL,462
2023-07-17,Forward Microfinance Laghubitta Bittiya Sanstha Limited,FOWAD,117
2023-07-16,Forward Microfinance Laghubitta Bittiya Sanstha Limited,FOWAD,101
2023-07-13,Forward Microfinance Laghubitta Bittiya Sanstha Limited,FOWAD,177
2023-07-17,Ganapati Laghubitta Bittiya Sanstha Limited,GMFBS,11
2023-07-16,Ganapati Laghubitta Bittiya Sanstha Limited,GMFBS,12
2023-07-13,Ganapati Laghubitta Bittiya Sanstha Limited,GMFBS,18
2023-07-17,Garima Bikas Bank Limited,GBBL,558
2023-07-16,Garima Bikas Bank Limited,GBBL,232
2023-07-13,Garima Bikas Bank Limited,GBBL,293
2023-07-17,Ghalemdi Hydro Limited,GHL,101
2023-07-16,Ghalemdi Hydro Limited,GHL,78
2023-07-13,Ghalemdi Hydro Limited,GHL,135
2023-07-17,Global IME Balanced Fund-1,GIBF1,15
2023-07-16,Global IME Balanced Fund-1,GIBF1,18
2023-07-13,Global IME Balanced Fund-1,GIBF1,17
2023-07-17,Global IME Bank Limited,GBIME,645
2023-07-16,Global IME Bank Limited,GBIME,499
2023-07-13,Global IME Bank Limited,GBIME,517
2023-07-16,Global IME Bank Limited Debenture 2086/87,GBILD86/87,5
2023-07-13,Global IME Bank Limited Debenture 2086/87,GBILD86/87,2
2023-07-13,Global IME Bank Ltd. Promoter Share,GBIMEP,2
2023-07-17,Global IME Laghubitta Bittiya Sanstha Ltd.,GILB,158
2023-07-16,Global IME Laghubitta Bittiya Sanstha Ltd.,GILB,123
2023-07-13,Global IME Laghubitta Bittiya Sanstha Ltd.,GILB,88
2023-07-17,Goodwill Finance Limited,GFCL,114
2023-07-16,Goodwill Finance Limited,GFCL,61
2023-07-13,Goodwill Finance Limited,GFCL,128
2023-07-17,Grameen Bikas Laghubitta Bittiya Sanstha Ltd.,GBLBS,149
2023-07-16,Grameen Bikas Laghubitta Bittiya Sanstha Ltd.,GBLBS,126
2023-07-13,Grameen Bikas Laghubitta Bittiya Sanstha Ltd.,GBLBS,111
2023-07-17,Green Development Bank Ltd.,GRDBL,86
2023-07-16,Green Development Bank Ltd.,GRDBL,29
2023-07-13,Green Development Bank Ltd.,GRDBL,86
2023-07-17,Green Ventures Limited,GVL,262
2023-07-16,Green Ventures Limited,GVL,268
2023-07-13,Green Ventures Limited,GVL,259
2023-07-17,GreenLife Hydropower Limited,GLH,103
2023-07-16,GreenLife Hydropower Limited,GLH,62
2023-07-13,GreenLife Hydropower Limited,GLH,216
2023-07-17,Guheshowori Merchant Bank & Finance Co. Ltd.,GMFIL,281
2023-07-16,Guheshowori Merchant Bank & Finance Co. Ltd.,GMFIL,126
2023-07-13,Guheshowori Merchant Bank & Finance Co. Ltd.,GMFIL,190
2023-07-17,Gurans Laghubitta Bittiya Sanstha Limited,GLBSL,8
2023-07-16,Gurans Laghubitta Bittiya Sanstha Limited,GLBSL,10
2023-07-13,Gurans Laghubitta Bittiya Sanstha Limited,GLBSL,15
2023-07-17,Gurkhas Finance Ltd.,GUFL,196
2023-07-16,Gurkhas Finance Ltd.,GUFL,262
2023-07-13,Gurkhas Finance Ltd.,GUFL,281
2023-07-17,Himal Dolakha Hydropower Company Limited,HDHPC,197
2023-07-16,Himal Dolakha Hydropower Company Limited,HDHPC,181
2023-07-13,Himal Dolakha Hydropower Company Limited,HDHPC,504
2023-07-17,Himalaya Urja Bikas Company Limited,HURJA,178
2023-07-16,Himalaya Urja Bikas Company Limited,HURJA,83
2023-07-13,Himalaya Urja Bikas Company Limited,HURJA,176
2023-07-17,Himalayan Bank Limited,HBL,258
2023-07-16,Himalayan Bank Limited,HBL,171
2023-07-13,Himalayan Bank Limited,HBL,156
2023-07-17,Himalayan Distillery Limited,HDL,431
2023-07-16,Himalayan Distillery Limited,HDL,427
2023-07-13,Himalayan Distillery Limited,HDL,771
2023-07-17,Himalayan Everest Insurance Limited,HEI,169
2023-07-16,Himalayan Everest Insurance Limited,HEI,113
2023-07-13,Himalayan Everest Insurance Limited,HEI,195
2023-07-17,Himalayan Everest Insurance Limited Promoter,HEIP,4
2023-07-16,Himalayan Everest Insurance Limited Promoter,HEIP,35
2023-07-13,Himalayan Everest Insurance Limited Promoter,HEIP,15
2023-07-17,Himalayan Hydropower Limited,HHL,163
2023-07-16,Himalayan Hydropower Limited,HHL,120
2023-07-13,Himalayan Hydropower Limited,HHL,161
2023-07-17,Himalayan Life Insurance Limited,HLI,1331
2023-07-16,Himalayan Life Insurance Limited,HLI,1500
2023-07-13,Himalayan Life Insurance Limited,HLI,2091
2023-07-17,Himalayan Power Partner Ltd.,HPPL,83
2023-07-16,Himalayan Power Partner Ltd.,HPPL,59
2023-07-13,Himalayan Power Partner Ltd.,HPPL,177
2023-07-17,Hydorelectricity Investment and Development Company Limited Promoter,HIDCLP,110
2023-07-16,Hydorelectricity Investment and Development Company Limited Promoter,HIDCLP,53
2023-07-13,Hydorelectricity Investment and Development Company Limited Promoter,HIDCLP,102
2023-07-17,Hydorelectricity Investment and Development Company Ltd,HIDCL,464
2023-07-16,Hydorelectricity Investment and Development Company Ltd,HIDCL,296
2023-07-13,Hydorelectricity Investment and Development Company Ltd,HIDCL,532
2023-07-17,ICFC Finance Limited,ICFC,277
2023-07-16,ICFC Finance Limited,ICFC,229
2023-07-13,ICFC Finance Limited,ICFC,366
2023-07-17,IGI Prudential insurance Limited,IGI,425
2023-07-16,IGI Prudential insurance Limited,IGI,289
2023-07-13,IGI Prudential insurance Limited,IGI,485
2023-07-17,Infinity Laghubitta Bittiya Sanstha Limited,ILBS,41
2023-07-16,Infinity Laghubitta Bittiya Sanstha Limited,ILBS,37
2023-07-13,Infinity Laghubitta Bittiya Sanstha Limited,ILBS,57
2023-07-17,Ingwa Hydropower Limited,IHL,363
2023-07-16,Ingwa Hydropower Limited,IHL,290
2023-07-13,Ingwa Hydropower Limited,IHL,317
2023-07-17,Jalpa Samudayik Laghubitta Bittiya Sanstha Limited,JALPA,40
2023-07-16,Jalpa Samudayik Laghubitta Bittiya Sanstha Limited,JALPA,33
2023-07-13,Jalpa Samudayik Laghubitta Bittiya Sanstha Limited,JALPA,30
2023-07-17,Janaki Finance Company Limited,JFL,158
2023-07-16,Janaki Finance Company Limited,JFL,91
2023-07-13,Janaki Finance Company Limited,JFL,123
2023-07-17,Janautthan Samudayic Laghubitta Bittya Sanstha Limited,JSLBB,28
2023-07-16,Janautthan Samudayic Laghubitta Bittya Sanstha Limited,JSLBB,33
2023-07-13,Janautthan Samudayic Laghubitta Bittya Sanstha Limited,JSLBB,46
2023-07-17,Jeevan Bikas Laghubitta  Bittya Sanstha Ltd,JBLB,160
2023-07-16,Jeevan Bikas Laghubitta  Bittya Sanstha Ltd,JBLB,133
2023-07-13,Jeevan Bikas Laghubitta  Bittya Sanstha Ltd,JBLB,139
2023-07-17,Joshi Hydropower Development Company Ltd,JOSHI,103
2023-07-16,Joshi Hydropower Development Company Ltd,JOSHI,70
2023-07-13,Joshi Hydropower Development Company Ltd,JOSHI,148
2023-07-17,Jyoti Bikas Bank Limited,JBBL,343
2023-07-16,Jyoti Bikas Bank Limited,JBBL,177
2023-07-13,Jyoti Bikas Bank Limited,JBBL,290
2023-07-16,Jyoti Bikash  Bank Ltd. Promoter Share,JBBLPO,1
2023-07-17,Kalika Laghubitta Bittiya Sanstha Ltd,KMCDB,36
2023-07-16,Kalika Laghubitta Bittiya Sanstha Ltd,KMCDB,44
2023-07-13,Kalika Laghubitta Bittiya Sanstha Ltd,KMCDB,104
2023-07-17,Kalika power Company Ltd,KPCL,33
2023-07-16,Kalika power Company Ltd,KPCL,18
2023-07-13,Kalika power Company Ltd,KPCL,39
2023-07-17,Kalinchowk Darshan Limited,KDL,284
2023-07-16,Kalinchowk Darshan Limited,KDL,242
2023-07-13,Kalinchowk Darshan Limited,KDL,255
2023-07-17,Kamana Sewa Bikas Bank Limited,KSBBL,295
2023-07-16,Kamana Sewa Bikas Bank Limited,KSBBL,93
2023-07-13,Kamana Sewa Bikas Bank Limited,KSBBL,217
2023-07-17,Karnali Development Bank Limited,KRBL,96
2023-07-16,Karnali Development Bank Limited,KRBL,39
2023-07-13,Karnali Development Bank Limited,KRBL,97
2023-07-17,Khanikhola Hydropower Co. Ltd.,KKHC,40
2023-07-16,Khanikhola Hydropower Co. Ltd.,KKHC,42
2023-07-13,Khanikhola Hydropower Co. Ltd.,KKHC,58
2023-07-17,Kisan Lagubitta Bittiya Sanstha Limited,KLBSL,12
2023-07-16,Kisan Lagubitta Bittiya Sanstha Limited,KLBSL,9
2023-07-13,Kisan Lagubitta Bittiya Sanstha Limited,KLBSL,20
2023-07-17,Kumari Bank Limited,KBL,725
2023-07-16,Kumari Bank Limited,KBL,453
2023-07-13,Kumari Bank Limited,KBL,386
2023-07-16,Kumari Bank Limited Promotor Share,KBLPO,2
2023-07-17,Kumari Dhanabriddhi Yojana,KDBY,70
2023-07-16,Kumari Dhanabriddhi Yojana,KDBY,8
2023-07-13,Kumari Dhanabriddhi Yojana,KDBY,12
2023-07-17,Kumari Equity Fund,KEF,1
2023-07-16,Kumari Equity Fund,KEF,87
2023-07-13,Kumari Equity Fund,KEF,41
2023-07-13,Laxmi Bank Limited,LBL,110
2023-07-17,Laxmi Equity Fund,LEMF,8
2023-07-16,Laxmi Equity Fund,LEMF,8
2023-07-13,Laxmi Equity Fund,LEMF,27
2023-07-17,Laxmi Laghubitta Bittiya Sanstha Ltd.,LLBS,20
2023-07-16,Laxmi Laghubitta Bittiya Sanstha Ltd.,LLBS,16
2023-07-13,Laxmi Laghubitta Bittiya Sanstha Ltd.,LLBS,41
2023-07-17,Laxmi Unnati Kosh,LUK,10
2023-07-16,Laxmi Unnati Kosh,LUK,8
2023-07-13,Laxmi Unnati Kosh,LUK,15
2023-07-17,Liberty Energy Company Limited,LEC,76
2023-07-16,Liberty Energy Company Limited,LEC,72
2023-07-13,Liberty Energy Company Limited,LEC,215
2023-07-17,Life Insurance Corporation (Nepal) Limited,LICN,45
2023-07-16,Life Insurance Corporation (Nepal) Limited,LICN,63
2023-07-13,Life Insurance Corporation (Nepal) Limited,LICN,71
2023-07-17,Lumbini Bikas Bank Ltd.,LBBL,527
2023-07-16,Lumbini Bikas Bank Ltd.,LBBL,218
2023-07-13,Lumbini Bikas Bank Ltd.,LBBL,274
2023-07-17,Machhapuchhre Bank Limited,MBL,213
2023-07-16,Machhapuchhre Bank Limited,MBL,104
2023-07-13,Machhapuchhre Bank Limited,MBL,117
2023-07-17,Madhya Bhotekoshi Jalavidyut Company Limited,MBJC,484
2023-07-16,Madhya Bhotekoshi Jalavidyut Company Limited,MBJC,382
2023-07-13,Madhya Bhotekoshi Jalavidyut Company Limited,MBJC,340
2023-07-17,Mahalaxmi Bikas Bank Ltd.,MLBL,300
2023-07-16,Mahalaxmi Bikas Bank Ltd.,MLBL,144
2023-07-13,Mahalaxmi Bikas Bank Ltd.,MLBL,206
2023-07-16,Mahalxmi Bikas Bank Ltd. Promotor Share,MLBLPO,1
2023-07-17,Mahila Lagubitta Bittiya Sanstha Limited ,MLBSL,50
2023-07-16,Mahila Lagubitta Bittiya Sanstha Limited ,MLBSL,26
2023-07-13,Mahila Lagubitta Bittiya Sanstha Limited ,MLBSL,49
2023-07-17,Mahuli Laghubitta Bittiya Sanstha Limited,MSLB,24
2023-07-16,Mahuli Laghubitta Bittiya Sanstha Limited,MSLB,16
2023-07-13,Mahuli Laghubitta Bittiya Sanstha Limited,MSLB,15
2023-07-17,Mai Khola Hydropower Limited,MKHL,320
2023-07-16,Mai Khola Hydropower Limited,MKHL,278
2023-07-13,Mai Khola Hydropower Limited,MKHL,305
2023-07-17,Mailung Khola Jal Vidhyut Company Limited,MKJC,25
2023-07-16,Mailung Khola Jal Vidhyut Company Limited,MKJC,26
2023-07-13,Mailung Khola Jal Vidhyut Company Limited,MKJC,54
2023-07-17,Makar Jitumaya Suri Hydropower Limited,MAKAR,287
2023-07-16,Makar Jitumaya Suri Hydropower Limited,MAKAR,264
2023-07-13,Makar Jitumaya Suri Hydropower Limited,MAKAR,301
2023-07-17,Manakamana Smart Laghubitta Bittiya Sanstha Limited,MKLB,28
2023-07-16,Manakamana Smart Laghubitta Bittiya Sanstha Limited,MKLB,31
2023-07-13,Manakamana Smart Laghubitta Bittiya Sanstha Limited,MKLB,21
2023-07-17,Mandakini Hydropower Limited,MHL,87
2023-07-16,Mandakini Hydropower Limited,MHL,87
2023-07-13,Mandakini Hydropower Limited,MHL,90
2023-07-17,Manjushree Finance Ltd.,MFIL,282
2023-07-16,Manjushree Finance Ltd.,MFIL,222
2023-07-13,Manjushree Finance Ltd.,MFIL,421
2023-07-17,Manushi Laghubitta Bittiya Sanstha Limited,MLBS,24
2023-07-16,Manushi Laghubitta Bittiya Sanstha Limited,MLBS,15
2023-07-13,Manushi Laghubitta Bittiya Sanstha Limited,MLBS,28
2023-07-17,Maya Khola Hydropower Company Limited,MKHC,269
2023-07-16,Maya Khola Hydropower Company Limited,MKHC,297
2023-07-13,Maya Khola Hydropower Company Limited,MKHC,253
2023-07-17,Mega Mutual Fund -1,MMF1,43
2023-07-16,Mega Mutual Fund -1,MMF1,79
2023-07-13,Mega Mutual Fund -1,MMF1,68
2023-07-17,Menchhiyam Hydropower Limited,MCHL,337
2023-07-16,Menchhiyam Hydropower Limited,MCHL,254
2023-07-13,Menchhiyam Hydropower Limited,MCHL,247
2023-07-17,Mero Microfinance Bittiya Sanstha Ltd.,MERO,88
2023-07-16,Mero Microfinance Bittiya Sanstha Ltd.,MERO,49
2023-07-13,Mero Microfinance Bittiya Sanstha Ltd.,MERO,137
2023-07-17,Mirmire Laghubitta Bittya Sanstha Limited,MMFDB,37
2023-07-16,Mirmire Laghubitta Bittya Sanstha Limited,MMFDB,23
2023-07-13,Mirmire Laghubitta Bittya Sanstha Limited,MMFDB,54
2023-07-17,Miteri Development Bank Limited,MDB,46
2023-07-16,Miteri Development Bank Limited,MDB,61
2023-07-13,Miteri Development Bank Limited,MDB,105
2023-07-17,Mithila LaghuBitta Bittiya Sanstha Limited,MLBBL,23
2023-07-16,Mithila LaghuBitta Bittiya Sanstha Limited,MLBBL,22
2023-07-13,Mithila LaghuBitta Bittiya Sanstha Limited,MLBBL,42
2023-07-17,Modi Energy Limited,MEL,3169
2023-07-16,Modi Energy Limited,MEL,2475
2023-07-13,Modi Energy Limited,MEL,3614
2023-07-17,Molung Hydropower Company Limited,MHCL,397
2023-07-16,Molung Hydropower Company Limited,MHCL,300
2023-07-13,Molung Hydropower Company Limited,MHCL,334
2023-07-17,Mountain Energy Nepal Limited,MEN,108
2023-07-16,Mountain Energy Nepal Limited,MEN,90
2023-07-13,Mountain Energy Nepal Limited,MEN,213
2023-07-17,Mountain Hydro Nepal Limited,MHNL,76
2023-07-16,Mountain Hydro Nepal Limited,MHNL,105
2023-07-13,Mountain Hydro Nepal Limited,MHNL,128
2023-07-17,Muktinath Bikas Bank Ltd.,MNBBL,354
2023-07-16,Muktinath Bikas Bank Ltd.,MNBBL,168
2023-07-13,Muktinath Bikas Bank Ltd.,MNBBL,243
2023-07-17,Multipurpose Finance Company  Limited,MPFL,316
2023-07-16,Multipurpose Finance Company  Limited,MPFL,116
2023-07-13,Multipurpose Finance Company  Limited,MPFL,191
2023-07-17,NABIL BALANCED FUND-2,NBF2,12
2023-07-16,NABIL BALANCED FUND-2,NBF2,23
2023-07-13,NABIL BALANCED FUND-2,NBF2,9
2023-07-17,NESDO Sambridha Laghubitta Bittiya Sanstha Limited,NESDO,95
2023-07-16,NESDO Sambridha Laghubitta Bittiya Sanstha Limited,NESDO,55
2023-07-13,NESDO Sambridha Laghubitta Bittiya Sanstha Limited,NESDO,99
2023-07-16,NIBL Growth Fund,NIBLGF,19
2023-07-13,NIBL Growth Fund,NIBLGF,11
2023-07-17,NIBL Pragati Fund,NIBLPF,16
2023-07-16,NIBL Pragati Fund,NIBLPF,11
2023-07-13,NIBL Pragati Fund,NIBLPF,25
2023-07-17,NIBL Samriddhi Fund -2,NIBSF2,3
2023-07-16,NIBL Samriddhi Fund -2,NIBSF2,16
2023-07-13,NIBL Samriddhi Fund -2,NIBSF2,67
2023-07-17,NIC ASIA Laghubitta Bittiya Sanstha Limited,NICLBSL,143
2023-07-16,NIC ASIA Laghubitta Bittiya Sanstha Limited,NICLBSL,110
2023-07-13,NIC ASIA Laghubitta Bittiya Sanstha Limited,NICLBSL,226
2023-07-17,NIC Asia Balanced Fund,NICBF,8
2023-07-16,NIC Asia Balanced Fund,NICBF,21
2023-07-13,NIC Asia Balanced Fund,NICBF,8
2023-07-17,NIC Asia Bank Ltd.,NICA,423
2023-07-16,NIC Asia Bank Ltd.,NICA,372
2023-07-13,NIC Asia Bank Ltd.,NICA,299
2023-07-16,NIC Asia Flexi CAP Fund,NICFC,6
2023-07-13,NIC Asia Flexi CAP Fund,NICFC,30
2023-07-17,NIC Asia Growth Fund,NICGF,7
2023-07-16,NIC Asia Growth Fund,NICGF,9
2023-07-13,NIC Asia Growth Fund,NICGF,10
2023-07-17,NIC Asia Select Fund 30,NICSF,18
2023-07-16,NIC Asia Select Fund 30,NICSF,39
2023-07-13,NIC Asia Select Fund 30,NICSF,28
2023-07-17,NLG Insurance Company Ltd.,NLG,115
2023-07-16,NLG Insurance Company Ltd.,NLG,178
2023-07-13,NLG Insurance Company Ltd.,NLG,271
2023-07-17,NMB  Microfinance Bittiya Sanstha Ltd.,NMBMF,38
2023-07-16,NMB  Microfinance Bittiya Sanstha Ltd.,NMBMF,22
2023-07-13,NMB  Microfinance Bittiya Sanstha Ltd.,NMBMF,34
2023-07-17,NMB 50,NMB50,5
2023-07-16,NMB 50,NMB50,8
2023-07-13,NMB 50,NMB50,6
2023-07-17,NMB Bank Limited,NMB,306
2023-07-16,NMB Bank Limited,NMB,209
2023-07-13,NMB Bank Limited,NMB,184
2023-07-17,NMB Debenture 8.50% - 2087/88,NMBD87/88,1
2023-07-13,NMB Debenture 8.50% - 2087/88,NMBD87/88,1
2023-07-17,NMB Hybrid Fund L-1,NMBHF1,15
2023-07-16,NMB Hybrid Fund L-1,NMBHF1,5
2023-07-13,NMB Hybrid Fund L-1,NMBHF1,10
2023-07-17,NMB Sulav Investment Fund - 2,NSIF2,18
2023-07-16,NMB Sulav Investment Fund - 2,NSIF2,11
2023-07-13,NMB Sulav Investment Fund - 2,NSIF2,19
2023-07-17,NRN Infrastructure and Development Limited,NRN,182
2023-07-16,NRN Infrastructure and Development Limited,NRN,166
2023-07-13,NRN Infrastructure and Development Limited,NRN,149
2023-07-17,Nabil Balanced Fund-3,NBF3,48
2023-07-16,Nabil Balanced Fund-3,NBF3,44
2023-07-13,Nabil Balanced Fund-3,NBF3,37
2023-07-17,Nabil Bank Limited,NABIL,907
2023-07-16,Nabil Bank Limited,NABIL,714
2023-07-13,Nabil Bank Limited,NABIL,733
2023-07-17,Nabil Debenture 2085,NBLD85,7
2023-07-16,Nabil Debenture 2085,NBLD85,3
2023-07-13,Nabil Debenture 2085,NBLD85,2
2023-07-17,Nabil Equity Fund,NEF,5
2023-07-16,Nabil Equity Fund,NEF,11
2023-07-13,Nabil Equity Fund,NEF,8
2023-07-17,Nadep Laghubittiya bittya Sanstha Ltd.,NADEP,71
2023-07-16,Nadep Laghubittiya bittya Sanstha Ltd.,NADEP,48
2023-07-13,Nadep Laghubittiya bittya Sanstha Ltd.,NADEP,98
2023-07-17,Narayani Development Bank Limited,NABBC,17
2023-07-16,Narayani Development Bank Limited,NABBC,18
2023-07-13,Narayani Development Bank Limited,NABBC,46
2023-07-17,National Hydro Power Company Limited,NHPC,239
2023-07-16,National Hydro Power Company Limited,NHPC,222
2023-07-13,National Hydro Power Company Limited,NHPC,615
2023-07-17,National Life Insurance Co. Ltd.,NLICL,157
2023-07-16,National Life Insurance Co. Ltd.,NLICL,154
2023-07-13,National Life Insurance Co. Ltd.,NLICL,197
2023-07-13,National Microfinance Laghubitta Bittiya Sanstha Limited,NMFBS,32
2023-07-13,Naya Sarathi Laghubitta Bittiya Sanstha Limited,NSLB,19
2023-07-17,Neco Insurance Limited,NIL,97
2023-07-16,Neco Insurance Limited,NIL,109
2023-07-13,Neco Insurance Limited,NIL,146
2023-07-17,Nepal Bank Limited,NBL,400
2023-07-16,Nepal Bank Limited,NBL,265
2023-07-13,Nepal Bank Limited,NBL,425
2023-07-17,Nepal Doorsanchar Company Limited,NTC,392
2023-07-16,Nepal Doorsanchar Company Limited,NTC,318
2023-07-13,Nepal Doorsanchar Company Limited,NTC,528
2023-07-17,Nepal Finance Ltd.,NFS,351
2023-07-16,Nepal Finance Ltd.,NFS,297
2023-07-13,Nepal Finance Ltd.,NFS,419
2023-07-17,Nepal Hydro Developers Ltd.,NHDL,40
2023-07-16,Nepal Hydro Developers Ltd.,NHDL,24
2023-07-13,Nepal Hydro Developers Ltd.,NHDL,79
2023-07-17,Nepal Infrastructure Bank Limited,NIFRA,960
2023-07-16,Nepal Infrastructure Bank Limited,NIFRA,833
2023-07-13,Nepal Infrastructure Bank Limited,NIFRA,796
2023-07-17,Nepal Insurance Co. Ltd.,NICL,185
2023-07-16,Nepal Insurance Co. Ltd.,NICL,212
2023-07-13,Nepal Insurance Co. Ltd.,NICL,199
2023-07-17,Nepal Investment Mega Bank Limited,NIMB,781
2023-07-16,Nepal Investment Mega Bank Limited,NIMB,453
2023-07-13,Nepal Investment Mega Bank Limited,NIMB,473
2023-07-17,Nepal Investment Mega Bank Ltd. Promoter Share,NIMBPO,16
2023-07-16,Nepal Investment Mega Bank Ltd. Promoter Share,NIMBPO,14
2023-07-13,Nepal Investment Mega Bank Ltd. Promoter Share,NIMBPO,27
2023-07-17,Nepal Life Insurance Co. Ltd.,NLIC,451
2023-07-16,Nepal Life Insurance Co. Ltd.,NLIC,347
2023-07-13,Nepal Life Insurance Co. Ltd.,NLIC,489
2023-07-16,Nepal Lube Oil Limited,NLO,1
2023-07-17,Nepal Reinsurance Company Limited,NRIC,249
2023-07-16,Nepal Reinsurance Company Limited,NRIC,272
2023-07-13,Nepal Reinsurance Company Limited,NRIC,273
2023-07-17,Nepal SBI Bank Limited,SBI,198
2023-07-16,Nepal SBI Bank Limited,SBI,156
2023-07-13,Nepal SBI Bank Limited,SBI,123
2023-07-17,Nerude Laghubitta Bittiya Sanstha Limited,NLBBL,90
2023-07-16,Nerude Laghubitta Bittiya Sanstha Limited,NLBBL,41
2023-07-13,Nerude Laghubitta Bittiya Sanstha Limited,NLBBL,94
2023-07-17,Ngadi Group Power Ltd.,NGPL,232
2023-07-16,Ngadi Group Power Ltd.,NGPL,305
2023-07-13,Ngadi Group Power Ltd.,NGPL,567
2023-07-17,Nirdhan Utthan Laghubitta Bittiya Sanstha Limited,NUBL,141
2023-07-16,Nirdhan Utthan Laghubitta Bittiya Sanstha Limited,NUBL,117
2023-07-13,Nirdhan Utthan Laghubitta Bittiya Sanstha Limited,NUBL,144
2023-07-17,Nyadi Hydropower Limited,NYADI,108
2023-07-16,Nyadi Hydropower Limited,NYADI,73
2023-07-13,Nyadi Hydropower Limited,NYADI,94
2023-07-17,Oriental Hotels Limited,OHL,215
2023-07-16,Oriental Hotels Limited,OHL,75
2023-07-13,Oriental Hotels Limited,OHL,159
2023-07-17,Panchakanya Mai Hydropower Ltd,PMHPL,43
2023-07-16,Panchakanya Mai Hydropower Ltd,PMHPL,36
2023-07-13,Panchakanya Mai Hydropower Ltd,PMHPL,90
2023-07-17,Panchthar Power Compant Limited,PPCL,82
2023-07-16,Panchthar Power Compant Limited,PPCL,87
2023-07-13,Panchthar Power Compant Limited,PPCL,331
2023-07-17,People's Power Limited,PPL,273
2023-07-16,People's Power Limited,PPL,176
2023-07-13,People's Power Limited,PPL,228
2023-07-17,Peoples Hydropower Company Limited,PHCL,396
2023-07-16,Peoples Hydropower Company Limited,PHCL,478
2023-07-13,Peoples Hydropower Company Limited,PHCL,665
2023-07-17,Pokhara Finance Ltd.,PFL,105
2023-07-16,Pokhara Finance Ltd.,PFL,82
2023-07-13,Pokhara Finance Ltd.,PFL,155
2023-07-17,Prabhu  Bank Limited,PRVU,774
2023-07-16,Prabhu  Bank Limited,PRVU,448
2023-07-13,Prabhu  Bank Limited,PRVU,601
2023-07-16,Prabhu  Bank Limited Promoter Share,PRVUPO,3
2023-07-13,Prabhu  Bank Limited Promoter Share,PRVUPO,3
2023-07-17,Prabhu Insurance Ltd.,PRIN,291
2023-07-16,Prabhu Insurance Ltd.,PRIN,157
2023-07-13,Prabhu Insurance Ltd.,PRIN,144
2023-07-13,Prabhu Life Insurance Limited,PLI,297
2023-07-17,Prabhu Select Fund,PSF,35
2023-07-16,Prabhu Select Fund,PSF,56
2023-07-13,Prabhu Select Fund,PSF,38
2023-07-17,Prabhu Smart Fund,PRSF,5
2023-07-16,Prabhu Smart Fund,PRSF,44
2023-07-13,Prabhu Smart Fund,PRSF,30
2023-07-17,Prime Commercial Bank Ltd.,PCBL,451
2023-07-16,Prime Commercial Bank Ltd.,PCBL,260
2023-07-13,Prime Commercial Bank Ltd.,PCBL,207
2023-07-13,Prime Commercial Bank Promoter Share,PCBLP,1
2023-07-17,Progressive Finance Limited,PROFL,334
2023-07-16,Progressive Finance Limited,PROFL,219
2023-07-13,Progressive Finance Limited,PROFL,334
2023-07-17,RASUWAGADHI HYDROPOWER COMPANY LIMITED,RHPL,131
2023-07-16,RASUWAGADHI HYDROPOWER COMPANY LIMITED,RHPL,123
2023-07-13,RASUWAGADHI HYDROPOWER COMPANY LIMITED,RHPL,223
2023-07-17,RBB Mutual Fund 1,RMF1,13
2023-07-16,RBB Mutual Fund 1,RMF1,35
2023-07-13,RBB Mutual Fund 1,RMF1,48
2023-07-17,RSDC Laghubitta Bittiya Sanstha Ltd.,RSDC,184
2023-07-16,RSDC Laghubitta Bittiya Sanstha Ltd.,RSDC,58
2023-07-13,RSDC Laghubitta Bittiya Sanstha Ltd.,RSDC,150
2023-07-17,Radhi Bidyut Company Ltd,RADHI,129
2023-07-16,Radhi Bidyut Company Ltd,RADHI,194
2023-07-13,Radhi Bidyut Company Ltd,RADHI,385
2023-07-17,Rapti Hydro And General Construction Limited,RHGCL,208
2023-07-16,Rapti Hydro And General Construction Limited,RHGCL,148
2023-07-13,Rapti Hydro And General Construction Limited,RHGCL,149
2023-07-13,Rastra Utthan Laghubitta Sanstha Limited,RULB,101
2023-07-17,Rastriya Beema Company Limited,RBCL,78
2023-07-16,Rastriya Beema Company Limited,RBCL,62
2023-07-13,Rastriya Beema Company Limited,RBCL,44
2023-07-16,Rastriya Beema Company Limited Promoter Share,RBCLPO,72
2023-07-13,Rastriya Beema Company Limited Promoter Share,RBCLPO,54
2023-07-17,Rawa Energy Development Limited,RAWA,494
2023-07-16,Rawa Energy Development Limited,RAWA,569
2023-07-13,Rawa Energy Development Limited,RAWA,1481
2023-07-17,Reliance Finance Ltd.,RLFL,245
2023-07-16,Reliance Finance Ltd.,RLFL,116
2023-07-13,Reliance Finance Ltd.,RLFL,198
2023-07-13,Reliance Finance Ltd. Promoter Share,RLFLPO,1
2023-07-17,Ridi Power Company Limited,RIDI,212
2023-07-16,Ridi Power Company Limited,RIDI,216
2023-07-13,Ridi Power Company Limited,RIDI,438
2023-07-17,River Falls Power Limited,RFPL,245
2023-07-16,River Falls Power Limited,RFPL,164
2023-07-13,River Falls Power Limited,RFPL,222
2023-07-17,Ru Ru Jalbidhyut Pariyojana Limited,RURU,19
2023-07-16,Ru Ru Jalbidhyut Pariyojana Limited,RURU,7
2023-07-13,Ru Ru Jalbidhyut Pariyojana Limited,RURU,23
2023-07-17,SANJEN JALAVIDHYUT COMPANY LIMITED,SJCL,107
2023-07-16,SANJEN JALAVIDHYUT COMPANY LIMITED,SJCL,102
2023-07-13,SANJEN JALAVIDHYUT COMPANY LIMITED,SJCL,145
2023-07-17,SHIVAM CEMENTS LTD,SHIVM,1365
2023-07-16,SHIVAM CEMENTS LTD,SHIVM,1525
2023-07-13,SHIVAM CEMENTS LTD,SHIVM,2144
2023-07-17,Sabaiko Laghubitta Bittiya Sanstha Limited,SABSL,17
2023-07-16,Sabaiko Laghubitta Bittiya Sanstha Limited,SABSL,25
2023-07-13,Sabaiko Laghubitta Bittiya Sanstha Limited,SABSL,49
2023-07-17,Sadhana Laghubitta Bittiya Sanstha Limited,SDLBSL,22
2023-07-16,Sadhana Laghubitta Bittiya Sanstha Limited,SDLBSL,15
2023-07-13,Sadhana Laghubitta Bittiya Sanstha Limited,SDLBSL,28
2023-07-17,Sagarmatha Jalabidhyut Company Limited,SMJC,656
2023-07-16,Sagarmatha Jalabidhyut Company Limited,SMJC,506
2023-07-13,Sagarmatha Jalabidhyut Company Limited,SMJC,626
2023-07-17,Sagarmatha Lumbini Insurance Co. Limited,SALICO,103
2023-07-16,Sagarmatha Lumbini Insurance Co. Limited,SALICO,85
2023-07-13,Sagarmatha Lumbini Insurance Co. Limited,SALICO,147
2023-07-17,Sahas Urja Limited,SAHAS,247
2023-07-16,Sahas Urja Limited,SAHAS,245
2023-07-13,Sahas Urja Limited,SAHAS,300
2023-07-17,Salt Trading Corporation,STC,44
2023-07-16,Salt Trading Corporation,STC,53
2023-07-13,Salt Trading Corporation,STC,41
2023-07-17,Samaj Laghubittya Bittiya Sanstha Limited,SAMAJ,5
2023-07-17,Samata Gharelu Laghubitta Bittiya Sanstha Limited,SMATA,35
2023-07-16,Samata Gharelu Laghubitta Bittiya Sanstha Limited,SMATA,32
2023-07-13,Samata Gharelu Laghubitta Bittiya Sanstha Limited,SMATA,30
2023-07-17,Samling Power Company Limited,SPC,51
2023-07-16,Samling Power Company Limited,SPC,20
2023-07-13,Samling Power Company Limited,SPC,39
2023-07-17,Samriddhi Finance Company Limited,SFCL,199
2023-07-16,Samriddhi Finance Company Limited,SFCL,146
2023-07-13,Samriddhi Finance Company Limited,SFCL,297
2023-07-17,Samudayik Laghubitta Bittiya Sanstha Limited,SLBSL,16
2023-07-16,Samudayik Laghubitta Bittiya Sanstha Limited,SLBSL,4
2023-07-13,Samudayik Laghubitta Bittiya Sanstha Limited,SLBSL,10
2023-07-17,Sanima Bank Limited,SANIMA,632
2023-07-16,Sanima Bank Limited,SANIMA,197
2023-07-13,Sanima Bank Limited,SANIMA,393
2023-07-17,Sanima Equity Fund,SAEF,9
2023-07-16,Sanima Equity Fund,SAEF,17
2023-07-13,Sanima Equity Fund,SAEF,23
2023-07-17,Sanima GIC Insurance Limited,SGIC,251
2023-07-16,Sanima GIC Insurance Limited,SGIC,187
2023-07-13,Sanima GIC Insurance Limited,SGIC,230
2023-07-17,Sanima Growth Fund,SAGF,8
2023-07-16,Sanima Growth Fund,SAGF,38
2023-07-13,Sanima Growth Fund,SAGF,16
2023-07-17,Sanima Large Cap Fund,SLCF,7
2023-07-16,Sanima Large Cap Fund,SLCF,30
2023-07-13,Sanima Large Cap Fund,SLCF,20
2023-07-17,Sanima Mai Hydropower Ltd.,SHPC,138
2023-07-16,Sanima Mai Hydropower Ltd.,SHPC,160
2023-07-13,Sanima Mai Hydropower Ltd.,SHPC,297
2023-07-17,Sanima Middle Tamor Hydropower Limited,TAMOR,635
2023-07-16,Sanima Middle Tamor Hydropower Limited,TAMOR,502
2023-07-13,Sanima Middle Tamor Hydropower Limited,TAMOR,598
2023-07-17,Sanima Reliance Life Insurance Limited,SRLI,595
2023-07-16,Sanima Reliance Life Insurance Limited,SRLI,434
2023-07-13,Sanima Reliance Life Insurance Limited,SRLI,612
2023-07-17,Saptakoshi Development Bank Ltd,SAPDBL,78
2023-07-16,Saptakoshi Development Bank Ltd,SAPDBL,52
2023-07-13,Saptakoshi Development Bank Ltd,SAPDBL,97
2023-07-17,Sayapatri Hydropower Limited,SPHL,71
2023-07-16,Sayapatri Hydropower Limited,SPHL,35
2023-07-13,Sayapatri Hydropower Limited,SPHL,54
2023-07-16,Shangri-la Development Bank Debenture 2087,SDBD87,1
2023-07-13,Shangri-la Development Bank Debenture 2087,SDBD87,2
2023-07-17,Shangrila Development Bank Ltd.,SADBL,259
2023-07-16,Shangrila Development Bank Ltd.,SADBL,88
2023-07-13,Shangrila Development Bank Ltd.,SADBL,134
2023-07-17,Shikhar Insurance Co. Ltd.,SICL,184
2023-07-16,Shikhar Insurance Co. Ltd.,SICL,140
2023-07-13,Shikhar Insurance Co. Ltd.,SICL,198
2023-07-17,Shine Resunga Development Bank Ltd.,SHINE,926
2023-07-16,Shine Resunga Development Bank Ltd.,SHINE,220
2023-07-13,Shine Resunga Development Bank Ltd.,SHINE,461
2023-07-17,Shiva Shree Hydropower Ltd,SSHL,201
2023-07-16,Shiva Shree Hydropower Ltd,SSHL,254
2023-07-13,Shiva Shree Hydropower Ltd,SSHL,633
2023-07-17,Shree Investment Finance Co. Ltd.,SIFC,153
2023-07-16,Shree Investment Finance Co. Ltd.,SIFC,81
2023-07-13,Shree Investment Finance Co. Ltd.,SIFC,173
2023-07-17,Shrijanshil Laghubitta Bittiya Sanstha Limited,SHLB,100
2023-07-16,Shrijanshil Laghubitta Bittiya Sanstha Limited,SHLB,50
2023-07-13,Shrijanshil Laghubitta Bittiya Sanstha Limited,SHLB,50
2023-07-17,Shuvam Power Limited,SPL,152
2023-07-16,Shuvam Power Limited,SPL,98
2023-07-13,Shuvam Power Limited,SPL,155
2023-07-17,Siddhartha Bank Limited,SBL,451
2023-07-16,Siddhartha Bank Limited,SBL,302
2023-07-13,Siddhartha Bank Limited,SBL,164
2023-07-17,Siddhartha Equity Fund,SEF,4
2023-07-16,Siddhartha Equity Fund,SEF,7
2023-07-13,Siddhartha Equity Fund,SEF,16
2023-07-17,Siddhartha Investment Growth Scheme - 2,SIGS2,17
2023-07-16,Siddhartha Investment Growth Scheme - 2,SIGS2,9
2023-07-13,Siddhartha Investment Growth Scheme - 2,SIGS2,26
2023-07-17,Siddhartha Premier Insurance Limited,SPIL,204
2023-07-16,Siddhartha Premier Insurance Limited,SPIL,159
2023-07-13,Siddhartha Premier Insurance Limited,SPIL,260
2023-07-17,Sikles Hydropower Limited,SIKLES,94
2023-07-16,Sikles Hydropower Limited,SIKLES,60
2023-07-13,Sikles Hydropower Limited,SIKLES,115
2023-07-17,Sindhu Bikash Bank Ltd,SINDU,72
2023-07-16,Sindhu Bikash Bank Ltd,SINDU,45
2023-07-13,Sindhu Bikash Bank Ltd,SINDU,73
2023-07-17,Singati Hydro Energy Limited,SHEL,78
2023-07-16,Singati Hydro Energy Limited,SHEL,52
2023-07-13,Singati Hydro Energy Limited,SHEL,100
2023-07-17,Soaltee Hotel Limited,SHL,497
2023-07-16,Soaltee Hotel Limited,SHL,346
2023-07-13,Soaltee Hotel Limited,SHL,767
2023-07-17,Standard Chartered Bank Limited,SCB,225
2023-07-16,Standard Chartered Bank Limited,SCB,187
2023-07-13,Standard Chartered Bank Limited,SCB,143
2023-07-13,Summit Laghubitta Bittiya Sanstha Limited,SMFDB,39
2023-07-13,Sunrise Bank Limited,SRBL,157
2023-07-17,Sunrise Bluechip Fund,SBCF,6
2023-07-16,Sunrise Bluechip Fund,SBCF,28
2023-07-13,Sunrise Bluechip Fund,SBCF,22
2023-07-17,Sunrise First Mutual Fund,SFMF,10
2023-07-16,Sunrise First Mutual Fund,SFMF,9
2023-07-13,Sunrise First Mutual Fund,SFMF,15
2023-07-17,Sunrise Focused Equity Fund,SFEF,18
2023-07-16,Sunrise Focused Equity Fund,SFEF,35
2023-07-13,Sunrise Focused Equity Fund,SFEF,19
2023-07-17,Super Madi Hydropower Limited,SMHL,178
2023-07-16,Super Madi Hydropower Limited,SMHL,234
2023-07-13,Super Madi Hydropower Limited,SMHL,202
2023-07-17,Super Mai Hydropower Limited,SMH,88
2023-07-16,Super Mai Hydropower Limited,SMH,106
2023-07-13,Super Mai Hydropower Limited,SMH,134
2023-07-17,Support Microfinance Bittiya Sanstha Ltd.,SMB,9
2023-07-16,Support Microfinance Bittiya Sanstha Ltd.,SMB,3
2023-07-13,Support Microfinance Bittiya Sanstha Ltd.,SMB,18
2023-07-17,SuryaJyoti Life Insurance Company Limited,SJLIC,409
2023-07-16,SuryaJyoti Life Insurance Company Limited,SJLIC,371
2023-07-13,SuryaJyoti Life Insurance Company Limited,SJLIC,468
2023-07-17,Suryodaya Womi Laghubitta Bittiya Sanstha Limited,SWMF,64
2023-07-16,Suryodaya Womi Laghubitta Bittiya Sanstha Limited,SWMF,36
2023-07-13,Suryodaya Womi Laghubitta Bittiya Sanstha Limited,SWMF,69
2023-07-17,Swabalamban Laghubitta Bittiya Sanstha Limited,SWBBL,276
2023-07-16,Swabalamban Laghubitta Bittiya Sanstha Limited,SWBBL,146
2023-07-13,Swabalamban Laghubitta Bittiya Sanstha Limited,SWBBL,97
2023-07-17,Swabhimaan Laghubitta Bittiya Sanstha Limited,SMFBS,16
2023-07-16,Swabhimaan Laghubitta Bittiya Sanstha Limited,SMFBS,5
2023-07-13,Swabhimaan Laghubitta Bittiya Sanstha Limited,SMFBS,15
2023-07-17,Swarojgar Laghu Bitta Bikas Bank Ltd.,SLBBL,66
2023-07-16,Swarojgar Laghu Bitta Bikas Bank Ltd.,SLBBL,43
2023-07-13,Swarojgar Laghu Bitta Bikas Bank Ltd.,SLBBL,77
2023-07-17,Swet-Ganga Hydropower & Construction Limited ,SGHC,168
2023-07-16,Swet-Ganga Hydropower & Construction Limited ,SGHC,145
2023-07-13,Swet-Ganga Hydropower & Construction Limited ,SGHC,170
2023-07-17,Synergy Power Development Ltd.,SPDL,98
2023-07-16,Synergy Power Development Ltd.,SPDL,93
2023-07-13,Synergy Power Development Ltd.,SPDL,212
2023-07-17,Taragaon Regency Hotel Limited,TRH,216
2023-07-16,Taragaon Regency Hotel Limited,TRH,130
2023-07-13,Taragaon Regency Hotel Limited,TRH,210
2023-07-17,Terhathum Power Company Limited,TPC,44
2023-07-16,Terhathum Power Company Limited,TPC,22
2023-07-13,Terhathum Power Company Limited,TPC,53
2023-07-17,UNIVERSAL POWER COMPANY LTD,UPCL,220
2023-07-16,UNIVERSAL POWER COMPANY LTD,UPCL,143
2023-07-13,UNIVERSAL POWER COMPANY LTD,UPCL,297
2023-07-17,Unilever Nepal Limited,UNL,20
2023-07-16,Unilever Nepal Limited,UNL,4
2023-07-13,Unilever Nepal Limited,UNL,11
2023-07-17,Union Hydropower Limited,UNHPL,102
2023-07-16,Union Hydropower Limited,UNHPL,87
2023-07-13,Union Hydropower Limited,UNHPL,125
2023-07-17,Unique Nepal Laghubitta Bittiya Sanstha Limited,UNLB,124
2023-07-16,Unique Nepal Laghubitta Bittiya Sanstha Limited,UNLB,111
2023-07-13,Unique Nepal Laghubitta Bittiya Sanstha Limited,UNLB,178
2023-07-17,United Ajod Insurance Limited,UAIL,54
2023-07-17,United IDI Mardi RB Hydropower Limited.,UMRH,39
2023-07-16,United IDI Mardi RB Hydropower Limited.,UMRH,28
2023-07-13,United IDI Mardi RB Hydropower Limited.,UMRH,60
2023-07-17,United Modi Hydropower Ltd.,UMHL,115
2023-07-16,United Modi Hydropower Ltd.,UMHL,118
2023-07-13,United Modi Hydropower Ltd.,UMHL,212
2023-07-17,Unnati Sahakarya Laghubitta Bittiya Sanstha Limited,USLB,4
2023-07-16,Unnati Sahakarya Laghubitta Bittiya Sanstha Limited,USLB,3
2023-07-13,Unnati Sahakarya Laghubitta Bittiya Sanstha Limited,USLB,13
2023-07-17,Upakar Laghubitta Bittiya Sanstha Limited,ULBSL,23
2023-07-16,Upakar Laghubitta Bittiya Sanstha Limited,ULBSL,28
2023-07-13,Upakar Laghubitta Bittiya Sanstha Limited,ULBSL,70
2023-07-17,Upper Hewakhola Hydropower Company Limited,UHEWA,104
2023-07-16,Upper Hewakhola Hydropower Company Limited,UHEWA,105
2023-07-13,Upper Hewakhola Hydropower Company Limited,UHEWA,109
2023-07-17,Upper Solu Hydro Electric Company Limited,USHEC,142
2023-07-16,Upper Solu Hydro Electric Company Limited,USHEC,109
2023-07-13,Upper Solu Hydro Electric Company Limited,USHEC,120
2023-07-17,Upper Tamakoshi Hydropower Ltd,UPPER,290
2023-07-16,Upper Tamakoshi Hydropower Ltd,UPPER,304
2023-07-13,Upper Tamakoshi Hydropower Ltd,UPPER,492
2023-07-13,Vijaya laghubitta Bittiya Sanstha Ltd.,VLBS,53
2023-07-17,Wean Nepal Laghubitta Bittiya Sanstha Limited,WNLB,9
2023-07-16,Wean Nepal Laghubitta Bittiya Sanstha Limited,WNLB,3
2023-07-13,Wean Nepal Laghubitta Bittiya Sanstha Limited,WNLB,17
