BUSINESS_DATE,SECURITY_NAME,SYMBOL,TOTAL_TRADED_VALUE
2023-07-16,10 % NMB DEBENTURE 2085,NMBD2085,10010.0
2023-07-13,10 % NMB DEBENTURE 2085,NMBD2085,47609.0
2023-07-16,10% Laxmi Bank Debenture 2086,LBLD86,9727.0
2023-07-13,10% Laxmi Bank Debenture 2086,LBLD86,23842.5
2023-07-16,10% Nabil Debenture 2082,NBLD82,25250.0
2023-07-13,10% Nabil Debenture 2082,NBLD82,34664.0
2023-07-13,10% Nepal SBI Bank Debenture 2086,SBIBD86,9658.0
2023-07-16,10% Prabhu Bank Debenture 2084 ,PBLD84,10908.0
2023-07-13,10% Prabhu Bank Debenture 2084 ,PBLD84,204950.0
2023-07-17,10% Prime Debenture 2088,PBD88,410047.5
2023-07-16,10% Prime Debenture 2088,PBD88,254813.0
2023-07-13,10% Prime Debenture 2088,PBD88,455555.5
2023-07-16,10% Sanima Bank Limited Debenture,SAND2085,11308.0
2023-07-13,10% Sunrise Debenture 2080,SRD80,25500.0
2023-07-13,10.25% GLOBAL IME BANK LTD. DEBENTURE 2080/81,GBD80/81,47310.0
2023-07-17,10.25% KBL Debenture 2086,KBLD86,21472.0
2023-07-16,10.25% Machhapuchhre Bank Debenture 2085,MBLD2085,365450.5
2023-07-16,10.25% NBBL Debenture 2085,NBBD2085,149933.0
2023-07-13,10.25% NBBL Debenture 2085,NBBD2085,11587.0
2023-07-16,10.25% NIC Asia Debenture 2083/84,NICD83/84,10975.0
2023-07-13,10.25% NIC Asia Debenture 2083/84,NICD83/84,10900.0
2023-07-16,10.25% Nepal SBI Bank Debenture 2083,SBID83,25000.0
2023-07-16,10.25% Prabhu Bank  Debenture 2086,PBLD86,28800.0
2023-07-13,10.25% SBL Debenture 2083,SBLD83,84678.0
2023-07-13,10.25% Sunrise Bank Debenture 2083,SRBLD83,10700.0
2023-07-16,10.35% Agricultural Bank Debenture 2083,ADBLD83,558698.0
2023-07-13,10.35% Agricultural Bank Debenture 2083,ADBLD83,10740.0
2023-07-16,10.5 % NEPAL INVESTMENT DEBENTURE 2082,NIBD2082,681876.6
2023-07-13,10.5 % NEPAL INVESTMENT DEBENTURE 2082,NIBD2082,241535.0
2023-07-16,10.50% SBL Debenture 2082,SBLD2082,184344.5
2023-07-13,10.50% SBL Debenture 2082,SBLD2082,10192.0
2023-07-16,11% NIC Asia Debenture 082/83,NICAD8283,671656.5
2023-07-13,11% NIC Asia Debenture 082/83,NICAD8283,38340.0
2023-07-16,12 % Goodwill Finance Limited Debenture 2083,GWFD83,246922.0
2023-07-13,12 % Goodwill Finance Limited Debenture 2083,GWFD83,419724.0
2023-07-16,12% ICFC Finance Limited Debenture 2083,ICFCD83,73762.0
2023-07-13,12% ICFC Finance Limited Debenture 2083,ICFCD83,79864.0
2023-07-17,8.5% BOK Debenture 2086,BOKD86,40959.0
2023-07-16,8.5% BOK Debenture 2086,BOKD86,42552.5
2023-07-16,8.5% Laxmi Bank Debenture 2088,LBLD88,20450.0
2023-07-13,8.5% Nepal Bank Debenture 2087,NBLD87,139039.0
2023-07-17,8.5% Nepal Investment Bank Debenture 2084,NIBD84,33650.0
2023-07-16,8.5% Nepal Investment Bank Debenture 2084,NIBD84,21625.0
2023-07-13,8.5% Nepal Investment Bank Debenture 2084,NIBD84,38049.0
2023-07-16,8.5% Prabhu Bank Debenture 2087,PBLD87,20242.5
2023-07-13,8.5% Prabhu Bank Debenture 2087,PBLD87,11908.5
2023-07-17,8.5% SBL Debenture 2084,SBLD84,12936.0
2023-07-16,8.5% Sanima Debenture 2087,SBD87,8579.0
2023-07-13,8.5% Sanima Debenture 2087,SBD87,33800.0
2023-07-16,9.5% Manjushree Finance Limited Debenture 2085,MFLD85,44072.0
2023-07-13,9.5% Manjushree Finance Limited Debenture 2085,MFLD85,133036.5
2023-07-17,Aarambha Chautari Laghubitta Bittiya Sanstha Limited,ACLBSL,1642561.9
2023-07-16,Aarambha Chautari Laghubitta Bittiya Sanstha Limited,ACLBSL,377783.9
2023-07-13,Aarambha Chautari Laghubitta Bittiya Sanstha Limited,ACLBSL,2242107.9
2023-07-17,Aatmanirbhar Laghubitta Bittiya Sanstha Limited,ANLB,3667047.0
2023-07-16,Aatmanirbhar Laghubitta Bittiya Sanstha Limited,ANLB,2311905.0
2023-07-13,Aatmanirbhar Laghubitta Bittiya Sanstha Limited,ANLB,5237035.6
2023-07-17,Agricultural Development Bank Limited,ADBL,9400800.3
2023-07-16,Agricultural Development Bank Limited,ADBL,10659794.2
2023-07-13,Agricultural Development Bank Limited,ADBL,7214075.8
2023-07-17,Ankhu Khola Jalvidhyut Company Ltd,AKJCL,2472683.1
2023-07-16,Ankhu Khola Jalvidhyut Company Ltd,AKJCL,2247088.1
2023-07-13,Ankhu Khola Jalvidhyut Company Ltd,AKJCL,5885395.9
2023-07-17,Api Power Company Ltd.,API,18734867.4
2023-07-16,Api Power Company Ltd.,API,10200471.9
2023-07-13,Api Power Company Ltd.,API,25827849.7
2023-07-17,Arun Kabeli Power Ltd.,AKPL,23462282.1
2023-07-16,Arun Kabeli Power Ltd.,AKPL,14244291.5
2023-07-13,Arun Kabeli Power Ltd.,AKPL,32198692.2
2023-07-17,Arun Valley Hydropower Development Co. Ltd.,AHPC,11383148.9
2023-07-16,Arun Valley Hydropower Development Co. Ltd.,AHPC,8965534.4
2023-07-13,Arun Valley Hydropower Development Co. Ltd.,AHPC,29018626.3
2023-07-17,Asha Laghubitta Bittiya Sanstha Ltd,ALBSL,1370198.0
2023-07-16,Asha Laghubitta Bittiya Sanstha Ltd,ALBSL,235266.0
2023-07-13,Asha Laghubitta Bittiya Sanstha Ltd,ALBSL,1988193.8
2023-07-17,Asian Hydropower Limited,AHL,871951.0
2023-07-16,Asian Hydropower Limited,AHL,781214.0
2023-07-13,Asian Hydropower Limited,AHL,1483865.7
2023-07-17,Asian Life Insurance Co. Limited,ALICL,30293096.4
2023-07-16,Asian Life Insurance Co. Limited,ALICL,75998881.5
2023-07-13,Asian Life Insurance Co. Limited,ALICL,57922470.4
2023-07-17,Aviyan Laghubitta Bittiya Sanstha Limited,AVYAN,15977231.7
2023-07-16,Aviyan Laghubitta Bittiya Sanstha Limited,AVYAN,1947522.0
2023-07-13,Aviyan Laghubitta Bittiya Sanstha Limited,AVYAN,6875315.7
2023-07-17,BPW Laghubitta Bittiya Sanstha Limited,BPW,2413997.1
2023-07-16,BPW Laghubitta Bittiya Sanstha Limited,BPW,920457.0
2023-07-13,BPW Laghubitta Bittiya Sanstha Limited,BPW,1162868.0
2023-07-17,Balephi Hydropower Limited,BHL,471548.0
2023-07-16,Balephi Hydropower Limited,BHL,837585.0
2023-07-13,Balephi Hydropower Limited,BHL,1994576.9
2023-07-17,Barahi Hydropower Public Limited,BHPL,1033127.0
2023-07-16,Barahi Hydropower Public Limited,BHPL,1028404.1
2023-07-13,Barahi Hydropower Public Limited,BHPL,975475.0
2023-07-17,Barun Hydropower Co. Ltd.,BARUN,3767623.5
2023-07-16,Barun Hydropower Co. Ltd.,BARUN,4224557.0
2023-07-13,Barun Hydropower Co. Ltd.,BARUN,10526667.6
2023-07-17,Best Finance Company Ltd.,BFC,7846605.0
2023-07-16,Best Finance Company Ltd.,BFC,5117499.0
2023-07-13,Best Finance Company Ltd.,BFC,10476963.0
2023-07-17,Bhugol Energy Development Company Limited,BEDC,1274761.0
2023-07-16,Bhugol Energy Development Company Limited,BEDC,1164075.0
2023-07-13,Bhugol Energy Development Company Limited,BEDC,2065752.0
2023-07-17,Bindhyabasini Hydropower Development Company Limited,BHDC,1995354.0
2023-07-16,Bindhyabasini Hydropower Development Company Limited,BHDC,2433674.0
2023-07-13,Bindhyabasini Hydropower Development Company Limited,BHDC,2873622.2
2023-07-17,Bishal Bazar Company Limited,BBC,1311649.0
2023-07-16,Bishal Bazar Company Limited,BBC,341577.0
2023-07-13,Bishal Bazar Company Limited,BBC,359771.5
2023-07-17,Bottlers Nepal (Terai) Limited,BNT,556600.0
2023-07-13,Bottlers Nepal (Terai) Limited,BNT,345620.0
2023-07-17,Buddha Bhumi Nepal Hydropower Company Limited,BNHC,980912.4
2023-07-16,Buddha Bhumi Nepal Hydropower Company Limited,BNHC,385444.0
2023-07-13,Buddha Bhumi Nepal Hydropower Company Limited,BNHC,1691502.8
2023-07-17,Butwal Power Company Limited,BPCL,2674443.0
2023-07-16,Butwal Power Company Limited,BPCL,3020005.6
2023-07-13,Butwal Power Company Limited,BPCL,3799436.1
2023-07-17,CEDB Hydropower Development Company Limited,CHDC,7951429.7
2023-07-16,CEDB Hydropower Development Company Limited,CHDC,4725880.0
2023-07-13,CEDB Hydropower Development Company Limited,CHDC,18712098.0
2023-07-16,CITIZENS MUTUAL FUND 2,CMF2,1912231.1
2023-07-13,CITIZENS MUTUAL FUND 2,CMF2,746408.0
2023-07-17,CYC Nepal Laghubitta Bittiya Sanstha Limited,CYCL,14444482.4
2023-07-16,CYC Nepal Laghubitta Bittiya Sanstha Limited,CYCL,10467686.0
2023-07-13,CYC Nepal Laghubitta Bittiya Sanstha Limited,CYCL,12545518.7
2023-07-17,Central Finance Co. Ltd.,CFCL,9137120.2
2023-07-16,Central Finance Co. Ltd.,CFCL,4651974.9
2023-07-13,Central Finance Co. Ltd.,CFCL,21323784.1
2023-07-16,Century Debenture 2088,CCBD88,10229.0
2023-07-13,Century Debenture 2088,CCBD88,45513.0
2023-07-17,Chandragiri Hills Limited,CGH,11812427.4
2023-07-16,Chandragiri Hills Limited,CGH,1848589.0
2023-07-13,Chandragiri Hills Limited,CGH,3551013.0
2023-07-17,Chhimek Laghubitta Bittiya Sanstha Limited,CBBL,16984141.8
2023-07-16,Chhimek Laghubitta Bittiya Sanstha Limited,CBBL,14111750.4
2023-07-13,Chhimek Laghubitta Bittiya Sanstha Limited,CBBL,17589442.0
2023-07-17,Chhyangdi Hydropower Ltd.,CHL,1062259.5
2023-07-16,Chhyangdi Hydropower Ltd.,CHL,395308.1
2023-07-13,Chhyangdi Hydropower Ltd.,CHL,1814467.9
2023-07-17,Chilime Hydropower Company Limited,CHCL,10433964.3
2023-07-16,Chilime Hydropower Company Limited,CHCL,12267132.2
2023-07-13,Chilime Hydropower Company Limited,CHCL,75090985.0
2023-07-17,Citizen Investment Trust,CIT,24465746.4
2023-07-16,Citizen Investment Trust,CIT,21906582.5
2023-07-13,Citizen Investment Trust,CIT,32417506.5
2023-07-17,Citizens Bank International Limited,CZBIL,17152709.5
2023-07-16,Citizens Bank International Limited,CZBIL,4248751.0
2023-07-13,Citizens Bank International Limited,CZBIL,5547843.4
2023-07-17,Citizens Mutual Fund -1,CMF1,19633.0
2023-07-16,Citizens Mutual Fund -1,CMF1,272634.2
2023-07-13,Citizens Mutual Fund -1,CMF1,17821.0
2023-07-17,City Hotel Limited,CITY,19195434.2
2023-07-16,City Hotel Limited,CITY,24243439.8
2023-07-13,City Hotel Limited,CITY,34570510.4
2023-07-16,Civil Bank Debenture 2088,CBLD88,304658.0
2023-07-13,Civil Bank Debenture 2088,CBLD88,78187.0
2023-07-17,Civil Laghubitta Bittiya Sanstha Ltd.,CLBSL,1086157.7
2023-07-16,Civil Laghubitta Bittiya Sanstha Ltd.,CLBSL,225979.5
2023-07-13,Civil Laghubitta Bittiya Sanstha Ltd.,CLBSL,681798.5
2023-07-17,Corporate Development Bank Limited,CORBL,8621433.3
2023-07-16,Corporate Development Bank Limited,CORBL,4378512.0
2023-07-13,Corporate Development Bank Limited,CORBL,4420830.9
2023-07-13,Deprosc LaghuBitta Promoter Share,DDBLPO,52360000.0
2023-07-17,Deprosc Laghubitta Bittiya Sanstha Limited,DDBL,7417128.1
2023-07-16,Deprosc Laghubitta Bittiya Sanstha Limited,DDBL,6326459.4
2023-07-13,Deprosc Laghubitta Bittiya Sanstha Limited,DDBL,15566191.3
2023-07-17,Dibyashwori Hydropower Ltd.,DHPL,802614.8
2023-07-16,Dibyashwori Hydropower Ltd.,DHPL,1068192.7
2023-07-13,Dibyashwori Hydropower Ltd.,DHPL,1919037.1
2023-07-17,Dolti Power Company Limited,DOLTI,1892788.5
2023-07-16,Dolti Power Company Limited,DOLTI,1014962.0
2023-07-13,Dolti Power Company Limited,DOLTI,2103939.2
2023-07-17,Dordi Khola Jal Bidyut Company Limited,DORDI,994483.0
2023-07-16,Dordi Khola Jal Bidyut Company Limited,DORDI,1089046.2
2023-07-13,Dordi Khola Jal Bidyut Company Limited,DORDI,3184685.4
2023-07-17,Eastern Hydropower Limited,EHPL,1511434.9
2023-07-16,Eastern Hydropower Limited,EHPL,572758.1
2023-07-13,Eastern Hydropower Limited,EHPL,1045584.5
2023-07-17,Emerging Nepal Limited,ENL,828066.0
2023-07-16,Emerging Nepal Limited,ENL,612265.0
2023-07-13,Emerging Nepal Limited,ENL,1979786.1
2023-07-17,Everest Bank Limited,EBL,35622103.2
2023-07-16,Everest Bank Limited,EBL,12190367.6
2023-07-16,Everest Bank Limited,EBLD86,62947.5
2023-07-13,Everest Bank Limited,EBL,28384806.8
2023-07-13,Everest Bank Limited,EBLD86,134172.5
2023-07-17,Excel Development Bank Ltd.,EDBL,7304287.0
2023-07-16,Excel Development Bank Ltd.,EDBL,4982290.2
2023-07-13,Excel Development Bank Ltd.,EDBL,6093083.6
2023-07-17,First Micro Finance Laghubitta Bittiya Sanstha Limited,FMDBL,22511725.8
2023-07-16,First Micro Finance Laghubitta Bittiya Sanstha Limited,FMDBL,19731806.2
2023-07-13,First Micro Finance Laghubitta Bittiya Sanstha Limited,FMDBL,52067594.2
2023-07-17,Forward Microfinance Laghubitta Bittiya Sanstha Limited,FOWAD,5884021.6
2023-07-16,Forward Microfinance Laghubitta Bittiya Sanstha Limited,FOWAD,4253959.8
2023-07-13,Forward Microfinance Laghubitta Bittiya Sanstha Limited,FOWAD,12889602.9
2023-07-17,Ganapati Laghubitta Bittiya Sanstha Limited,GMFBS,300526.0
2023-07-16,Ganapati Laghubitta Bittiya Sanstha Limited,GMFBS,682310.0
2023-07-13,Ganapati Laghubitta Bittiya Sanstha Limited,GMFBS,342511.6
2023-07-17,Garima Bikas Bank Limited,GBBL,27341516.2
2023-07-16,Garima Bikas Bank Limited,GBBL,14219488.5
2023-07-13,Garima Bikas Bank Limited,GBBL,13061775.0
2023-07-17,Ghalemdi Hydro Limited,GHL,3350277.1
2023-07-16,Ghalemdi Hydro Limited,GHL,2716499.6
2023-07-13,Ghalemdi Hydro Limited,GHL,4228584.6
2023-07-17,Global IME Balanced Fund-1,GIBF1,18457.0
2023-07-16,Global IME Balanced Fund-1,GIBF1,35190.5
2023-07-13,Global IME Balanced Fund-1,GIBF1,19627.2
2023-07-17,Global IME Bank Limited,GBIME,21195041.1
2023-07-16,Global IME Bank Limited,GBIME,13232950.6
2023-07-13,Global IME Bank Limited,GBIME,15922680.0
2023-07-16,Global IME Bank Limited Debenture 2086/87,GBILD86/87,227705.5
2023-07-13,Global IME Bank Limited Debenture 2086/87,GBILD86/87,32985.0
2023-07-13,Global IME Bank Ltd. Promoter Share,GBIMEP,1030000.0
2023-07-17,Global IME Laghubitta Bittiya Sanstha Ltd.,GILB,10822348.6
2023-07-16,Global IME Laghubitta Bittiya Sanstha Ltd.,GILB,6687046.0
2023-07-13,Global IME Laghubitta Bittiya Sanstha Ltd.,GILB,5325479.0
2023-07-17,Goodwill Finance Limited,GFCL,20678284.5
2023-07-16,Goodwill Finance Limited,GFCL,3638158.0
2023-07-13,Goodwill Finance Limited,GFCL,8002401.8
2023-07-17,Grameen Bikas Laghubitta Bittiya Sanstha Ltd.,GBLBS,5880920.0
2023-07-16,Grameen Bikas Laghubitta Bittiya Sanstha Ltd.,GBLBS,5995175.2
2023-07-13,Grameen Bikas Laghubitta Bittiya Sanstha Ltd.,GBLBS,5097350.7
2023-07-17,Green Development Bank Ltd.,GRDBL,2803715.8
2023-07-16,Green Development Bank Ltd.,GRDBL,1118802.7
2023-07-13,Green Development Bank Ltd.,GRDBL,3132161.1
2023-07-17,Green Ventures Limited,GVL,6520891.8
2023-07-16,Green Ventures Limited,GVL,6866920.8
2023-07-13,Green Ventures Limited,GVL,14131749.4
2023-07-17,GreenLife Hydropower Limited,GLH,1947355.0
2023-07-16,GreenLife Hydropower Limited,GLH,983331.0
2023-07-13,GreenLife Hydropower Limited,GLH,20915568.7
2023-07-17,Guheshowori Merchant Bank & Finance Co. Ltd.,GMFIL,31851828.1
2023-07-16,Guheshowori Merchant Bank & Finance Co. Ltd.,GMFIL,12388952.9
2023-07-13,Guheshowori Merchant Bank & Finance Co. Ltd.,GMFIL,18430481.8
2023-07-17,Gurans Laghubitta Bittiya Sanstha Limited,GLBSL,353419.0
2023-07-16,Gurans Laghubitta Bittiya Sanstha Limited,GLBSL,499866.0
2023-07-13,Gurans Laghubitta Bittiya Sanstha Limited,GLBSL,275611.5
2023-07-17,Gurkhas Finance Ltd.,GUFL,13261652.8
2023-07-16,Gurkhas Finance Ltd.,GUFL,25306853.2
2023-07-13,Gurkhas Finance Ltd.,GUFL,17927653.3
2023-07-17,Himal Dolakha Hydropower Company Limited,HDHPC,6060928.9
2023-07-16,Himal Dolakha Hydropower Company Limited,HDHPC,5531943.4
2023-07-13,Himal Dolakha Hydropower Company Limited,HDHPC,18058155.0
2023-07-17,Himalaya Urja Bikas Company Limited,HURJA,7443943.2
2023-07-16,Himalaya Urja Bikas Company Limited,HURJA,5791193.0
2023-07-13,Himalaya Urja Bikas Company Limited,HURJA,14730283.9
2023-07-17,Himalayan Bank Limited,HBL,10665468.8
2023-07-16,Himalayan Bank Limited,HBL,5238008.9
2023-07-13,Himalayan Bank Limited,HBL,4006388.5
2023-07-17,Himalayan Distillery Limited,HDL,41297994.3
2023-07-16,Himalayan Distillery Limited,HDL,37645973.0
2023-07-13,Himalayan Distillery Limited,HDL,68658169.8
2023-07-17,Himalayan Everest Insurance Limited,HEI,17848914.1
2023-07-16,Himalayan Everest Insurance Limited,HEI,11621640.3
2023-07-13,Himalayan Everest Insurance Limited,HEI,22088021.9
2023-07-17,Himalayan Everest Insurance Limited Promoter,HEIP,472355.0
2023-07-16,Himalayan Everest Insurance Limited Promoter,HEIP,76274805.9
2023-07-13,Himalayan Everest Insurance Limited Promoter,HEIP,5860836.0
2023-07-17,Himalayan Hydropower Limited,HHL,1756027.0
2023-07-16,Himalayan Hydropower Limited,HHL,1339495.0
2023-07-13,Himalayan Hydropower Limited,HHL,3060342.5
2023-07-17,Himalayan Life Insurance Limited,HLI,108464899.6
2023-07-16,Himalayan Life Insurance Limited,HLI,156945064.5
2023-07-13,Himalayan Life Insurance Limited,HLI,161509096.8
2023-07-17,Himalayan Power Partner Ltd.,HPPL,3361066.7
2023-07-16,Himalayan Power Partner Ltd.,HPPL,3633701.7
2023-07-13,Himalayan Power Partner Ltd.,HPPL,12191819.7
2023-07-17,Hydorelectricity Investment and Development Company Limited Promoter,HIDCLP,5538291.8
2023-07-16,Hydorelectricity Investment and Development Company Limited Promoter,HIDCLP,1782872.1
2023-07-13,Hydorelectricity Investment and Development Company Limited Promoter,HIDCLP,7057817.7
2023-07-17,Hydorelectricity Investment and Development Company Ltd,HIDCL,24870767.3
2023-07-16,Hydorelectricity Investment and Development Company Ltd,HIDCL,28017836.8
2023-07-13,Hydorelectricity Investment and Development Company Ltd,HIDCL,20821827.8
2023-07-17,ICFC Finance Limited,ICFC,14047192.1
2023-07-16,ICFC Finance Limited,ICFC,13267644.1
2023-07-13,ICFC Finance Limited,ICFC,28643857.4
2023-07-17,IGI Prudential insurance Limited,IGI,51176163.1
2023-07-16,IGI Prudential insurance Limited,IGI,37468439.0
2023-07-13,IGI Prudential insurance Limited,IGI,64420991.5
2023-07-17,Infinity Laghubitta Bittiya Sanstha Limited,ILBS,1477489.2
2023-07-16,Infinity Laghubitta Bittiya Sanstha Limited,ILBS,1298920.0
2023-07-13,Infinity Laghubitta Bittiya Sanstha Limited,ILBS,1782597.4
2023-07-17,Ingwa Hydropower Limited,IHL,1987262.0
2023-07-16,Ingwa Hydropower Limited,IHL,991083.1
2023-07-13,Ingwa Hydropower Limited,IHL,2475140.9
2023-07-17,Jalpa Samudayik Laghubitta Bittiya Sanstha Limited,JALPA,2295916.0
2023-07-16,Jalpa Samudayik Laghubitta Bittiya Sanstha Limited,JALPA,1296720.0
2023-07-13,Jalpa Samudayik Laghubitta Bittiya Sanstha Limited,JALPA,857869.0
2023-07-17,Janaki Finance Company Limited,JFL,8689513.6
2023-07-16,Janaki Finance Company Limited,JFL,7268478.4
2023-07-13,Janaki Finance Company Limited,JFL,7084954.3
2023-07-17,Janautthan Samudayic Laghubitta Bittya Sanstha Limited,JSLBB,886968.0
2023-07-16,Janautthan Samudayic Laghubitta Bittya Sanstha Limited,JSLBB,1254212.6
2023-07-13,Janautthan Samudayic Laghubitta Bittya Sanstha Limited,JSLBB,2215734.2
2023-07-17,Jeevan Bikas Laghubitta  Bittya Sanstha Ltd,JBLB,5552716.8
2023-07-16,Jeevan Bikas Laghubitta  Bittya Sanstha Ltd,JBLB,6200397.0
2023-07-13,Jeevan Bikas Laghubitta  Bittya Sanstha Ltd,JBLB,4873334.0
2023-07-17,Joshi Hydropower Development Company Ltd,JOSHI,2974579.2
2023-07-16,Joshi Hydropower Development Company Ltd,JOSHI,2683874.6
2023-07-13,Joshi Hydropower Development Company Ltd,JOSHI,4849523.3
2023-07-17,Jyoti Bikas Bank Limited,JBBL,21068642.4
2023-07-16,Jyoti Bikas Bank Limited,JBBL,8838007.9
2023-07-13,Jyoti Bikas Bank Limited,JBBL,20574846.3
2023-07-16,Jyoti Bikash  Bank Ltd. Promoter Share,JBBLPO,3925000.0
2023-07-17,Kalika Laghubitta Bittiya Sanstha Ltd,KMCDB,911208.5
2023-07-16,Kalika Laghubitta Bittiya Sanstha Ltd,KMCDB,907602.8
2023-07-13,Kalika Laghubitta Bittiya Sanstha Ltd,KMCDB,4794132.2
2023-07-17,Kalika power Company Ltd,KPCL,1306441.7
2023-07-16,Kalika power Company Ltd,KPCL,210259.7
2023-07-13,Kalika power Company Ltd,KPCL,843697.1
2023-07-17,Kalinchowk Darshan Limited,KDL,9190921.0
2023-07-16,Kalinchowk Darshan Limited,KDL,8872177.0
2023-07-13,Kalinchowk Darshan Limited,KDL,8728421.3
2023-07-17,Kamana Sewa Bikas Bank Limited,KSBBL,34204071.9
2023-07-16,Kamana Sewa Bikas Bank Limited,KSBBL,4638194.1
2023-07-13,Kamana Sewa Bikas Bank Limited,KSBBL,14511949.1
2023-07-17,Karnali Development Bank Limited,KRBL,6051586.9
2023-07-16,Karnali Development Bank Limited,KRBL,2245262.4
2023-07-13,Karnali Development Bank Limited,KRBL,4476979.2
2023-07-17,Khanikhola Hydropower Co. Ltd.,KKHC,1239316.3
2023-07-16,Khanikhola Hydropower Co. Ltd.,KKHC,1211774.3
2023-07-13,Khanikhola Hydropower Co. Ltd.,KKHC,942897.4
2023-07-17,Kisan Lagubitta Bittiya Sanstha Limited,KLBSL,190619.1
2023-07-16,Kisan Lagubitta Bittiya Sanstha Limited,KLBSL,98592.0
2023-07-13,Kisan Lagubitta Bittiya Sanstha Limited,KLBSL,476354.6
2023-07-17,Kumari Bank Limited,KBL,37601494.9
2023-07-16,Kumari Bank Limited,KBL,29246194.4
2023-07-13,Kumari Bank Limited,KBL,18644435.5
2023-07-16,Kumari Bank Limited Promotor Share,KBLPO,1256385.0
2023-07-17,Kumari Dhanabriddhi Yojana,KDBY,128358.5
2023-07-16,Kumari Dhanabriddhi Yojana,KDBY,87706.2
2023-07-13,Kumari Dhanabriddhi Yojana,KDBY,24238.0
2023-07-17,Kumari Equity Fund,KEF,4140.0
2023-07-16,Kumari Equity Fund,KEF,1226922.25
2023-07-13,Kumari Equity Fund,KEF,343900.07
2023-07-13,Laxmi Bank Limited,LBL,3708537.6
2023-07-17,Laxmi Equity Fund,LEMF,383317.0
2023-07-16,Laxmi Equity Fund,LEMF,111094.13
2023-07-13,Laxmi Equity Fund,LEMF,859108.44
2023-07-17,Laxmi Laghubitta Bittiya Sanstha Ltd.,LLBS,481314.9
2023-07-16,Laxmi Laghubitta Bittiya Sanstha Ltd.,LLBS,950939.5
2023-07-13,Laxmi Laghubitta Bittiya Sanstha Ltd.,LLBS,1819625.7
2023-07-17,Laxmi Unnati Kosh,LUK,374467.52
2023-07-16,Laxmi Unnati Kosh,LUK,586725.0
2023-07-13,Laxmi Unnati Kosh,LUK,296086.8
2023-07-17,Liberty Energy Company Limited,LEC,1508679.0
2023-07-16,Liberty Energy Company Limited,LEC,2079211.8
2023-07-13,Liberty Energy Company Limited,LEC,8523297.9
2023-07-17,Life Insurance Corporation (Nepal) Limited,LICN,4541058.0
2023-07-16,Life Insurance Corporation (Nepal) Limited,LICN,7667750.5
2023-07-13,Life Insurance Corporation (Nepal) Limited,LICN,10127536.1
2023-07-17,Lumbini Bikas Bank Ltd.,LBBL,44403613.9
2023-07-16,Lumbini Bikas Bank Ltd.,LBBL,19400194.1
2023-07-13,Lumbini Bikas Bank Ltd.,LBBL,19246565.8
2023-07-17,Machhapuchhre Bank Limited,MBL,11413948.5
2023-07-16,Machhapuchhre Bank Limited,MBL,8239732.4
2023-07-13,Machhapuchhre Bank Limited,MBL,7498931.6
2023-07-17,Madhya Bhotekoshi Jalavidyut Company Limited,MBJC,5153521.8
2023-07-16,Madhya Bhotekoshi Jalavidyut Company Limited,MBJC,7031289.5
2023-07-13,Madhya Bhotekoshi Jalavidyut Company Limited,MBJC,9702587.3
2023-07-17,Mahalaxmi Bikas Bank Ltd.,MLBL,18112034.0
2023-07-16,Mahalaxmi Bikas Bank Ltd.,MLBL,13452010.1
2023-07-13,Mahalaxmi Bikas Bank Ltd.,MLBL,17163693.3
2023-07-16,Mahalxmi Bikas Bank Ltd. Promotor Share,MLBLPO,419280.0
2023-07-17,Mahila Lagubitta Bittiya Sanstha Limited ,MLBSL,1809821.6
2023-07-16,Mahila Lagubitta Bittiya Sanstha Limited ,MLBSL,1095730.0
2023-07-13,Mahila Lagubitta Bittiya Sanstha Limited ,MLBSL,2585566.5
2023-07-17,Mahuli Laghubitta Bittiya Sanstha Limited,MSLB,509809.5
2023-07-16,Mahuli Laghubitta Bittiya Sanstha Limited,MSLB,471342.5
2023-07-13,Mahuli Laghubitta Bittiya Sanstha Limited,MSLB,784419.6
2023-07-17,Mai Khola Hydropower Limited,MKHL,2018344.6
2023-07-16,Mai Khola Hydropower Limited,MKHL,1593222.0
2023-07-13,Mai Khola Hydropower Limited,MKHL,4703744.3
2023-07-17,Mailung Khola Jal Vidhyut Company Limited,MKJC,507375.2
2023-07-16,Mailung Khola Jal Vidhyut Company Limited,MKJC,396624.5
2023-07-13,Mailung Khola Jal Vidhyut Company Limited,MKJC,1327432.2
2023-07-17,Makar Jitumaya Suri Hydropower Limited,MAKAR,1370765.0
2023-07-16,Makar Jitumaya Suri Hydropower Limited,MAKAR,1696782.0
2023-07-13,Makar Jitumaya Suri Hydropower Limited,MAKAR,1488860.0
2023-07-17,Manakamana Smart Laghubitta Bittiya Sanstha Limited,MKLB,650203.3
2023-07-16,Manakamana Smart Laghubitta Bittiya Sanstha Limited,MKLB,328332.6
2023-07-13,Manakamana Smart Laghubitta Bittiya Sanstha Limited,MKLB,617662.0
2023-07-17,Mandakini Hydropower Limited,MHL,1027797.0
2023-07-16,Mandakini Hydropower Limited,MHL,1016424.0
2023-07-13,Mandakini Hydropower Limited,MHL,2337455.7
2023-07-17,Manjushree Finance Ltd.,MFIL,14037708.5
2023-07-16,Manjushree Finance Ltd.,MFIL,13953320.7
2023-07-13,Manjushree Finance Ltd.,MFIL,26245798.4
2023-07-17,Manushi Laghubitta Bittiya Sanstha Limited,MLBS,497798.5
2023-07-16,Manushi Laghubitta Bittiya Sanstha Limited,MLBS,197420.0
2023-07-13,Manushi Laghubitta Bittiya Sanstha Limited,MLBS,471851.0
2023-07-17,Maya Khola Hydropower Company Limited,MKHC,905911.6
2023-07-16,Maya Khola Hydropower Company Limited,MKHC,1980606.3
2023-07-13,Maya Khola Hydropower Company Limited,MKHC,2092994.0
2023-07-17,Mega Mutual Fund -1,MMF1,477174.0
2023-07-16,Mega Mutual Fund -1,MMF1,893992.55
2023-07-13,Mega Mutual Fund -1,MMF1,360568.13
2023-07-17,Menchhiyam Hydropower Limited,MCHL,1328198.5
2023-07-16,Menchhiyam Hydropower Limited,MCHL,639215.4
2023-07-13,Menchhiyam Hydropower Limited,MCHL,955916.0
2023-07-17,Mero Microfinance Bittiya Sanstha Ltd.,MERO,5577406.4
2023-07-16,Mero Microfinance Bittiya Sanstha Ltd.,MERO,1515502.6
2023-07-13,Mero Microfinance Bittiya Sanstha Ltd.,MERO,7183631.7
2023-07-17,Mirmire Laghubitta Bittya Sanstha Limited,MMFDB,1024894.5
2023-07-16,Mirmire Laghubitta Bittya Sanstha Limited,MMFDB,1346669.7
2023-07-13,Mirmire Laghubitta Bittya Sanstha Limited,MMFDB,2110397.4
2023-07-17,Miteri Development Bank Limited,MDB,1946088.3
2023-07-16,Miteri Development Bank Limited,MDB,6752094.9
2023-07-13,Miteri Development Bank Limited,MDB,8775887.4
2023-07-17,Mithila LaghuBitta Bittiya Sanstha Limited,MLBBL,529851.6
2023-07-16,Mithila LaghuBitta Bittiya Sanstha Limited,MLBBL,969665.2
2023-07-13,Mithila LaghuBitta Bittiya Sanstha Limited,MLBBL,2655047.5
2023-07-17,Modi Energy Limited,MEL,10524173.0
2023-07-16,Modi Energy Limited,MEL,9268540.5
2023-07-13,Modi Energy Limited,MEL,16292272.7
2023-07-17,Molung Hydropower Company Limited,MHCL,1586746.0
2023-07-16,Molung Hydropower Company Limited,MHCL,1303347.0
2023-07-13,Molung Hydropower Company Limited,MHCL,1823755.6
2023-07-17,Mountain Energy Nepal Limited,MEN,4548937.5
2023-07-16,Mountain Energy Nepal Limited,MEN,98491980.0
2023-07-13,Mountain Energy Nepal Limited,MEN,13937917.5
2023-07-17,Mountain Hydro Nepal Limited,MHNL,2409479.8
2023-07-16,Mountain Hydro Nepal Limited,MHNL,5269145.6
2023-07-13,Mountain Hydro Nepal Limited,MHNL,5390325.9
2023-07-17,Muktinath Bikas Bank Ltd.,MNBBL,24146170.0
2023-07-16,Muktinath Bikas Bank Ltd.,MNBBL,6226933.2
2023-07-13,Muktinath Bikas Bank Ltd.,MNBBL,12483086.1
2023-07-17,Multipurpose Finance Company  Limited,MPFL,23753846.0
2023-07-16,Multipurpose Finance Company  Limited,MPFL,8351028.6
2023-07-13,Multipurpose Finance Company  Limited,MPFL,12224502.0
2023-07-17,NABIL BALANCED FUND-2,NBF2,249502.21
2023-07-16,NABIL BALANCED FUND-2,NBF2,388888.32
2023-07-13,NABIL BALANCED FUND-2,NBF2,70444.0
2023-07-17,NESDO Sambridha Laghubitta Bittiya Sanstha Limited,NESDO,6791800.3
2023-07-16,NESDO Sambridha Laghubitta Bittiya Sanstha Limited,NESDO,2224096.3
2023-07-13,NESDO Sambridha Laghubitta Bittiya Sanstha Limited,NESDO,5172057.7
2023-07-16,NIBL Growth Fund,NIBLGF,94424.0
2023-07-13,NIBL Growth Fund,NIBLGF,13299.0
2023-07-17,NIBL Pragati Fund,NIBLPF,384137.68
2023-07-16,NIBL Pragati Fund,NIBLPF,348723.45
2023-07-13,NIBL Pragati Fund,NIBLPF,442697.5
2023-07-17,NIBL Samriddhi Fund -2,NIBSF2,10816.88
2023-07-16,NIBL Samriddhi Fund -2,NIBSF2,41380.0
2023-07-13,NIBL Samriddhi Fund -2,NIBSF2,531295.4
2023-07-17,NIC ASIA Laghubitta Bittiya Sanstha Limited,NICLBSL,3945317.4
2023-07-16,NIC ASIA Laghubitta Bittiya Sanstha Limited,NICLBSL,3358961.6
2023-07-13,NIC ASIA Laghubitta Bittiya Sanstha Limited,NICLBSL,10853831.5
2023-07-17,NIC Asia Balanced Fund,NICBF,228580.0
2023-07-16,NIC Asia Balanced Fund,NICBF,863622.0
2023-07-13,NIC Asia Balanced Fund,NICBF,443585.38
2023-07-17,NIC Asia Bank Ltd.,NICA,44687582.3
2023-07-16,NIC Asia Bank Ltd.,NICA,38720419.3
2023-07-13,NIC Asia Bank Ltd.,NICA,31822025.3
2023-07-16,NIC Asia Flexi CAP Fund,NICFC,11730.0
2023-07-13,NIC Asia Flexi CAP Fund,NICFC,46809.42
2023-07-17,NIC Asia Growth Fund,NICGF,79684.52
2023-07-16,NIC Asia Growth Fund,NICGF,59243.0
2023-07-13,NIC Asia Growth Fund,NICGF,308080.6
2023-07-17,NIC Asia Select Fund 30,NICSF,72921.0
2023-07-16,NIC Asia Select Fund 30,NICSF,1408147.5
2023-07-13,NIC Asia Select Fund 30,NICSF,239153.0
2023-07-17,NLG Insurance Company Ltd.,NLG,15742364.8
2023-07-16,NLG Insurance Company Ltd.,NLG,22665683.3
2023-07-13,NLG Insurance Company Ltd.,NLG,36194218.8
2023-07-17,NMB  Microfinance Bittiya Sanstha Ltd.,NMBMF,1701846.9
2023-07-16,NMB  Microfinance Bittiya Sanstha Ltd.,NMBMF,695768.0
2023-07-13,NMB  Microfinance Bittiya Sanstha Ltd.,NMBMF,1477333.4
2023-07-17,NMB 50,NMB50,29497.0
2023-07-16,NMB 50,NMB50,60315.0
2023-07-13,NMB 50,NMB50,843922.1
2023-07-17,NMB Bank Limited,NMB,17654854.3
2023-07-16,NMB Bank Limited,NMB,10750790.5
2023-07-13,NMB Bank Limited,NMB,9832983.8
2023-07-17,NMB Debenture 8.50% - 2087/88,NMBD87/88,11847.0
2023-07-13,NMB Debenture 8.50% - 2087/88,NMBD87/88,12088.5
2023-07-17,NMB Hybrid Fund L-1,NMBHF1,398165.0
2023-07-16,NMB Hybrid Fund L-1,NMBHF1,116756.6
2023-07-13,NMB Hybrid Fund L-1,NMBHF1,363064.0
2023-07-17,NMB Sulav Investment Fund - 2,NSIF2,2551475.0
2023-07-16,NMB Sulav Investment Fund - 2,NSIF2,10860.4
2023-07-13,NMB Sulav Investment Fund - 2,NSIF2,45139.0
2023-07-17,NRN Infrastructure and Development Limited,NRN,11416405.2
2023-07-16,NRN Infrastructure and Development Limited,NRN,10270758.7
2023-07-13,NRN Infrastructure and Development Limited,NRN,11232333.5
2023-07-17,Nabil Balanced Fund-3,NBF3,410022.9
2023-07-16,Nabil Balanced Fund-3,NBF3,321099.7
2023-07-13,Nabil Balanced Fund-3,NBF3,199978.5
2023-07-17,Nabil Bank Limited,NABIL,44868342.9
2023-07-16,Nabil Bank Limited,NABIL,43608617.0
2023-07-13,Nabil Bank Limited,NABIL,39318126.2
2023-07-17,Nabil Debenture 2085,NBLD85,301970.5
2023-07-16,Nabil Debenture 2085,NBLD85,67750.0
2023-07-13,Nabil Debenture 2085,NBLD85,33233.0
2023-07-17,Nabil Equity Fund,NEF,76008.56
2023-07-16,Nabil Equity Fund,NEF,312207.24
2023-07-13,Nabil Equity Fund,NEF,177693.66
2023-07-17,Nadep Laghubittiya bittya Sanstha Ltd.,NADEP,1943341.3
2023-07-16,Nadep Laghubittiya bittya Sanstha Ltd.,NADEP,1420998.0
2023-07-13,Nadep Laghubittiya bittya Sanstha Ltd.,NADEP,4593379.4
2023-07-17,Narayani Development Bank Limited,NABBC,854287.8
2023-07-16,Narayani Development Bank Limited,NABBC,844524.0
2023-07-13,Narayani Development Bank Limited,NABBC,3410393.3
2023-07-17,National Hydro Power Company Limited,NHPC,8743853.5
2023-07-16,National Hydro Power Company Limited,NHPC,7097013.2
2023-07-13,National Hydro Power Company Limited,NHPC,21490180.9
2023-07-17,National Life Insurance Co. Ltd.,NLICL,13496216.1
2023-07-16,National Life Insurance Co. Ltd.,NLICL,16711078.9
2023-07-13,National Life Insurance Co. Ltd.,NLICL,15727865.6
2023-07-13,National Microfinance Laghubitta Bittiya Sanstha Limited,NMFBS,1969200.6
2023-07-13,Naya Sarathi Laghubitta Bittiya Sanstha Limited,NSLB,406103.0
2023-07-17,Neco Insurance Limited,NIL,7372439.9
2023-07-16,Neco Insurance Limited,NIL,12396475.4
2023-07-13,Neco Insurance Limited,NIL,9318234.5
2023-07-17,Nepal Bank Limited,NBL,17247462.8
2023-07-16,Nepal Bank Limited,NBL,14951077.7
2023-07-13,Nepal Bank Limited,NBL,21930367.4
2023-07-17,Nepal Doorsanchar Company Limited,NTC,33141391.5
2023-07-16,Nepal Doorsanchar Company Limited,NTC,22498317.9
2023-07-13,Nepal Doorsanchar Company Limited,NTC,118448514.5
2023-07-17,Nepal Finance Ltd.,NFS,19334141.2
2023-07-16,Nepal Finance Ltd.,NFS,20065981.3
2023-07-13,Nepal Finance Ltd.,NFS,22168420.1
2023-07-17,Nepal Hydro Developers Ltd.,NHDL,1211624.4
2023-07-16,Nepal Hydro Developers Ltd.,NHDL,534598.0
2023-07-13,Nepal Hydro Developers Ltd.,NHDL,2579132.9
2023-07-17,Nepal Infrastructure Bank Limited,NIFRA,45696295.3
2023-07-16,Nepal Infrastructure Bank Limited,NIFRA,38640019.8
2023-07-13,Nepal Infrastructure Bank Limited,NIFRA,26605585.0
2023-07-17,Nepal Insurance Co. Ltd.,NICL,18658304.0
2023-07-16,Nepal Insurance Co. Ltd.,NICL,27286057.6
2023-07-13,Nepal Insurance Co. Ltd.,NICL,15224064.3
2023-07-17,Nepal Investment Mega Bank Limited,NIMB,26464862.7
2023-07-16,Nepal Investment Mega Bank Limited,NIMB,24162488.2
2023-07-13,Nepal Investment Mega Bank Limited,NIMB,27053841.9
2023-07-17,Nepal Investment Mega Bank Ltd. Promoter Share,NIMBPO,1492407.6
2023-07-16,Nepal Investment Mega Bank Ltd. Promoter Share,NIMBPO,50241132.5
2023-07-13,Nepal Investment Mega Bank Ltd. Promoter Share,NIMBPO,2797611.0
2023-07-17,Nepal Life Insurance Co. Ltd.,NLIC,38219818.2
2023-07-16,Nepal Life Insurance Co. Ltd.,NLIC,19020036.9
2023-07-13,Nepal Life Insurance Co. Ltd.,NLIC,34370148.1
2023-07-16,Nepal Lube Oil Limited,NLO,3915.0
2023-07-17,Nepal Reinsurance Company Limited,NRIC,14272550.5
2023-07-16,Nepal Reinsurance Company Limited,NRIC,14708407.1
2023-07-13,Nepal Reinsurance Company Limited,NRIC,23132738.2
2023-07-17,Nepal SBI Bank Limited,SBI,18003135.5
2023-07-16,Nepal SBI Bank Limited,SBI,19587121.7
2023-07-13,Nepal SBI Bank Limited,SBI,16667381.2
2023-07-17,Nerude Laghubitta Bittiya Sanstha Limited,NLBBL,4572086.4
2023-07-16,Nerude Laghubitta Bittiya Sanstha Limited,NLBBL,2930143.0
2023-07-13,Nerude Laghubitta Bittiya Sanstha Limited,NLBBL,6648468.4
2023-07-17,Ngadi Group Power Ltd.,NGPL,8686154.0
2023-07-16,Ngadi Group Power Ltd.,NGPL,14771425.4
2023-07-13,Ngadi Group Power Ltd.,NGPL,28526850.2
2023-07-17,Nirdhan Utthan Laghubitta Bittiya Sanstha Limited,NUBL,9855453.3
2023-07-16,Nirdhan Utthan Laghubitta Bittiya Sanstha Limited,NUBL,11771250.5
2023-07-13,Nirdhan Utthan Laghubitta Bittiya Sanstha Limited,NUBL,10289183.8
2023-07-17,Nyadi Hydropower Limited,NYADI,570204.0
2023-07-16,Nyadi Hydropower Limited,NYADI,329853.3
2023-07-13,Nyadi Hydropower Limited,NYADI,2114654.4
2023-07-17,Oriental Hotels Limited,OHL,28578123.7
2023-07-16,Oriental Hotels Limited,OHL,13511428.9
2023-07-13,Oriental Hotels Limited,OHL,25255291.5
2023-07-17,Panchakanya Mai Hydropower Ltd,PMHPL,1161519.3
2023-07-16,Panchakanya Mai Hydropower Ltd,PMHPL,890316.5
2023-07-13,Panchakanya Mai Hydropower Ltd,PMHPL,5004490.6
2023-07-17,Panchthar Power Compant Limited,PPCL,4033474.5
2023-07-16,Panchthar Power Compant Limited,PPCL,3650683.3
2023-07-13,Panchthar Power Compant Limited,PPCL,17740978.6
2023-07-17,People's Power Limited,PPL,1279669.0
2023-07-16,People's Power Limited,PPL,1813362.3
2023-07-13,People's Power Limited,PPL,2289309.6
2023-07-17,Peoples Hydropower Company Limited,PHCL,5617222.0
2023-07-16,Peoples Hydropower Company Limited,PHCL,4245926.0
2023-07-13,Peoples Hydropower Company Limited,PHCL,24019499.0
2023-07-17,Pokhara Finance Ltd.,PFL,6738892.0
2023-07-16,Pokhara Finance Ltd.,PFL,2495888.4
2023-07-13,Pokhara Finance Ltd.,PFL,9694942.1
2023-07-17,Prabhu  Bank Limited,PRVU,26958781.2
2023-07-16,Prabhu  Bank Limited,PRVU,22015259.7
2023-07-13,Prabhu  Bank Limited,PRVU,29574574.6
2023-07-16,Prabhu  Bank Limited Promoter Share,PRVUPO,15599822.0
2023-07-13,Prabhu  Bank Limited Promoter Share,PRVUPO,17996310.0
2023-07-17,Prabhu Insurance Ltd.,PRIN,29756869.3
2023-07-16,Prabhu Insurance Ltd.,PRIN,26027779.4
2023-07-13,Prabhu Insurance Ltd.,PRIN,17040131.4
2023-07-13,Prabhu Life Insurance Limited,PLI,16938180.7
2023-07-17,Prabhu Select Fund,PSF,573921.1
2023-07-16,Prabhu Select Fund,PSF,678359.5
2023-07-13,Prabhu Select Fund,PSF,2159418.78
2023-07-17,Prabhu Smart Fund,PRSF,3094326.0
2023-07-16,Prabhu Smart Fund,PRSF,1005202.7
2023-07-13,Prabhu Smart Fund,PRSF,312474.0
2023-07-17,Prime Commercial Bank Ltd.,PCBL,16871871.4
2023-07-16,Prime Commercial Bank Ltd.,PCBL,14611029.3
2023-07-13,Prime Commercial Bank Ltd.,PCBL,9800503.8
2023-07-13,Prime Commercial Bank Promoter Share,PCBLP,3675000.0
2023-07-17,Progressive Finance Limited,PROFL,23708262.3
2023-07-16,Progressive Finance Limited,PROFL,15776418.6
2023-07-13,Progressive Finance Limited,PROFL,23543855.4
2023-07-17,RASUWAGADHI HYDROPOWER COMPANY LIMITED,RHPL,2983311.0
2023-07-16,RASUWAGADHI HYDROPOWER COMPANY LIMITED,RHPL,4083838.7
2023-07-13,RASUWAGADHI HYDROPOWER COMPANY LIMITED,RHPL,9974413.1
2023-07-17,RBB Mutual Fund 1,RMF1,2136642.44
2023-07-16,RBB Mutual Fund 1,RMF1,447357.6
2023-07-13,RBB Mutual Fund 1,RMF1,500877.95
2023-07-17,RSDC Laghubitta Bittiya Sanstha Ltd.,RSDC,14655264.3
2023-07-16,RSDC Laghubitta Bittiya Sanstha Ltd.,RSDC,3259779.7
2023-07-13,RSDC Laghubitta Bittiya Sanstha Ltd.,RSDC,7735184.2
2023-07-17,Radhi Bidyut Company Ltd,RADHI,4440909.9
2023-07-16,Radhi Bidyut Company Ltd,RADHI,7744198.5
2023-07-13,Radhi Bidyut Company Ltd,RADHI,20484480.5
2023-07-17,Rapti Hydro And General Construction Limited,RHGCL,2755216.7
2023-07-16,Rapti Hydro And General Construction Limited,RHGCL,1350470.8
2023-07-13,Rapti Hydro And General Construction Limited,RHGCL,2801360.5
2023-07-13,Rastra Utthan Laghubitta Sanstha Limited,RULB,2590242.0
2023-07-17,Rastriya Beema Company Limited,RBCL,18616745.0
2023-07-16,Rastriya Beema Company Limited,RBCL,15996540.1
2023-07-13,Rastriya Beema Company Limited,RBCL,10284084.3
2023-07-16,Rastriya Beema Company Limited Promoter Share,RBCLPO,37668393.0
2023-07-13,Rastriya Beema Company Limited Promoter Share,RBCLPO,28980320.0
2023-07-17,Rawa Energy Development Limited,RAWA,2864496.0
2023-07-16,Rawa Energy Development Limited,RAWA,3961376.5
2023-07-13,Rawa Energy Development Limited,RAWA,6528373.1
2023-07-17,Reliance Finance Ltd.,RLFL,20121616.1
2023-07-16,Reliance Finance Ltd.,RLFL,21381433.1
2023-07-13,Reliance Finance Ltd.,RLFL,20508228.3
2023-07-13,Reliance Finance Ltd. Promoter Share,RLFLPO,4441040.0
2023-07-17,Ridi Power Company Limited,RIDI,5777858.9
2023-07-16,Ridi Power Company Limited,RIDI,7494578.2
2023-07-13,Ridi Power Company Limited,RIDI,20190516.5
2023-07-17,River Falls Power Limited,RFPL,2501299.0
2023-07-16,River Falls Power Limited,RFPL,1027453.0
2023-07-13,River Falls Power Limited,RFPL,2509088.6
2023-07-17,Ru Ru Jalbidhyut Pariyojana Limited,RURU,501494.0
2023-07-16,Ru Ru Jalbidhyut Pariyojana Limited,RURU,67066.4
2023-07-13,Ru Ru Jalbidhyut Pariyojana Limited,RURU,716198.2
2023-07-17,SANJEN JALAVIDHYUT COMPANY LIMITED,SJCL,3714839.4
2023-07-16,SANJEN JALAVIDHYUT COMPANY LIMITED,SJCL,2557728.5
2023-07-13,SANJEN JALAVIDHYUT COMPANY LIMITED,SJCL,7130745.5
2023-07-17,SHIVAM CEMENTS LTD,SHIVM,148619455.1
2023-07-16,SHIVAM CEMENTS LTD,SHIVM,191311372.9
2023-07-13,SHIVAM CEMENTS LTD,SHIVM,237593348.6
2023-07-17,Sabaiko Laghubitta Bittiya Sanstha Limited,SABSL,425034.4
2023-07-16,Sabaiko Laghubitta Bittiya Sanstha Limited,SABSL,480085.4
2023-07-13,Sabaiko Laghubitta Bittiya Sanstha Limited,SABSL,2034044.5
2023-07-17,Sadhana Laghubitta Bittiya Sanstha Limited,SDLBSL,344990.2
2023-07-16,Sadhana Laghubitta Bittiya Sanstha Limited,SDLBSL,165255.8
2023-07-13,Sadhana Laghubitta Bittiya Sanstha Limited,SDLBSL,363102.6
2023-07-17,Sagarmatha Jalabidhyut Company Limited,SMJC,3343087.0
2023-07-16,Sagarmatha Jalabidhyut Company Limited,SMJC,2841075.9
2023-07-13,Sagarmatha Jalabidhyut Company Limited,SMJC,6314677.3
2023-07-17,Sagarmatha Lumbini Insurance Co. Limited,SALICO,15425563.4
2023-07-16,Sagarmatha Lumbini Insurance Co. Limited,SALICO,12497135.5
2023-07-13,Sagarmatha Lumbini Insurance Co. Limited,SALICO,26400449.9
2023-07-17,Sahas Urja Limited,SAHAS,3643148.0
2023-07-16,Sahas Urja Limited,SAHAS,3829925.0
2023-07-13,Sahas Urja Limited,SAHAS,8019359.4
2023-07-17,Salt Trading Corporation,STC,6418262.0
2023-07-16,Salt Trading Corporation,STC,19295180.2
2023-07-13,Salt Trading Corporation,STC,4719269.0
2023-07-17,Samaj Laghubittya Bittiya Sanstha Limited,SAMAJ,1525.1
2023-07-17,Samata Gharelu Laghubitta Bittiya Sanstha Limited,SMATA,1192655.1
2023-07-16,Samata Gharelu Laghubitta Bittiya Sanstha Limited,SMATA,824675.2
2023-07-13,Samata Gharelu Laghubitta Bittiya Sanstha Limited,SMATA,1208294.0
2023-07-17,Samling Power Company Limited,SPC,385481.0
2023-07-16,Samling Power Company Limited,SPC,150277.0
2023-07-13,Samling Power Company Limited,SPC,982071.9
2023-07-17,Samriddhi Finance Company Limited,SFCL,11498854.7
2023-07-16,Samriddhi Finance Company Limited,SFCL,6394401.9
2023-07-13,Samriddhi Finance Company Limited,SFCL,17719882.2
2023-07-17,Samudayik Laghubitta Bittiya Sanstha Limited,SLBSL,241485.0
2023-07-16,Samudayik Laghubitta Bittiya Sanstha Limited,SLBSL,40191.9
2023-07-13,Samudayik Laghubitta Bittiya Sanstha Limited,SLBSL,165529.0
2023-07-17,Sanima Bank Limited,SANIMA,39945794.4
2023-07-16,Sanima Bank Limited,SANIMA,9198248.9
2023-07-13,Sanima Bank Limited,SANIMA,38122770.1
2023-07-17,Sanima Equity Fund,SAEF,187451.25
2023-07-16,Sanima Equity Fund,SAEF,559621.0
2023-07-13,Sanima Equity Fund,SAEF,680139.0
2023-07-17,Sanima GIC Insurance Limited,SGIC,8003786.4
2023-07-16,Sanima GIC Insurance Limited,SGIC,12584588.1
2023-07-13,Sanima GIC Insurance Limited,SGIC,14018038.2
2023-07-17,Sanima Growth Fund,SAGF,16327.2
2023-07-16,Sanima Growth Fund,SAGF,132058.5
2023-07-13,Sanima Growth Fund,SAGF,23711.0
2023-07-17,Sanima Large Cap Fund,SLCF,9364.0
2023-07-16,Sanima Large Cap Fund,SLCF,614553.79
2023-07-13,Sanima Large Cap Fund,SLCF,83032.0
2023-07-17,Sanima Mai Hydropower Ltd.,SHPC,12920706.1
2023-07-16,Sanima Mai Hydropower Ltd.,SHPC,14309455.9
2023-07-13,Sanima Mai Hydropower Ltd.,SHPC,27580604.2
2023-07-17,Sanima Middle Tamor Hydropower Limited,TAMOR,4154878.7
2023-07-16,Sanima Middle Tamor Hydropower Limited,TAMOR,3557333.0
2023-07-13,Sanima Middle Tamor Hydropower Limited,TAMOR,7378816.6
2023-07-17,Sanima Reliance Life Insurance Limited,SRLI,20135864.8
2023-07-16,Sanima Reliance Life Insurance Limited,SRLI,11697834.8
2023-07-13,Sanima Reliance Life Insurance Limited,SRLI,22310289.2
2023-07-17,Saptakoshi Development Bank Ltd,SAPDBL,3328285.7
2023-07-16,Saptakoshi Development Bank Ltd,SAPDBL,2014936.1
2023-07-13,Saptakoshi Development Bank Ltd,SAPDBL,4263506.0
2023-07-17,Sayapatri Hydropower Limited,SPHL,665185.0
2023-07-16,Sayapatri Hydropower Limited,SPHL,158760.0
2023-07-13,Sayapatri Hydropower Limited,SPHL,965256.8
2023-07-16,Shangri-la Development Bank Debenture 2087,SDBD87,8645.0
2023-07-13,Shangri-la Development Bank Debenture 2087,SDBD87,42380.0
2023-07-17,Shangrila Development Bank Ltd.,SADBL,41455446.3
2023-07-16,Shangrila Development Bank Ltd.,SADBL,10181701.6
2023-07-13,Shangrila Development Bank Ltd.,SADBL,18608769.7
2023-07-17,Shikhar Insurance Co. Ltd.,SICL,14505196.7
2023-07-16,Shikhar Insurance Co. Ltd.,SICL,17205195.7
2023-07-13,Shikhar Insurance Co. Ltd.,SICL,16274242.9
2023-07-17,Shine Resunga Development Bank Ltd.,SHINE,77513672.3
2023-07-16,Shine Resunga Development Bank Ltd.,SHINE,17566913.5
2023-07-13,Shine Resunga Development Bank Ltd.,SHINE,37132636.7
2023-07-17,Shiva Shree Hydropower Ltd,SSHL,10404563.7
2023-07-16,Shiva Shree Hydropower Ltd,SSHL,13008672.9
2023-07-13,Shiva Shree Hydropower Ltd,SSHL,26135220.0
2023-07-17,Shree Investment Finance Co. Ltd.,SIFC,7894598.3
2023-07-16,Shree Investment Finance Co. Ltd.,SIFC,4293127.5
2023-07-13,Shree Investment Finance Co. Ltd.,SIFC,11452948.8
2023-07-17,Shrijanshil Laghubitta Bittiya Sanstha Limited,SHLB,3060873.0
2023-07-16,Shrijanshil Laghubitta Bittiya Sanstha Limited,SHLB,2631814.1
2023-07-13,Shrijanshil Laghubitta Bittiya Sanstha Limited,SHLB,2517929.0
2023-07-17,Shuvam Power Limited,SPL,3219991.0
2023-07-16,Shuvam Power Limited,SPL,4872983.5
2023-07-13,Shuvam Power Limited,SPL,4641554.5
2023-07-17,Siddhartha Bank Limited,SBL,24370138.4
2023-07-16,Siddhartha Bank Limited,SBL,23780954.4
2023-07-13,Siddhartha Bank Limited,SBL,7140716.5
2023-07-17,Siddhartha Equity Fund,SEF,50880.0
2023-07-16,Siddhartha Equity Fund,SEF,16125.0
2023-07-13,Siddhartha Equity Fund,SEF,214411.04
2023-07-17,Siddhartha Investment Growth Scheme - 2,SIGS2,368861.0
2023-07-16,Siddhartha Investment Growth Scheme - 2,SIGS2,145147.25
2023-07-13,Siddhartha Investment Growth Scheme - 2,SIGS2,805711.0
2023-07-17,Siddhartha Premier Insurance Limited,SPIL,34940459.2
2023-07-16,Siddhartha Premier Insurance Limited,SPIL,20832678.2
2023-07-13,Siddhartha Premier Insurance Limited,SPIL,52823156.7
2023-07-17,Sikles Hydropower Limited,SIKLES,1029579.0
2023-07-16,Sikles Hydropower Limited,SIKLES,461208.0
2023-07-13,Sikles Hydropower Limited,SIKLES,1524855.0
2023-07-17,Sindhu Bikash Bank Ltd,SINDU,3127054.5
2023-07-16,Sindhu Bikash Bank Ltd,SINDU,1591119.3
2023-07-13,Sindhu Bikash Bank Ltd,SINDU,4500108.8
2023-07-17,Singati Hydro Energy Limited,SHEL,946861.5
2023-07-16,Singati Hydro Energy Limited,SHEL,437862.0
2023-07-13,Singati Hydro Energy Limited,SHEL,1317403.9
2023-07-17,Soaltee Hotel Limited,SHL,77332248.0
2023-07-16,Soaltee Hotel Limited,SHL,54487518.7
2023-07-13,Soaltee Hotel Limited,SHL,179294561.9
2023-07-17,Standard Chartered Bank Limited,SCB,12774592.1
2023-07-16,Standard Chartered Bank Limited,SCB,11140323.4
2023-07-13,Standard Chartered Bank Limited,SCB,6922633.4
2023-07-13,Summit Laghubitta Bittiya Sanstha Limited,SMFDB,2508331.7
2023-07-13,Sunrise Bank Limited,SRBL,7714872.3
2023-07-17,Sunrise Bluechip Fund,SBCF,19194.0
2023-07-16,Sunrise Bluechip Fund,SBCF,697581.28
2023-07-13,Sunrise Bluechip Fund,SBCF,262599.94
2023-07-17,Sunrise First Mutual Fund,SFMF,140074.0
2023-07-16,Sunrise First Mutual Fund,SFMF,99749.48
2023-07-13,Sunrise First Mutual Fund,SFMF,191450.0
2023-07-17,Sunrise Focused Equity Fund,SFEF,986878.85
2023-07-16,Sunrise Focused Equity Fund,SFEF,72180.33
2023-07-13,Sunrise Focused Equity Fund,SFEF,167397.6
2023-07-17,Super Madi Hydropower Limited,SMHL,2006679.0
2023-07-16,Super Madi Hydropower Limited,SMHL,2426995.5
2023-07-13,Super Madi Hydropower Limited,SMHL,2504473.0
2023-07-17,Super Mai Hydropower Limited,SMH,867739.0
2023-07-16,Super Mai Hydropower Limited,SMH,2632309.8
2023-07-13,Super Mai Hydropower Limited,SMH,3237594.5
2023-07-17,Support Microfinance Bittiya Sanstha Ltd.,SMB,237121.0
2023-07-16,Support Microfinance Bittiya Sanstha Ltd.,SMB,42786.6
2023-07-13,Support Microfinance Bittiya Sanstha Ltd.,SMB,486824.0
2023-07-17,SuryaJyoti Life Insurance Company Limited,SJLIC,26480422.1
2023-07-16,SuryaJyoti Life Insurance Company Limited,SJLIC,26293965.3
2023-07-13,SuryaJyoti Life Insurance Company Limited,SJLIC,36653762.1
2023-07-17,Suryodaya Womi Laghubitta Bittiya Sanstha Limited,SWMF,3683835.0
2023-07-16,Suryodaya Womi Laghubitta Bittiya Sanstha Limited,SWMF,3264942.4
2023-07-13,Suryodaya Womi Laghubitta Bittiya Sanstha Limited,SWMF,2879698.0
2023-07-17,Swabalamban Laghubitta Bittiya Sanstha Limited,SWBBL,31195608.4
2023-07-16,Swabalamban Laghubitta Bittiya Sanstha Limited,SWBBL,19030660.7
2023-07-13,Swabalamban Laghubitta Bittiya Sanstha Limited,SWBBL,8475729.5
2023-07-17,Swabhimaan Laghubitta Bittiya Sanstha Limited,SMFBS,536098.0
2023-07-16,Swabhimaan Laghubitta Bittiya Sanstha Limited,SMFBS,439964.0
2023-07-13,Swabhimaan Laghubitta Bittiya Sanstha Limited,SMFBS,940159.0
2023-07-17,Swarojgar Laghu Bitta Bikas Bank Ltd.,SLBBL,5240331.9
2023-07-16,Swarojgar Laghu Bitta Bikas Bank Ltd.,SLBBL,3460969.4
2023-07-13,Swarojgar Laghu Bitta Bikas Bank Ltd.,SLBBL,7431286.5
2023-07-17,Swet-Ganga Hydropower & Construction Limited ,SGHC,1697235.0
2023-07-16,Swet-Ganga Hydropower & Construction Limited ,SGHC,2057959.3
2023-07-13,Swet-Ganga Hydropower & Construction Limited ,SGHC,2744300.5
2023-07-17,Synergy Power Development Ltd.,SPDL,4268097.3
2023-07-16,Synergy Power Development Ltd.,SPDL,2892113.7
2023-07-13,Synergy Power Development Ltd.,SPDL,9740113.0
2023-07-17,Taragaon Regency Hotel Limited,TRH,32738442.8
2023-07-16,Taragaon Regency Hotel Limited,TRH,15308640.6
2023-07-13,Taragaon Regency Hotel Limited,TRH,25620812.8
2023-07-17,Terhathum Power Company Limited,TPC,853619.0
2023-07-16,Terhathum Power Company Limited,TPC,162618.6
2023-07-13,Terhathum Power Company Limited,TPC,1735605.4
2023-07-17,UNIVERSAL POWER COMPANY LTD,UPCL,11718765.1
2023-07-16,UNIVERSAL POWER COMPANY LTD,UPCL,7808462.4
2023-07-13,UNIVERSAL POWER COMPANY LTD,UPCL,19905222.8
2023-07-17,Unilever Nepal Limited,UNL,11193556.0
2023-07-16,Unilever Nepal Limited,UNL,1316870.0
2023-07-13,Unilever Nepal Limited,UNL,3545860.0
2023-07-17,Union Hydropower Limited,UNHPL,4330540.8
2023-07-16,Union Hydropower Limited,UNHPL,3264365.6
2023-07-13,Union Hydropower Limited,UNHPL,4051430.4
2023-07-17,Unique Nepal Laghubitta Bittiya Sanstha Limited,UNLB,1754525.2
2023-07-16,Unique Nepal Laghubitta Bittiya Sanstha Limited,UNLB,2055592.0
2023-07-13,Unique Nepal Laghubitta Bittiya Sanstha Limited,UNLB,3749807.0
2023-07-17,United Ajod Insurance Limited,UAIL,1363372.3
2023-07-17,United IDI Mardi RB Hydropower Limited.,UMRH,1177750.1
2023-07-16,United IDI Mardi RB Hydropower Limited.,UMRH,531686.1
2023-07-13,United IDI Mardi RB Hydropower Limited.,UMRH,2042174.0
2023-07-17,United Modi Hydropower Ltd.,UMHL,4526744.5
2023-07-16,United Modi Hydropower Ltd.,UMHL,5905983.6
2023-07-13,United Modi Hydropower Ltd.,UMHL,7436153.5
2023-07-17,Unnati Sahakarya Laghubitta Bittiya Sanstha Limited,USLB,265801.0
2023-07-16,Unnati Sahakarya Laghubitta Bittiya Sanstha Limited,USLB,175519.0
2023-07-13,Unnati Sahakarya Laghubitta Bittiya Sanstha Limited,USLB,258980.0
2023-07-17,Upakar Laghubitta Bittiya Sanstha Limited,ULBSL,545223.8
2023-07-16,Upakar Laghubitta Bittiya Sanstha Limited,ULBSL,919396.2
2023-07-13,Upakar Laghubitta Bittiya Sanstha Limited,ULBSL,4223560.2
2023-07-17,Upper Hewakhola Hydropower Company Limited,UHEWA,1460342.0
2023-07-16,Upper Hewakhola Hydropower Company Limited,UHEWA,1225202.2
2023-07-13,Upper Hewakhola Hydropower Company Limited,UHEWA,2959151.8
2023-07-17,Upper Solu Hydro Electric Company Limited,USHEC,614368.0
2023-07-16,Upper Solu Hydro Electric Company Limited,USHEC,675984.5
2023-07-13,Upper Solu Hydro Electric Company Limited,USHEC,1628454.0
2023-07-17,Upper Tamakoshi Hydropower Ltd,UPPER,11363131.6
2023-07-16,Upper Tamakoshi Hydropower Ltd,UPPER,16581372.9
2023-07-13,Upper Tamakoshi Hydropower Ltd,UPPER,33591960.3
2023-07-13,Vijaya laghubitta Bittiya Sanstha Ltd.,VLBS,1301449.0
2023-07-17,Wean Nepal Laghubitta Bittiya Sanstha Limited,WNLB,222706.0
2023-07-16,Wean Nepal Laghubitta Bittiya Sanstha Limited,WNLB,32180.0
2023-07-13,Wean Nepal Laghubitta Bittiya Sanstha Limited,WNLB,290580.0
